/*******************************************************************************
 * Size: 100 px
 * Bpp: 1
 * Opts: --no-compress --bpp 1 --size 100 --format lvgl --font c:\windows\fonts\Anton-Regular.ttf -r 0x0-0xff --lv-include lvgl.h -o anton.c
 ******************************************************************************/

#ifdef LV_LVGL_H_INCLUDE_SIMPLE
#include "lvgl.h"
#else
#include "lvgl.h"
#endif

#ifndef ANTON
#define ANTON 1
#endif

#if ANTON

/*-----------------
 *    BITMAPS
 *----------------*/

/*Store the image of the glyphs*/
static LV_ATTRIBUTE_LARGE_CONST const uint8_t glyph_bitmap[] = {
    /* U+0000 "\u0000" */
    0x0,

    /* U+000D "\r" */
    0x0,

    /* U+0020 " " */
    0x0,

    /* U+0021 "!" */
    0xff, 0xff, 0xff, 0xff, 0xff, 0xff, 0xff, 0xff,
    0xff, 0xff, 0xff, 0xff, 0xff, 0xff, 0xff, 0xff,
    0xff, 0xff, 0xff, 0xff, 0xdf, 0xff, 0xe7, 0xff,
    0xf9, 0xff, 0xfe, 0x7f, 0xff, 0x9f, 0xff, 0xe7,
    0xff, 0xf9, 0xff, 0xfe, 0x7f, 0xff, 0x9f, 0xff,
    0xe7, 0xff, 0xf9, 0xff, 0xfe, 0x7f, 0xff, 0x9f,
    0xff, 0xe7, 0xff, 0xf9, 0xff, 0xfe, 0x7f, 0xff,
    0x9f, 0xff, 0xe7, 0xff, 0xf8, 0xff, 0xfc, 0x3f,
    0xff, 0xf, 0xff, 0xc3, 0xff, 0xf0, 0xff, 0xfc,
    0x3f, 0xff, 0xf, 0xff, 0xc3, 0xff, 0xf0, 0xff,
    0xfc, 0x3f, 0xff, 0xf, 0xff, 0xc3, 0xff, 0xf0,
    0xff, 0xfc, 0x3f, 0xff, 0xf, 0xff, 0xc3, 0xff,
    0xf0, 0xff, 0xfc, 0x1f, 0xfe, 0x7, 0xff, 0x81,
    0xff, 0xe0, 0x7f, 0xf8, 0x1f, 0xfe, 0x7, 0xff,
    0x81, 0xff, 0xe0, 0x7f, 0xf8, 0x1f, 0xfe, 0x7,
    0xff, 0x81, 0xff, 0xe0, 0x7f, 0xf8, 0x1f, 0xfe,
    0x7, 0xff, 0x81, 0xff, 0xe0, 0x7f, 0xf8, 0x1f,
    0xfe, 0x7, 0xff, 0x80, 0x0, 0x0, 0x0, 0x0,
    0x0, 0x0, 0x0, 0x0, 0x0, 0x0, 0x0, 0x0,
    0x0, 0x0, 0x0, 0x0, 0x0, 0x0, 0x0, 0x0,
    0x0, 0x0, 0xff, 0xff, 0xff, 0xff, 0xff, 0xff,
    0xff, 0xff, 0xff, 0xff, 0xff, 0xff, 0xff, 0xff,
    0xff, 0xff, 0xff, 0xff, 0xff, 0xff, 0xff, 0xff,
    0xff, 0xff, 0xff, 0xff, 0xff, 0xff, 0xff, 0xff,
    0xff, 0xf0,

    /* U+0022 "\"" */
    0xff, 0xff, 0x83, 0xff, 0xff, 0xff, 0xff, 0x7,
    0xff, 0xff, 0xff, 0xfe, 0xf, 0xff, 0xf3, 0xff,
    0xfc, 0x1f, 0xff, 0xe7, 0xff, 0xf8, 0x3f, 0xff,
    0xcf, 0xff, 0xf0, 0x7f, 0xff, 0x9f, 0xff, 0xc0,
    0x7f, 0xff, 0x3f, 0xff, 0x80, 0xff, 0xfe, 0x7f,
    0xff, 0x1, 0xff, 0xfc, 0xff, 0xfe, 0x3, 0xff,
    0xf8, 0xff, 0xfc, 0x7, 0xff, 0xe1, 0xff, 0xf8,
    0xf, 0xff, 0xc3, 0xff, 0xf0, 0x1f, 0xff, 0x87,
    0xff, 0xe0, 0x1f, 0xff, 0xf, 0xff, 0x80, 0x3f,
    0xfe, 0x1f, 0xff, 0x0, 0x7f, 0xfc, 0x1f, 0xfe,
    0x0, 0xff, 0xf8, 0x3f, 0xfc, 0x1, 0xff, 0xf0,
    0x7f, 0xf8, 0x3, 0xff, 0xc0, 0xff, 0xf0, 0x3,
    0xff, 0x81, 0xff, 0xe0, 0x7, 0xff, 0x3, 0xff,
    0xc0, 0xf, 0xfe, 0x3, 0xff, 0x80, 0x1f, 0xfc,
    0x7, 0xfe, 0x0, 0x3f, 0xf8, 0xf, 0xfc, 0x0,
    0x7f, 0xf0, 0x1f, 0xf8, 0x0, 0x7f, 0xe0, 0x3f,
    0xf0, 0x0, 0xff, 0xc0, 0x7f, 0xe0, 0x1, 0xff,
    0x0, 0xff, 0xc0, 0x3, 0xfe, 0x0, 0xff, 0x80,
    0x7, 0xfc, 0x1, 0xff, 0x0, 0xf, 0xf8, 0x0,

    /* U+0023 "#" */
    0x0, 0x1, 0xff, 0xf8, 0x7, 0xff, 0xe0, 0x0,
    0x3f, 0xff, 0x0, 0xff, 0xfc, 0x0, 0x7, 0xff,
    0xc0, 0x3f, 0xff, 0x0, 0x1, 0xff, 0xf8, 0x7,
    0xff, 0xe0, 0x0, 0x3f, 0xff, 0x0, 0xff, 0xfc,
    0x0, 0x7, 0xff, 0xe0, 0x1f, 0xff, 0x80, 0x0,
    0xff, 0xfc, 0x3, 0xff, 0xf0, 0x0, 0x1f, 0xff,
    0x0, 0x7f, 0xfc, 0x0, 0x7, 0xff, 0xe0, 0x1f,
    0xff, 0x80, 0x0, 0xff, 0xfc, 0x3, 0xff, 0xf0,
    0x0, 0x1f, 0xff, 0x80, 0x7f, 0xfe, 0x0, 0x3,
    0xff, 0xf0, 0xf, 0xff, 0xc0, 0x0, 0x7f, 0xfc,
    0x1, 0xff, 0xf0, 0x0, 0x1f, 0xff, 0x80, 0x7f,
    0xfe, 0x0, 0x3, 0xff, 0xf0, 0xf, 0xff, 0xc0,
    0x0, 0x7f, 0xfe, 0x1, 0xff, 0xf8, 0x0, 0xf,
    0xff, 0xc0, 0x3f, 0xff, 0x0, 0x1, 0xff, 0xf0,
    0x7, 0xff, 0xc0, 0x0, 0x7f, 0xfe, 0x1, 0xff,
    0xf8, 0x0, 0xf, 0xff, 0xc0, 0x3f, 0xff, 0x0,
    0x1, 0xff, 0xf8, 0x7, 0xff, 0xe0, 0x0, 0x3f,
    0xff, 0x0, 0xff, 0xfc, 0x0, 0x7, 0xff, 0xc0,
    0x1f, 0xff, 0x0, 0xff, 0xff, 0xff, 0xff, 0xff,
    0xff, 0x1f, 0xff, 0xff, 0xff, 0xff, 0xff, 0xe3,
    0xff, 0xff, 0xff, 0xff, 0xff, 0xfc, 0x7f, 0xff,
    0xff, 0xff, 0xff, 0xff, 0x8f, 0xff, 0xff, 0xff,
    0xff, 0xff, 0xf1, 0xff, 0xff, 0xff, 0xff, 0xff,
    0xfe, 0x3f, 0xff, 0xff, 0xff, 0xff, 0xff, 0xc7,
    0xff, 0xff, 0xff, 0xff, 0xff, 0xf8, 0xff, 0xff,
    0xff, 0xff, 0xff, 0xff, 0x1f, 0xff, 0xff, 0xff,
    0xff, 0xff, 0xe3, 0xff, 0xff, 0xff, 0xff, 0xff,
    0xfc, 0x3, 0xff, 0xf0, 0xf, 0xff, 0xc0, 0x0,
    0x7f, 0xfe, 0x1, 0xff, 0xf8, 0x0, 0xf, 0xff,
    0xc0, 0x3f, 0xff, 0x0, 0x1, 0xff, 0xf8, 0x7,
    0xff, 0xe0, 0x0, 0x3f, 0xfe, 0x1, 0xff, 0xf8,
    0x0, 0xf, 0xff, 0xc0, 0x3f, 0xff, 0x0, 0x1,
    0xff, 0xf8, 0x7, 0xff, 0xe0, 0x0, 0x3f, 0xff,
    0x0, 0xff, 0xfc, 0x3, 0xff, 0xff, 0xff, 0xff,
    0xff, 0xfc, 0x7f, 0xff, 0xff, 0xff, 0xff, 0xff,
    0x8f, 0xff, 0xff, 0xff, 0xff, 0xff, 0xf1, 0xff,
    0xff, 0xff, 0xff, 0xff, 0xfe, 0x3f, 0xff, 0xff,
    0xff, 0xff, 0xff, 0xc7, 0xff, 0xff, 0xff, 0xff,
    0xff, 0xf8, 0xff, 0xff, 0xff, 0xff, 0xff, 0xff,
    0x1f, 0xff, 0xff, 0xff, 0xff, 0xff, 0xe3, 0xff,
    0xff, 0xff, 0xff, 0xff, 0xfc, 0x7f, 0xff, 0xff,
    0xff, 0xff, 0xff, 0x8f, 0xff, 0xff, 0xff, 0xff,
    0xff, 0xf0, 0xf, 0xff, 0x80, 0x3f, 0xfe, 0x0,
    0x3, 0xff, 0xf0, 0xf, 0xff, 0xc0, 0x0, 0x7f,
    0xfe, 0x1, 0xff, 0xf8, 0x0, 0xf, 0xff, 0xc0,
    0x3f, 0xff, 0x0, 0x1, 0xff, 0xf8, 0x7, 0xff,
    0xe0, 0x0, 0x3f, 0xff, 0x0, 0xff, 0xf8, 0x0,
    0xf, 0xff, 0xc0, 0x3f, 0xff, 0x0, 0x1, 0xff,
    0xf8, 0x7, 0xff, 0xe0, 0x0, 0x3f, 0xff, 0x0,
    0xff, 0xfc, 0x0, 0x7, 0xff, 0xe0, 0x1f, 0xff,
    0x80, 0x0, 0xff, 0xfc, 0x3, 0xff, 0xe0, 0x0,
    0x3f, 0xff, 0x0, 0xff, 0xfc, 0x0, 0x7, 0xff,
    0xe0, 0x1f, 0xff, 0x80, 0x0, 0xff, 0xfc, 0x3,
    0xff, 0xf0, 0x0, 0x1f, 0xff, 0x80, 0x7f, 0xfe,
    0x0, 0x3, 0xff, 0xf0, 0xf, 0xff, 0xc0, 0x0,
    0xff, 0xfc, 0x1, 0xff, 0xf0, 0x0, 0x1f, 0xff,
    0x80, 0x7f, 0xfe, 0x0, 0x3, 0xff, 0xf0, 0xf,
    0xff, 0xc0, 0x0, 0x7f, 0xfe, 0x1, 0xff, 0xf8,
    0x0, 0xf, 0xff, 0xc0, 0x3f, 0xff, 0x0, 0x3,
    0xff, 0xf0, 0x7, 0xff, 0xc0, 0x0, 0x7f, 0xfe,
    0x1, 0xff, 0xf8, 0x0, 0xf, 0xff, 0xc0, 0x3f,
    0xff, 0x0, 0x1, 0xff, 0xf8, 0x7, 0xff, 0xe0,
    0x0, 0x0,

    /* U+0024 "$" */
    0x0, 0x0, 0x7f, 0x80, 0x0, 0x0, 0x0, 0xf,
    0xf0, 0x0, 0x0, 0x0, 0x1, 0xfe, 0x0, 0x0,
    0x0, 0x0, 0x3f, 0xc0, 0x0, 0x0, 0x0, 0x7,
    0xf8, 0x0, 0x0, 0x0, 0x0, 0xff, 0x0, 0x0,
    0x0, 0x0, 0xff, 0xfe, 0x0, 0x0, 0x0, 0x7f,
    0xff, 0xf8, 0x0, 0x0, 0x3f, 0xff, 0xff, 0xc0,
    0x0, 0x1f, 0xff, 0xff, 0xfc, 0x0, 0x7, 0xff,
    0xff, 0xff, 0xe0, 0x1, 0xff, 0xff, 0xff, 0xfe,
    0x0, 0x7f, 0xff, 0xff, 0xff, 0xc0, 0x1f, 0xff,
    0xff, 0xff, 0xfc, 0x7, 0xff, 0xff, 0xff, 0xff,
    0xc0, 0xff, 0xff, 0xff, 0xff, 0xf8, 0x3f, 0xff,
    0xff, 0xff, 0xff, 0x87, 0xff, 0xff, 0xff, 0xff,
    0xf0, 0xff, 0xff, 0xff, 0xff, 0xff, 0x3f, 0xff,
    0xff, 0xff, 0xff, 0xe7, 0xff, 0xfe, 0x1f, 0xff,
    0xfc, 0xff, 0xff, 0x81, 0xff, 0xff, 0x9f, 0xff,
    0xe0, 0x1f, 0xff, 0xfb, 0xff, 0xfc, 0x3, 0xff,
    0xff, 0x7f, 0xff, 0x80, 0x7f, 0xff, 0xef, 0xff,
    0xf0, 0xf, 0xff, 0xfd, 0xff, 0xff, 0x1, 0xff,
    0xff, 0xbf, 0xff, 0xf0, 0x3f, 0xff, 0xf3, 0xff,
    0xfe, 0x0, 0x0, 0x0, 0x7f, 0xff, 0xe0, 0x0,
    0x0, 0xf, 0xff, 0xfe, 0x0, 0x0, 0x0, 0xff,
    0xff, 0xe0, 0x0, 0x0, 0x1f, 0xff, 0xfe, 0x0,
    0x0, 0x3, 0xff, 0xff, 0xe0, 0x0, 0x0, 0x3f,
    0xff, 0xfe, 0x0, 0x0, 0x3, 0xff, 0xff, 0xe0,
    0x0, 0x0, 0x7f, 0xff, 0xfe, 0x0, 0x0, 0x7,
    0xff, 0xff, 0xe0, 0x0, 0x0, 0x7f, 0xff, 0xfe,
    0x0, 0x0, 0x7, 0xff, 0xff, 0xe0, 0x0, 0x0,
    0x7f, 0xff, 0xff, 0x0, 0x0, 0x7, 0xff, 0xff,
    0xf0, 0x0, 0x0, 0x7f, 0xff, 0xff, 0x0, 0x0,
    0x7, 0xff, 0xff, 0xf0, 0x0, 0x0, 0x7f, 0xff,
    0xff, 0x0, 0x0, 0x7, 0xff, 0xff, 0xf0, 0x0,
    0x0, 0x7f, 0xff, 0xfe, 0x0, 0x0, 0x7, 0xff,
    0xff, 0xe0, 0x0, 0x0, 0x7f, 0xff, 0xfe, 0x0,
    0x0, 0x7, 0xff, 0xff, 0xe0, 0x0, 0x0, 0x7f,
    0xff, 0xfc, 0x0, 0x0, 0x7, 0xff, 0xff, 0xc0,
    0x0, 0x0, 0x7f, 0xff, 0xf8, 0x0, 0x0, 0x7,
    0xff, 0xff, 0x80, 0x0, 0x0, 0x7f, 0xff, 0xf7,
    0xff, 0xfc, 0x7, 0xff, 0xfe, 0xff, 0xff, 0x80,
    0xff, 0xff, 0xdf, 0xff, 0xf0, 0xf, 0xff, 0xff,
    0xff, 0xfe, 0x0, 0xff, 0xff, 0xff, 0xff, 0xc0,
    0x1f, 0xff, 0xff, 0xff, 0xf8, 0x3, 0xff, 0xff,
    0xff, 0xff, 0x80, 0x7f, 0xff, 0xff, 0xff, 0xf0,
    0xf, 0xff, 0xff, 0xff, 0xff, 0x3, 0xff, 0xff,
    0xff, 0xff, 0xf0, 0xff, 0xff, 0xef, 0xff, 0xff,
    0xff, 0xff, 0xfd, 0xff, 0xff, 0xff, 0xff, 0xff,
    0x3f, 0xff, 0xff, 0xff, 0xff, 0xe7, 0xff, 0xff,
    0xff, 0xff, 0xfc, 0x7f, 0xff, 0xff, 0xff, 0xff,
    0xf, 0xff, 0xff, 0xff, 0xff, 0xe0, 0xff, 0xff,
    0xff, 0xff, 0xf8, 0x1f, 0xff, 0xff, 0xff, 0xfe,
    0x1, 0xff, 0xff, 0xff, 0xff, 0xc0, 0x1f, 0xff,
    0xff, 0xff, 0xf0, 0x1, 0xff, 0xff, 0xff, 0xfc,
    0x0, 0x1f, 0xff, 0xff, 0xfe, 0x0, 0x0, 0xff,
    0xff, 0xff, 0x0, 0x0, 0x7, 0xff, 0xff, 0x80,
    0x0, 0x0, 0x1f, 0xff, 0x80, 0x0, 0x0, 0x0,
    0x7f, 0x80, 0x0, 0x0, 0x0, 0xf, 0xf0, 0x0,
    0x0, 0x0, 0x1, 0xfe, 0x0, 0x0, 0x0, 0x0,
    0x3f, 0xc0, 0x0, 0x0, 0x0, 0x7, 0xf8, 0x0,
    0x0, 0x0, 0x0, 0xff, 0x0, 0x0, 0x0, 0x0,
    0x1f, 0xe0, 0x0, 0x0,

    /* U+0025 "%" */
    0x0, 0x0, 0x0, 0x0, 0x0, 0x0, 0x0, 0xff,
    0xff, 0x0, 0x0, 0x0, 0x0, 0x0, 0x0, 0x0,
    0x0, 0x0, 0x0, 0x3, 0xff, 0xfc, 0x0, 0x0,
    0x0, 0x0, 0x0, 0x3f, 0xf0, 0x0, 0x0, 0x0,
    0x1f, 0xff, 0xf0, 0x0, 0x0, 0x0, 0x0, 0xf,
    0xff, 0xfc, 0x0, 0x0, 0x0, 0x7f, 0xff, 0x80,
    0x0, 0x0, 0x0, 0x0, 0xff, 0xff, 0xfc, 0x0,
    0x0, 0x1, 0xff, 0xfe, 0x0, 0x0, 0x0, 0x0,
    0x7, 0xff, 0xff, 0xf8, 0x0, 0x0, 0x7, 0xff,
    0xf8, 0x0, 0x0, 0x0, 0x0, 0x7f, 0xff, 0xff,
    0xf8, 0x0, 0x0, 0x3f, 0xff, 0xc0, 0x0, 0x0,
    0x0, 0x3, 0xff, 0xff, 0xff, 0xf0, 0x0, 0x0,
    0xff, 0xff, 0x0, 0x0, 0x0, 0x0, 0xf, 0xff,
    0xff, 0xff, 0xc0, 0x0, 0x3, 0xff, 0xfc, 0x0,
    0x0, 0x0, 0x0, 0x7f, 0xff, 0xff, 0xff, 0x80,
    0x0, 0x1f, 0xff, 0xe0, 0x0, 0x0, 0x0, 0x3,
    0xff, 0xff, 0xff, 0xff, 0x0, 0x0, 0x7f, 0xff,
    0x80, 0x0, 0x0, 0x0, 0xf, 0xff, 0xff, 0xff,
    0xfc, 0x0, 0x1, 0xff, 0xfe, 0x0, 0x0, 0x0,
    0x0, 0x3f, 0xff, 0xff, 0xff, 0xf0, 0x0, 0xf,
    0xff, 0xf0, 0x0, 0x0, 0x0, 0x1, 0xff, 0xfe,
    0x1f, 0xff, 0xe0, 0x0, 0x3f, 0xff, 0xc0, 0x0,
    0x0, 0x0, 0x7, 0xff, 0xf0, 0x3f, 0xff, 0x80,
    0x0, 0xff, 0xff, 0x0, 0x0, 0x0, 0x0, 0x1f,
    0xff, 0x80, 0x7f, 0xfe, 0x0, 0x7, 0xff, 0xfc,
    0x0, 0x0, 0x0, 0x0, 0xff, 0xfe, 0x1, 0xff,
    0xfc, 0x0, 0x1f, 0xff, 0xe0, 0x0, 0x0, 0x0,
    0x3, 0xff, 0xf8, 0x7, 0xff, 0xf0, 0x0, 0x7f,
    0xff, 0x80, 0x0, 0x0, 0x0, 0xf, 0xff, 0xe0,
    0x1f, 0xff, 0xc0, 0x1, 0xff, 0xfe, 0x0, 0x0,
    0x0, 0x0, 0x3f, 0xff, 0x80, 0x7f, 0xff, 0x0,
    0xf, 0xff, 0xf0, 0x0, 0x0, 0x0, 0x0, 0xff,
    0xfe, 0x1, 0xff, 0xfc, 0x0, 0x3f, 0xff, 0xc0,
    0x0, 0x0, 0x0, 0x3, 0xff, 0xf8, 0x7, 0xff,
    0xf0, 0x0, 0xff, 0xff, 0x0, 0x0, 0x0, 0x0,
    0xf, 0xff, 0xe0, 0x1f, 0xff, 0xc0, 0x7, 0xff,
    0xf8, 0x0, 0x0, 0x0, 0x0, 0x3f, 0xff, 0x80,
    0x7f, 0xff, 0x0, 0x1f, 0xff, 0xe0, 0x0, 0x0,
    0x0, 0x0, 0xff, 0xfe, 0x1, 0xff, 0xfc, 0x0,
    0x7f, 0xff, 0x80, 0x0, 0x0, 0x0, 0x3, 0xff,
    0xf8, 0x7, 0xff, 0xf0, 0x3, 0xff, 0xfc, 0x0,
    0x0, 0x0, 0x0, 0xf, 0xff, 0xe0, 0x1f, 0xff,
    0xc0, 0xf, 0xff, 0xf0, 0x0, 0x0, 0x0, 0x0,
    0x3f, 0xff, 0x80, 0x7f, 0xff, 0x0, 0x3f, 0xff,
    0xc0, 0x0, 0x0, 0x0, 0x0, 0xff, 0xfe, 0x1,
    0xff, 0xfc, 0x1, 0xff, 0xff, 0x0, 0x7, 0xff,
    0x0, 0x3, 0xff, 0xf8, 0x7, 0xff, 0xf0, 0x7,
    0xff, 0xf8, 0x1, 0xff, 0xff, 0xc0, 0xf, 0xff,
    0xe0, 0x1f, 0xff, 0xc0, 0x1f, 0xff, 0xe0, 0x1f,
    0xff, 0xff, 0xc0, 0x3f, 0xff, 0x80, 0x7f, 0xff,
    0x0, 0x7f, 0xff, 0x80, 0xff, 0xff, 0xff, 0x80,
    0xff, 0xfe, 0x1, 0xff, 0xfc, 0x3, 0xff, 0xfc,
    0x7, 0xff, 0xff, 0xff, 0x3, 0xff, 0xf8, 0x7,
    0xff, 0xf0, 0xf, 0xff, 0xf0, 0x3f, 0xff, 0xff,
    0xfe, 0xf, 0xff, 0xe0, 0x1f, 0xff, 0xc0, 0x3f,
    0xff, 0xc1, 0xff, 0xff, 0xff, 0xfc, 0x3f, 0xff,
    0x80, 0x7f, 0xff, 0x1, 0xff, 0xfe, 0xf, 0xff,
    0xff, 0xff, 0xf8, 0xff, 0xfe, 0x1, 0xff, 0xfc,
    0x7, 0xff, 0xf8, 0x3f, 0xff, 0xff, 0xff, 0xe3,
    0xff, 0xf8, 0x7, 0xff, 0xf0, 0x1f, 0xff, 0xe1,
    0xff, 0xff, 0xff, 0xff, 0xcf, 0xff, 0xe0, 0x1f,
    0xff, 0xc0, 0xff, 0xff, 0x7, 0xff, 0xff, 0xff,
    0xff, 0x3f, 0xff, 0x80, 0x7f, 0xff, 0x3, 0xff,
    0xfc, 0x3f, 0xff, 0xc1, 0xff, 0xfe, 0xff, 0xfe,
    0x1, 0xff, 0xfc, 0xf, 0xff, 0xf0, 0xff, 0xfe,
    0x3, 0xff, 0xfb, 0xff, 0xf8, 0x7, 0xff, 0xf0,
    0x7f, 0xff, 0x83, 0xff, 0xf8, 0xf, 0xff, 0xef,
    0xff, 0xe0, 0x1f, 0xff, 0xc1, 0xff, 0xfe, 0x1f,
    0xff, 0xc0, 0x1f, 0xff, 0xbf, 0xff, 0x80, 0x7f,
    0xff, 0x7, 0xff, 0xf8, 0x7f, 0xff, 0x0, 0x7f,
    0xff, 0xff, 0xfe, 0x1, 0xff, 0xfc, 0x1f, 0xff,
    0xe1, 0xff, 0xfc, 0x1, 0xff, 0xfd, 0xff, 0xfc,
    0xf, 0xff, 0xe0, 0xff, 0xff, 0x7, 0xff, 0xf0,
    0x7, 0xff, 0xf7, 0xff, 0xf8, 0x7f, 0xff, 0x83,
    0xff, 0xfc, 0x1f, 0xff, 0xc0, 0x1f, 0xff, 0xdf,
    0xff, 0xff, 0xff, 0xfe, 0xf, 0xff, 0xf0, 0x7f,
    0xff, 0x0, 0x7f, 0xff, 0x7f, 0xff, 0xff, 0xff,
    0xf8, 0x7f, 0xff, 0x81, 0xff, 0xfc, 0x1, 0xff,
    0xfc, 0xff, 0xff, 0xff, 0xff, 0xc1, 0xff, 0xfe,
    0x7, 0xff, 0xf0, 0x7, 0xff, 0xf3, 0xff, 0xff,
    0xff, 0xff, 0x7, 0xff, 0xf8, 0x1f, 0xff, 0xc0,
    0x1f, 0xff, 0xc7, 0xff, 0xff, 0xff, 0xf8, 0x3f,
    0xff, 0xc0, 0x7f, 0xff, 0x0, 0x7f, 0xff, 0x1f,
    0xff, 0xff, 0xff, 0xe0, 0xff, 0xff, 0x1, 0xff,
    0xfc, 0x1, 0xff, 0xfc, 0x3f, 0xff, 0xff, 0xff,
    0x3, 0xff, 0xfc, 0x7, 0xff, 0xf0, 0x7, 0xff,
    0xf0, 0x7f, 0xff, 0xff, 0xf8, 0x1f, 0xff, 0xe0,
    0x1f, 0xff, 0xc0, 0x1f, 0xff, 0xc0, 0xff, 0xff,
    0xff, 0xc0, 0x7f, 0xff, 0x80, 0x7f, 0xff, 0x0,
    0x7f, 0xff, 0x1, 0xff, 0xff, 0xfe, 0x1, 0xff,
    0xfe, 0x1, 0xff, 0xfc, 0x1, 0xff, 0xfc, 0x1,
    0xff, 0xff, 0xe0, 0x7, 0xff, 0xf8, 0x7, 0xff,
    0xf0, 0x7, 0xff, 0xf0, 0x1, 0xff, 0xfe, 0x0,
    0x3f, 0xff, 0xc0, 0x1f, 0xff, 0xc0, 0x1f, 0xff,
    0xc0, 0x0, 0xff, 0xc0, 0x0, 0xff, 0xff, 0x0,
    0x7f, 0xff, 0x0, 0x7f, 0xff, 0x0, 0x0, 0x0,
    0x0, 0x3, 0xff, 0xfc, 0x1, 0xff, 0xfc, 0x1,
    0xff, 0xfc, 0x0, 0x0, 0x0, 0x0, 0x1f, 0xff,
    0xe0, 0x7, 0xff, 0xf0, 0x7, 0xff, 0xf0, 0x0,
    0x0, 0x0, 0x0, 0x7f, 0xff, 0x80, 0x1f, 0xff,
    0xc0, 0x1f, 0xff, 0xc0, 0x0, 0x0, 0x0, 0x1,
    0xff, 0xfe, 0x0, 0x7f, 0xff, 0x0, 0x7f, 0xff,
    0x0, 0x0, 0x0, 0x0, 0xf, 0xff, 0xf0, 0x1,
    0xff, 0xfc, 0x1, 0xff, 0xfc, 0x0, 0x0, 0x0,
    0x0, 0x3f, 0xff, 0xc0, 0x7, 0xff, 0xf0, 0x7,
    0xff, 0xf0, 0x0, 0x0, 0x0, 0x0, 0xff, 0xff,
    0x0, 0x1f, 0xff, 0xc0, 0x1f, 0xff, 0xc0, 0x0,
    0x0, 0x0, 0x7, 0xff, 0xf8, 0x0, 0x7f, 0xff,
    0x0, 0x7f, 0xff, 0x0, 0x0, 0x0, 0x0, 0x1f,
    0xff, 0xe0, 0x1, 0xff, 0xfc, 0x1, 0xff, 0xfc,
    0x0, 0x0, 0x0, 0x0, 0x7f, 0xff, 0x80, 0x7,
    0xff, 0xf0, 0x7, 0xff, 0xf0, 0x0, 0x0, 0x0,
    0x1, 0xff, 0xfe, 0x0, 0x1f, 0xff, 0xc0, 0x1f,
    0xff, 0xc0, 0x0, 0x0, 0x0, 0xf, 0xff, 0xf0,
    0x0, 0x7f, 0xff, 0x80, 0xff, 0xff, 0x0, 0x0,
    0x0, 0x0, 0x3f, 0xff, 0xc0, 0x0, 0xff, 0xfe,
    0x3, 0xff, 0xf8, 0x0, 0x0, 0x0, 0x0, 0xff,
    0xff, 0x0, 0x3, 0xff, 0xfe, 0x3f, 0xff, 0xe0,
    0x0, 0x0, 0x0, 0x7, 0xff, 0xf8, 0x0, 0xf,
    0xff, 0xff, 0xff, 0xff, 0x80, 0x0, 0x0, 0x0,
    0x1f, 0xff, 0xe0, 0x0, 0x1f, 0xff, 0xff, 0xff,
    0xfc, 0x0, 0x0, 0x0, 0x0, 0x7f, 0xff, 0x80,
    0x0, 0x7f, 0xff, 0xff, 0xff, 0xf0, 0x0, 0x0,
    0x0, 0x3, 0xff, 0xfc, 0x0, 0x1, 0xff, 0xff,
    0xff, 0xff, 0xc0, 0x0, 0x0, 0x0, 0xf, 0xff,
    0xf0, 0x0, 0x3, 0xff, 0xff, 0xff, 0xfe, 0x0,
    0x0, 0x0, 0x0, 0x3f, 0xff, 0xc0, 0x0, 0x7,
    0xff, 0xff, 0xff, 0xf0, 0x0, 0x0, 0x0, 0x1,
    0xff, 0xfe, 0x0, 0x0, 0x1f, 0xff, 0xff, 0xff,
    0xc0, 0x0, 0x0, 0x0, 0x7, 0xff, 0xf8, 0x0,
    0x0, 0x3f, 0xff, 0xff, 0xfe, 0x0, 0x0, 0x0,
    0x0, 0x1f, 0xff, 0xe0, 0x0, 0x0, 0x7f, 0xff,
    0xff, 0xf0, 0x0, 0x0, 0x0, 0x0, 0x7f, 0xff,
    0x80, 0x0, 0x0, 0xff, 0xff, 0xff, 0x80, 0x0,
    0x0, 0x0, 0x3, 0xff, 0xfc, 0x0, 0x0, 0x0,
    0xff, 0xff, 0xf8, 0x0, 0x0, 0x0, 0x0, 0xf,
    0xff, 0xf0, 0x0, 0x0, 0x0, 0xff, 0xff, 0x80,
    0x0, 0x0, 0x0, 0x0, 0x0, 0x0, 0x0, 0x0,
    0x0, 0x0, 0x7f, 0xf0, 0x0, 0x0,

    /* U+0026 "&" */
    0x0, 0x0, 0x3f, 0xe0, 0x0, 0x0, 0x0, 0x0,
    0x7f, 0xff, 0x0, 0x0, 0x0, 0x0, 0x7f, 0xff,
    0xf0, 0x0, 0x0, 0x0, 0x3f, 0xff, 0xff, 0x0,
    0x0, 0x0, 0x1f, 0xff, 0xff, 0xe0, 0x0, 0x0,
    0xf, 0xff, 0xff, 0xfc, 0x0, 0x0, 0x7, 0xff,
    0xff, 0xff, 0x0, 0x0, 0x3, 0xff, 0xff, 0xff,
    0xe0, 0x0, 0x0, 0xff, 0xff, 0xff, 0xfc, 0x0,
    0x0, 0x7f, 0xff, 0xff, 0xff, 0x0, 0x0, 0x1f,
    0xff, 0xff, 0xff, 0xe0, 0x0, 0x7, 0xff, 0xff,
    0xff, 0xf8, 0x0, 0x3, 0xff, 0xfc, 0x7f, 0xfe,
    0x0, 0x0, 0xff, 0xfe, 0xf, 0xff, 0xc0, 0x0,
    0x3f, 0xff, 0x81, 0xff, 0xf0, 0x0, 0xf, 0xff,
    0xe0, 0x7f, 0xfc, 0x0, 0x3, 0xff, 0xf8, 0x1f,
    0xff, 0x0, 0x0, 0xff, 0xfe, 0x7, 0xff, 0xc0,
    0x0, 0x3f, 0xff, 0xc1, 0xff, 0xf0, 0x0, 0xf,
    0xff, 0xf0, 0x7f, 0xfc, 0x0, 0x3, 0xff, 0xfc,
    0x1f, 0xff, 0x0, 0x0, 0xff, 0xff, 0x7, 0xff,
    0xc0, 0x0, 0x3f, 0xff, 0xe1, 0xff, 0xf0, 0x0,
    0x7, 0xff, 0xf8, 0x7f, 0xfc, 0x0, 0x1, 0xff,
    0xfe, 0x3f, 0xfe, 0x0, 0x0, 0x7f, 0xff, 0xcf,
    0xff, 0x80, 0x0, 0xf, 0xff, 0xf7, 0xff, 0xe0,
    0x0, 0x3, 0xff, 0xff, 0xff, 0xf8, 0x0, 0x0,
    0xff, 0xff, 0xff, 0xfc, 0x0, 0x0, 0x3f, 0xff,
    0xff, 0xff, 0x0, 0x0, 0x7, 0xff, 0xff, 0xff,
    0x80, 0x0, 0x1, 0xff, 0xff, 0xff, 0xe0, 0x0,
    0x0, 0x3f, 0xff, 0xff, 0xf0, 0x0, 0x0, 0xf,
    0xff, 0xff, 0xf8, 0x0, 0x0, 0x3, 0xff, 0xff,
    0xfc, 0x0, 0x0, 0x0, 0x7f, 0xff, 0xfe, 0x0,
    0x0, 0x0, 0x1f, 0xff, 0xff, 0x0, 0x0, 0x0,
    0x7, 0xff, 0xff, 0x80, 0x0, 0x0, 0x7, 0xff,
    0xff, 0xc0, 0x0, 0x0, 0x3, 0xff, 0xff, 0xf0,
    0x0, 0x0, 0x1, 0xff, 0xff, 0xfc, 0x0, 0x20,
    0x0, 0x7f, 0xff, 0xff, 0x0, 0x1c, 0x0, 0x3f,
    0xff, 0xff, 0xe0, 0x1f, 0x80, 0x1f, 0xff, 0xff,
    0xf8, 0x7, 0xe0, 0xf, 0xff, 0xff, 0xff, 0x3,
    0xfc, 0x3, 0xff, 0xff, 0xff, 0xc1, 0xff, 0x1,
    0xff, 0xff, 0xff, 0xf0, 0xff, 0xe0, 0x7f, 0xff,
    0xff, 0xfe, 0x3f, 0xfc, 0x3f, 0xff, 0xff, 0xff,
    0x9f, 0xff, 0xf, 0xff, 0xff, 0xff, 0xf7, 0xff,
    0xe3, 0xff, 0xff, 0xff, 0xff, 0xff, 0xf9, 0xff,
    0xfd, 0xff, 0xff, 0xff, 0xfc, 0x7f, 0xff, 0x7f,
    0xff, 0xff, 0xfe, 0x1f, 0xff, 0xcf, 0xff, 0xff,
    0xff, 0x7, 0xff, 0xf3, 0xff, 0xff, 0xff, 0xc1,
    0xff, 0xf8, 0x7f, 0xff, 0xff, 0xe0, 0xff, 0xfe,
    0x1f, 0xff, 0xff, 0xf0, 0x3f, 0xff, 0x83, 0xff,
    0xff, 0xfc, 0xf, 0xff, 0xe0, 0xff, 0xff, 0xfe,
    0x3, 0xff, 0xf8, 0x3f, 0xff, 0xff, 0x0, 0xff,
    0xfe, 0x7, 0xff, 0xff, 0xc0, 0x3f, 0xff, 0x81,
    0xff, 0xff, 0xf0, 0xf, 0xff, 0xe0, 0x3f, 0xff,
    0xf8, 0x3, 0xff, 0xf8, 0xf, 0xff, 0xfe, 0x0,
    0xff, 0xfe, 0x3, 0xff, 0xff, 0x0, 0x3f, 0xff,
    0x80, 0x7f, 0xff, 0xc0, 0xf, 0xff, 0xe0, 0x1f,
    0xff, 0xf8, 0x3, 0xff, 0xf8, 0x3, 0xff, 0xfe,
    0x0, 0xff, 0xfe, 0x0, 0xff, 0xff, 0x80, 0x3f,
    0xff, 0x80, 0x1f, 0xff, 0xf0, 0xf, 0xff, 0xe0,
    0x7, 0xff, 0xfc, 0x1, 0xff, 0xfc, 0x1, 0xff,
    0xff, 0x80, 0x7f, 0xff, 0x0, 0xff, 0xff, 0xe0,
    0x1f, 0xff, 0xe0, 0x7f, 0xff, 0xf8, 0x7, 0xff,
    0xfc, 0x3f, 0xff, 0xff, 0x1, 0xff, 0xff, 0xff,
    0xff, 0xff, 0xc0, 0x3f, 0xff, 0xff, 0xff, 0xff,
    0xf8, 0xf, 0xff, 0xff, 0xff, 0xff, 0xfe, 0x1,
    0xff, 0xff, 0xff, 0xff, 0xff, 0x80, 0x7f, 0xff,
    0xff, 0xff, 0xff, 0xf0, 0xf, 0xff, 0xff, 0xff,
    0xff, 0xfc, 0x3, 0xff, 0xff, 0xff, 0xff, 0xff,
    0x80, 0x7f, 0xff, 0xff, 0xbf, 0xff, 0xe0, 0xf,
    0xff, 0xff, 0xcf, 0xff, 0xf8, 0x1, 0xff, 0xff,
    0xe1, 0xff, 0xff, 0x0, 0x3f, 0xff, 0xf0, 0x7f,
    0xff, 0xc0, 0x3, 0xff, 0xf0, 0xf, 0xff, 0xf0,
    0x0, 0x1f, 0xe0, 0x0, 0x0, 0x0,

    /* U+0027 "'" */
    0xff, 0xff, 0xff, 0xff, 0xff, 0xff, 0xef, 0xff,
    0xf7, 0xff, 0xfb, 0xff, 0xfd, 0xff, 0xfc, 0xff,
    0xfe, 0x7f, 0xff, 0x3f, 0xff, 0x8f, 0xff, 0xc7,
    0xff, 0xe3, 0xff, 0xf1, 0xff, 0xf8, 0xff, 0xf8,
    0x7f, 0xfc, 0x1f, 0xfe, 0xf, 0xff, 0x7, 0xff,
    0x83, 0xff, 0xc1, 0xff, 0xe0, 0xff, 0xf0, 0x3f,
    0xf8, 0x1f, 0xf8, 0xf, 0xfc, 0x7, 0xfe, 0x3,
    0xff, 0x1, 0xff, 0x80, 0xff, 0xc0, 0x3f, 0xe0,
    0x1f, 0xf0,

    /* U+0028 "(" */
    0x0, 0x0, 0x1f, 0x80, 0x0, 0xff, 0xc0, 0x3,
    0xff, 0xe0, 0x3, 0xff, 0xf0, 0x7, 0xff, 0xf8,
    0x7, 0xff, 0xfc, 0x7, 0xff, 0xfe, 0x7, 0xff,
    0xff, 0x7, 0xff, 0xff, 0x83, 0xff, 0xff, 0xc3,
    0xff, 0xff, 0xe3, 0xff, 0xff, 0xf1, 0xff, 0xff,
    0xf9, 0xff, 0xff, 0xf0, 0xff, 0xff, 0xe0, 0x7f,
    0xff, 0xe0, 0x7f, 0xff, 0xe0, 0x3f, 0xff, 0xf0,
    0x1f, 0xff, 0xf0, 0xf, 0xff, 0xf8, 0x7, 0xff,
    0xfc, 0x7, 0xff, 0xfe, 0x3, 0xff, 0xff, 0x1,
    0xff, 0xff, 0x80, 0xff, 0xff, 0xc0, 0x7f, 0xff,
    0xe0, 0x3f, 0xff, 0xf0, 0x1f, 0xff, 0xf8, 0xf,
    0xff, 0xfc, 0x7, 0xff, 0xfe, 0x3, 0xff, 0xff,
    0x1, 0xff, 0xff, 0x80, 0xff, 0xff, 0xc0, 0x7f,
    0xff, 0xe0, 0x3f, 0xff, 0xf0, 0x1f, 0xff, 0xf8,
    0xf, 0xff, 0xfc, 0x7, 0xff, 0xfe, 0x3, 0xff,
    0xff, 0x1, 0xff, 0xff, 0x80, 0xff, 0xff, 0xc0,
    0x7f, 0xff, 0xe0, 0x3f, 0xff, 0xf0, 0x1f, 0xff,
    0xf8, 0xf, 0xff, 0xfc, 0x7, 0xff, 0xfe, 0x3,
    0xff, 0xff, 0x1, 0xff, 0xff, 0x80, 0xff, 0xff,
    0xc0, 0x7f, 0xff, 0xe0, 0x3f, 0xff, 0xf0, 0x1f,
    0xff, 0xf8, 0xf, 0xff, 0xfc, 0x7, 0xff, 0xfe,
    0x3, 0xff, 0xff, 0x1, 0xff, 0xff, 0x80, 0xff,
    0xff, 0xc0, 0x7f, 0xff, 0xe0, 0x3f, 0xff, 0xf0,
    0x1f, 0xff, 0xf8, 0xf, 0xff, 0xfc, 0x7, 0xff,
    0xfe, 0x3, 0xff, 0xff, 0x1, 0xff, 0xff, 0x80,
    0xff, 0xff, 0xc0, 0x7f, 0xff, 0xe0, 0x3f, 0xff,
    0xf0, 0x1f, 0xff, 0xf8, 0xf, 0xff, 0xfc, 0x7,
    0xff, 0xfe, 0x3, 0xff, 0xff, 0x1, 0xff, 0xff,
    0x80, 0xff, 0xff, 0xc0, 0x7f, 0xff, 0xe0, 0x3f,
    0xff, 0xf0, 0x1f, 0xff, 0xf8, 0x7, 0xff, 0xfc,
    0x3, 0xff, 0xfe, 0x1, 0xff, 0xff, 0x0, 0xff,
    0xff, 0xc0, 0x7f, 0xff, 0xe0, 0x1f, 0xff, 0xf8,
    0xf, 0xff, 0xfe, 0x3, 0xff, 0xff, 0xc1, 0xff,
    0xff, 0xf8, 0x7f, 0xff, 0xfc, 0x3f, 0xff, 0xfe,
    0xf, 0xff, 0xff, 0x7, 0xff, 0xff, 0x81, 0xff,
    0xff, 0xc0, 0x7f, 0xff, 0xe0, 0x1f, 0xff, 0xf0,
    0x7, 0xff, 0xf8, 0x1, 0xff, 0xfc, 0x0, 0x3f,
    0xfe, 0x0, 0x7, 0xff, 0x0, 0x0, 0xff, 0x80,
    0x0, 0xf, 0xc0,

    /* U+0029 ")" */
    0xfc, 0x0, 0x0, 0x7f, 0xe0, 0x0, 0x3f, 0xfe,
    0x0, 0x1f, 0xff, 0x80, 0xf, 0xff, 0xf0, 0x7,
    0xff, 0xfc, 0x3, 0xff, 0xff, 0x1, 0xff, 0xff,
    0xc0, 0xff, 0xff, 0xf0, 0x7f, 0xff, 0xf8, 0x3f,
    0xff, 0xfe, 0x1f, 0xff, 0xff, 0x8f, 0xff, 0xff,
    0xc1, 0xff, 0xff, 0xf0, 0x3f, 0xff, 0xf8, 0xf,
    0xff, 0xfc, 0x3, 0xff, 0xff, 0x1, 0xff, 0xff,
    0x80, 0x7f, 0xff, 0xc0, 0x3f, 0xff, 0xe0, 0x1f,
    0xff, 0xf0, 0xf, 0xff, 0xfc, 0x7, 0xff, 0xfe,
    0x3, 0xff, 0xff, 0x1, 0xff, 0xff, 0x80, 0xff,
    0xff, 0xc0, 0x7f, 0xff, 0xe0, 0x3f, 0xff, 0xf0,
    0x1f, 0xff, 0xf8, 0xf, 0xff, 0xfc, 0x7, 0xff,
    0xfe, 0x3, 0xff, 0xff, 0x1, 0xff, 0xff, 0x80,
    0xff, 0xff, 0xc0, 0x7f, 0xff, 0xe0, 0x3f, 0xff,
    0xf0, 0x1f, 0xff, 0xf8, 0xf, 0xff, 0xfc, 0x7,
    0xff, 0xfe, 0x3, 0xff, 0xff, 0x1, 0xff, 0xff,
    0x80, 0xff, 0xff, 0xc0, 0x7f, 0xff, 0xe0, 0x3f,
    0xff, 0xf0, 0x1f, 0xff, 0xf8, 0xf, 0xff, 0xfc,
    0x7, 0xff, 0xfe, 0x3, 0xff, 0xff, 0x1, 0xff,
    0xff, 0x80, 0xff, 0xff, 0xc0, 0x7f, 0xff, 0xe0,
    0x3f, 0xff, 0xf0, 0x1f, 0xff, 0xf8, 0xf, 0xff,
    0xfc, 0x7, 0xff, 0xfe, 0x3, 0xff, 0xff, 0x1,
    0xff, 0xff, 0x80, 0xff, 0xff, 0xc0, 0x7f, 0xff,
    0xe0, 0x3f, 0xff, 0xf0, 0x1f, 0xff, 0xf8, 0xf,
    0xff, 0xfc, 0x7, 0xff, 0xfe, 0x3, 0xff, 0xff,
    0x1, 0xff, 0xff, 0x80, 0xff, 0xff, 0xc0, 0x7f,
    0xff, 0xe0, 0x3f, 0xff, 0xf0, 0x1f, 0xff, 0xf8,
    0xf, 0xff, 0xfc, 0x7, 0xff, 0xfe, 0x3, 0xff,
    0xff, 0x1, 0xff, 0xff, 0x80, 0xff, 0xff, 0xc0,
    0x7f, 0xff, 0xe0, 0x3f, 0xff, 0xf0, 0x1f, 0xff,
    0xf0, 0xf, 0xff, 0xf8, 0xf, 0xff, 0xfc, 0x7,
    0xff, 0xfe, 0x7, 0xff, 0xfe, 0x3, 0xff, 0xff,
    0x7, 0xff, 0xff, 0x87, 0xff, 0xff, 0x8f, 0xff,
    0xff, 0xc7, 0xff, 0xff, 0xc3, 0xff, 0xff, 0xe1,
    0xff, 0xff, 0xe0, 0xff, 0xff, 0xe0, 0x7f, 0xff,
    0xf0, 0x3f, 0xff, 0xf0, 0x1f, 0xff, 0xf0, 0xf,
    0xff, 0xf0, 0x7, 0xff, 0xf0, 0x3, 0xff, 0xe0,
    0x1, 0xff, 0xc0, 0x0, 0xff, 0x80, 0x0, 0x7e,
    0x0, 0x0, 0x0,

    /* U+002A "*" */
    0x0, 0x1, 0xff, 0xc0, 0x0, 0x0, 0x0, 0xff,
    0xe0, 0x0, 0x0, 0x0, 0x7f, 0xf0, 0x0, 0x0,
    0x0, 0x3f, 0xf8, 0x0, 0x0, 0x0, 0xf, 0xfc,
    0x0, 0x0, 0x20, 0x7, 0xfe, 0x0, 0x0, 0x18,
    0x3, 0xfe, 0x0, 0xc0, 0x1e, 0x1, 0xff, 0x0,
    0xf0, 0xf, 0xc0, 0xff, 0x80, 0xfc, 0xf, 0xf0,
    0x7f, 0xc1, 0xfe, 0xf, 0xfc, 0x1f, 0xe1, 0xff,
    0x87, 0xff, 0x8f, 0xf1, 0xff, 0xc7, 0xff, 0xe7,
    0xfb, 0xff, 0xf3, 0xff, 0xfb, 0xff, 0xff, 0xff,
    0xff, 0xff, 0xff, 0xff, 0xfe, 0xff, 0xff, 0xff,
    0xff, 0xfe, 0x1f, 0xff, 0xff, 0xff, 0xfc, 0x1,
    0xff, 0xff, 0xff, 0xf0, 0x0, 0x3f, 0xff, 0xff,
    0xe0, 0x0, 0x3, 0xff, 0xff, 0x80, 0x0, 0x0,
    0x7f, 0xff, 0x0, 0x0, 0x1, 0xff, 0xff, 0xf0,
    0x0, 0x3, 0xff, 0xff, 0xfe, 0x0, 0x7, 0xff,
    0xff, 0xff, 0xe0, 0x1f, 0xff, 0xff, 0xff, 0xfc,
    0x3f, 0xff, 0xff, 0xff, 0xff, 0xbf, 0xff, 0xff,
    0xff, 0xff, 0xef, 0xff, 0xef, 0xff, 0xff, 0xf7,
    0xff, 0xc7, 0xf9, 0xff, 0xf1, 0xff, 0xc3, 0xfc,
    0x7f, 0xf0, 0xff, 0xc3, 0xfe, 0x1f, 0xf8, 0x3f,
    0xc1, 0xff, 0x3, 0xf8, 0xf, 0x80, 0xff, 0x80,
    0xfc, 0x7, 0x80, 0x7f, 0xc0, 0x3c, 0x1, 0x80,
    0x3f, 0xe0, 0xc, 0x0, 0x80, 0x1f, 0xf8, 0x0,
    0x0, 0x0, 0xf, 0xfc, 0x0, 0x0, 0x0, 0xf,
    0xfe, 0x0, 0x0, 0x0, 0x7, 0xff, 0x0, 0x0,
    0x0, 0x3, 0xff, 0x80, 0x0, 0x0, 0x1, 0xff,
    0xc0, 0x0, 0x0,

    /* U+002B "+" */
    0x0, 0x3f, 0xf8, 0x0, 0x0, 0x3f, 0xf8, 0x0,
    0x0, 0x3f, 0xf8, 0x0, 0x0, 0x3f, 0xf8, 0x0,
    0x0, 0x3f, 0xf8, 0x0, 0x0, 0x3f, 0xf8, 0x0,
    0x0, 0x3f, 0xf8, 0x0, 0x0, 0x3f, 0xf8, 0x0,
    0x0, 0x3f, 0xf8, 0x0, 0x0, 0x3f, 0xf8, 0x0,
    0xff, 0xff, 0xff, 0xff, 0xff, 0xff, 0xff, 0xff,
    0xff, 0xff, 0xff, 0xff, 0xff, 0xff, 0xff, 0xff,
    0xff, 0xff, 0xff, 0xff, 0xff, 0xff, 0xff, 0xff,
    0xff, 0xff, 0xff, 0xff, 0xff, 0xff, 0xff, 0xff,
    0xff, 0xff, 0xff, 0xff, 0xff, 0xff, 0xff, 0xff,
    0xff, 0xff, 0xff, 0xff, 0x0, 0x3f, 0xf8, 0x0,
    0x0, 0x3f, 0xf8, 0x0, 0x0, 0x3f, 0xf8, 0x0,
    0x0, 0x3f, 0xf8, 0x0, 0x0, 0x3f, 0xf8, 0x0,
    0x0, 0x3f, 0xf8, 0x0, 0x0, 0x3f, 0xf8, 0x0,
    0x0, 0x3f, 0xf8, 0x0, 0x0, 0x3f, 0xf8, 0x0,
    0x0, 0x3f, 0xf8, 0x0,

    /* U+002C "," */
    0xff, 0xff, 0xff, 0xff, 0xff, 0xff, 0xff, 0xff,
    0xff, 0xff, 0xff, 0xff, 0xff, 0xff, 0xff, 0xff,
    0xff, 0xff, 0xff, 0xff, 0xff, 0xff, 0xff, 0xff,
    0xff, 0xff, 0xff, 0xff, 0xff, 0xff, 0xff, 0xf0,
    0x3f, 0xfc, 0xf, 0xfe, 0x7, 0xff, 0x81, 0xff,
    0xc0, 0x7f, 0xf0, 0x1f, 0xfc, 0xf, 0xfe, 0x3,
    0xff, 0x80, 0xff, 0xc0, 0x7f, 0xf0, 0x1f, 0xfc,
    0x7, 0xfe, 0x0,

    /* U+002D "-" */
    0xff, 0xff, 0xff, 0xff, 0xff, 0xff, 0xff, 0xff,
    0xff, 0xff, 0xff, 0xff, 0xff, 0xff, 0xff, 0xff,
    0xff, 0xff, 0xff, 0xff, 0xff, 0xff, 0xff, 0xff,
    0xff, 0xff, 0xff, 0xff, 0xff, 0xff, 0xff, 0xff,
    0xff, 0xff, 0xe0,

    /* U+002E "." */
    0xff, 0xff, 0xff, 0xff, 0xff, 0xff, 0xff, 0xff,
    0xff, 0xff, 0xff, 0xff, 0xff, 0xff, 0xff, 0xff,
    0xff, 0xff, 0xff, 0xff, 0xff, 0xff, 0xff, 0xff,
    0xff, 0xff, 0xff, 0xff, 0xff, 0xff, 0xff, 0xf0,

    /* U+002F "/" */
    0x0, 0x0, 0xf, 0xff, 0xfc, 0x0, 0x0, 0x3f,
    0xff, 0xf0, 0x0, 0x0, 0xff, 0xff, 0xc0, 0x0,
    0x3, 0xff, 0xff, 0x0, 0x0, 0x1f, 0xff, 0xf8,
    0x0, 0x0, 0x7f, 0xff, 0xe0, 0x0, 0x1, 0xff,
    0xff, 0x80, 0x0, 0x7, 0xff, 0xfe, 0x0, 0x0,
    0x1f, 0xff, 0xf0, 0x0, 0x0, 0xff, 0xff, 0xc0,
    0x0, 0x3, 0xff, 0xff, 0x0, 0x0, 0xf, 0xff,
    0xfc, 0x0, 0x0, 0x3f, 0xff, 0xe0, 0x0, 0x1,
    0xff, 0xff, 0x80, 0x0, 0x7, 0xff, 0xfe, 0x0,
    0x0, 0x1f, 0xff, 0xf8, 0x0, 0x0, 0x7f, 0xff,
    0xe0, 0x0, 0x3, 0xff, 0xff, 0x0, 0x0, 0xf,
    0xff, 0xfc, 0x0, 0x0, 0x3f, 0xff, 0xf0, 0x0,
    0x0, 0xff, 0xff, 0xc0, 0x0, 0x3, 0xff, 0xfe,
    0x0, 0x0, 0x1f, 0xff, 0xf8, 0x0, 0x0, 0x7f,
    0xff, 0xe0, 0x0, 0x1, 0xff, 0xff, 0x80, 0x0,
    0x7, 0xff, 0xfc, 0x0, 0x0, 0x3f, 0xff, 0xf0,
    0x0, 0x0, 0xff, 0xff, 0xc0, 0x0, 0x3, 0xff,
    0xff, 0x0, 0x0, 0xf, 0xff, 0xf8, 0x0, 0x0,
    0x7f, 0xff, 0xe0, 0x0, 0x1, 0xff, 0xff, 0x80,
    0x0, 0x7, 0xff, 0xfe, 0x0, 0x0, 0x1f, 0xff,
    0xf8, 0x0, 0x0, 0x7f, 0xff, 0xc0, 0x0, 0x3,
    0xff, 0xff, 0x0, 0x0, 0xf, 0xff, 0xfc, 0x0,
    0x0, 0x3f, 0xff, 0xf0, 0x0, 0x0, 0xff, 0xff,
    0x80, 0x0, 0x7, 0xff, 0xfe, 0x0, 0x0, 0x1f,
    0xff, 0xf8, 0x0, 0x0, 0x7f, 0xff, 0xe0, 0x0,
    0x1, 0xff, 0xff, 0x0, 0x0, 0xf, 0xff, 0xfc,
    0x0, 0x0, 0x3f, 0xff, 0xf0, 0x0, 0x0, 0xff,
    0xff, 0xc0, 0x0, 0x3, 0xff, 0xff, 0x0, 0x0,
    0xf, 0xff, 0xf8, 0x0, 0x0, 0x7f, 0xff, 0xe0,
    0x0, 0x1, 0xff, 0xff, 0x80, 0x0, 0x7, 0xff,
    0xfe, 0x0, 0x0, 0x1f, 0xff, 0xf0, 0x0, 0x0,
    0xff, 0xff, 0xc0, 0x0, 0x3, 0xff, 0xff, 0x0,
    0x0, 0xf, 0xff, 0xfc, 0x0, 0x0, 0x3f, 0xff,
    0xe0, 0x0, 0x1, 0xff, 0xff, 0x80, 0x0, 0x7,
    0xff, 0xfe, 0x0, 0x0, 0x1f, 0xff, 0xf8, 0x0,
    0x0, 0x7f, 0xff, 0xe0, 0x0, 0x1, 0xff, 0xff,
    0x0, 0x0, 0xf, 0xff, 0xfc, 0x0, 0x0, 0x3f,
    0xff, 0xf0, 0x0, 0x0, 0xff, 0xff, 0xc0, 0x0,
    0x3, 0xff, 0xfe, 0x0, 0x0, 0x1f, 0xff, 0xf8,
    0x0, 0x0, 0x7f, 0xff, 0xe0, 0x0, 0x1, 0xff,
    0xff, 0x80, 0x0, 0x7, 0xff, 0xfc, 0x0, 0x0,
    0x3f, 0xff, 0xf0, 0x0, 0x0, 0xff, 0xff, 0xc0,
    0x0, 0x3, 0xff, 0xff, 0x0, 0x0, 0xf, 0xff,
    0xfc, 0x0, 0x0, 0x3f, 0xff, 0xe0, 0x0, 0x1,
    0xff, 0xff, 0x80, 0x0, 0x7, 0xff, 0xfe, 0x0,
    0x0, 0x1f, 0xff, 0xf8, 0x0, 0x0, 0x7f, 0xff,
    0xc0, 0x0, 0x3, 0xff, 0xff, 0x0, 0x0, 0xf,
    0xff, 0xfc, 0x0, 0x0, 0x3f, 0xff, 0xf0, 0x0,
    0x0, 0xff, 0xff, 0x80, 0x0, 0x7, 0xff, 0xfe,
    0x0, 0x0, 0x1f, 0xff, 0xf8, 0x0, 0x0, 0x7f,
    0xff, 0xe0, 0x0, 0x1, 0xff, 0xff, 0x80, 0x0,
    0x7, 0xff, 0xfc, 0x0, 0x0, 0x0,

    /* U+0030 "0" */
    0x0, 0x0, 0x7f, 0xf0, 0x0, 0x0, 0x0, 0x3f,
    0xff, 0xf8, 0x0, 0x0, 0x7, 0xff, 0xff, 0xf0,
    0x0, 0x0, 0xff, 0xff, 0xff, 0xe0, 0x0, 0xf,
    0xff, 0xff, 0xff, 0x80, 0x0, 0xff, 0xff, 0xff,
    0xff, 0x0, 0xf, 0xff, 0xff, 0xff, 0xf8, 0x0,
    0xff, 0xff, 0xff, 0xff, 0xe0, 0xf, 0xff, 0xff,
    0xff, 0xff, 0x80, 0xff, 0xff, 0xff, 0xff, 0xfe,
    0x7, 0xff, 0xff, 0xff, 0xff, 0xf0, 0x7f, 0xff,
    0xff, 0xff, 0xff, 0xc3, 0xff, 0xff, 0xff, 0xff,
    0xfe, 0x1f, 0xff, 0xff, 0xff, 0xff, 0xf1, 0xff,
    0xff, 0xff, 0xff, 0xff, 0xcf, 0xff, 0xff, 0xff,
    0xff, 0xfe, 0x7f, 0xff, 0xf0, 0x7f, 0xff, 0xf3,
    0xff, 0xff, 0x1, 0xff, 0xff, 0xbf, 0xff, 0xf8,
    0xf, 0xff, 0xfd, 0xff, 0xff, 0x80, 0x3f, 0xff,
    0xff, 0xff, 0xfc, 0x1, 0xff, 0xff, 0xff, 0xff,
    0xe0, 0xf, 0xff, 0xff, 0xff, 0xff, 0x0, 0x7f,
    0xff, 0xff, 0xff, 0xf8, 0x3, 0xff, 0xff, 0xff,
    0xff, 0xc0, 0x1f, 0xff, 0xff, 0xff, 0xfe, 0x0,
    0xff, 0xff, 0xff, 0xff, 0xf0, 0x7, 0xff, 0xff,
    0xff, 0xff, 0x80, 0x3f, 0xff, 0xff, 0xff, 0xfc,
    0x1, 0xff, 0xff, 0xff, 0xff, 0xe0, 0xf, 0xff,
    0xff, 0xff, 0xff, 0x0, 0x7f, 0xff, 0xff, 0xff,
    0xf8, 0x3, 0xff, 0xff, 0xff, 0xff, 0xc0, 0x1f,
    0xff, 0xff, 0xff, 0xfe, 0x0, 0xff, 0xff, 0xff,
    0xff, 0xf0, 0x7, 0xff, 0xff, 0xff, 0xff, 0x80,
    0x3f, 0xff, 0xff, 0xff, 0xfc, 0x1, 0xff, 0xff,
    0xff, 0xff, 0xe0, 0xf, 0xff, 0xff, 0xff, 0xff,
    0x0, 0x7f, 0xff, 0xff, 0xff, 0xf8, 0x3, 0xff,
    0xff, 0xff, 0xff, 0xc0, 0x1f, 0xff, 0xff, 0xff,
    0xfe, 0x0, 0xff, 0xff, 0xff, 0xff, 0xf0, 0x7,
    0xff, 0xff, 0xff, 0xff, 0x80, 0x3f, 0xff, 0xff,
    0xff, 0xfc, 0x1, 0xff, 0xff, 0xff, 0xff, 0xe0,
    0xf, 0xff, 0xff, 0xff, 0xff, 0x0, 0x7f, 0xff,
    0xff, 0xff, 0xf8, 0x3, 0xff, 0xff, 0xff, 0xff,
    0xc0, 0x1f, 0xff, 0xff, 0xff, 0xfe, 0x0, 0xff,
    0xff, 0xff, 0xff, 0xf0, 0x7, 0xff, 0xff, 0xff,
    0xff, 0x80, 0x3f, 0xff, 0xff, 0xff, 0xfc, 0x1,
    0xff, 0xff, 0xff, 0xff, 0xe0, 0xf, 0xff, 0xff,
    0xff, 0xff, 0x0, 0x7f, 0xff, 0xff, 0xff, 0xf8,
    0x3, 0xff, 0xff, 0xff, 0xff, 0xc0, 0x1f, 0xff,
    0xff, 0xff, 0xfe, 0x0, 0xff, 0xff, 0xff, 0xff,
    0xf0, 0x7, 0xff, 0xff, 0xff, 0xff, 0x80, 0x3f,
    0xff, 0xff, 0xff, 0xfc, 0x1, 0xff, 0xff, 0xff,
    0xff, 0xe0, 0xf, 0xff, 0xff, 0xff, 0xff, 0x0,
    0x7f, 0xff, 0xff, 0xff, 0xf8, 0x3, 0xff, 0xff,
    0xff, 0xff, 0xc0, 0x1f, 0xff, 0xff, 0xff, 0xfe,
    0x0, 0xff, 0xff, 0xff, 0xff, 0xf0, 0x7, 0xff,
    0xff, 0xff, 0xff, 0x80, 0x3f, 0xff, 0xff, 0xff,
    0xfc, 0x1, 0xff, 0xff, 0xff, 0xff, 0xf0, 0x1f,
    0xff, 0xff, 0xff, 0xff, 0x80, 0xff, 0xff, 0xcf,
    0xff, 0xff, 0x1f, 0xff, 0xfe, 0x7f, 0xff, 0xff,
    0xff, 0xff, 0xf3, 0xff, 0xff, 0xff, 0xff, 0xff,
    0x9f, 0xff, 0xff, 0xff, 0xff, 0xfc, 0x7f, 0xff,
    0xff, 0xff, 0xff, 0xc3, 0xff, 0xff, 0xff, 0xff,
    0xfe, 0xf, 0xff, 0xff, 0xff, 0xff, 0xe0, 0x7f,
    0xff, 0xff, 0xff, 0xff, 0x1, 0xff, 0xff, 0xff,
    0xff, 0xf0, 0x7, 0xff, 0xff, 0xff, 0xff, 0x0,
    0x3f, 0xff, 0xff, 0xff, 0xf0, 0x0, 0xff, 0xff,
    0xff, 0xff, 0x0, 0x1, 0xff, 0xff, 0xff, 0xf0,
    0x0, 0x7, 0xff, 0xff, 0xff, 0x0, 0x0, 0xf,
    0xff, 0xff, 0xe0, 0x0, 0x0, 0x1f, 0xff, 0xfc,
    0x0, 0x0, 0x0, 0xf, 0xfe, 0x0, 0x0,

    /* U+0031 "1" */
    0x0, 0x1, 0xff, 0xf8, 0x0, 0xf, 0xff, 0xc0,
    0x0, 0xff, 0xfe, 0x0, 0xf, 0xff, 0xf0, 0x0,
    0xff, 0xff, 0x80, 0xf, 0xff, 0xfc, 0x0, 0xff,
    0xff, 0xe0, 0xf, 0xff, 0xff, 0x1, 0xff, 0xff,
    0xf8, 0x3f, 0xff, 0xff, 0xcf, 0xff, 0xff, 0xff,
    0xff, 0xff, 0xff, 0xff, 0xff, 0xff, 0xff, 0xff,
    0xff, 0xff, 0xff, 0xff, 0xff, 0xff, 0xff, 0xff,
    0xff, 0xff, 0xff, 0xff, 0xff, 0xff, 0xff, 0xff,
    0xff, 0xff, 0xff, 0xff, 0xff, 0xff, 0xff, 0xff,
    0xff, 0xfd, 0xff, 0xff, 0xff, 0xcf, 0xff, 0xff,
    0xfc, 0x7f, 0xff, 0xff, 0x83, 0xff, 0xff, 0x0,
    0x1f, 0xff, 0xf8, 0x0, 0xff, 0xff, 0xc0, 0x7,
    0xff, 0xfe, 0x0, 0x3f, 0xff, 0xf0, 0x1, 0xff,
    0xff, 0x80, 0xf, 0xff, 0xfc, 0x0, 0x7f, 0xff,
    0xe0, 0x3, 0xff, 0xff, 0x0, 0x1f, 0xff, 0xf8,
    0x0, 0xff, 0xff, 0xc0, 0x7, 0xff, 0xfe, 0x0,
    0x3f, 0xff, 0xf0, 0x1, 0xff, 0xff, 0x80, 0xf,
    0xff, 0xfc, 0x0, 0x7f, 0xff, 0xe0, 0x3, 0xff,
    0xff, 0x0, 0x1f, 0xff, 0xf8, 0x0, 0xff, 0xff,
    0xc0, 0x7, 0xff, 0xfe, 0x0, 0x3f, 0xff, 0xf0,
    0x1, 0xff, 0xff, 0x80, 0xf, 0xff, 0xfc, 0x0,
    0x7f, 0xff, 0xe0, 0x3, 0xff, 0xff, 0x0, 0x1f,
    0xff, 0xf8, 0x0, 0xff, 0xff, 0xc0, 0x7, 0xff,
    0xfe, 0x0, 0x3f, 0xff, 0xf0, 0x1, 0xff, 0xff,
    0x80, 0xf, 0xff, 0xfc, 0x0, 0x7f, 0xff, 0xe0,
    0x3, 0xff, 0xff, 0x0, 0x1f, 0xff, 0xf8, 0x0,
    0xff, 0xff, 0xc0, 0x7, 0xff, 0xfe, 0x0, 0x3f,
    0xff, 0xf0, 0x1, 0xff, 0xff, 0x80, 0xf, 0xff,
    0xfc, 0x0, 0x7f, 0xff, 0xe0, 0x3, 0xff, 0xff,
    0x0, 0x1f, 0xff, 0xf8, 0x0, 0xff, 0xff, 0xc0,
    0x7, 0xff, 0xfe, 0x0, 0x3f, 0xff, 0xf0, 0x1,
    0xff, 0xff, 0x80, 0xf, 0xff, 0xfc, 0x0, 0x7f,
    0xff, 0xe0, 0x3, 0xff, 0xff, 0x0, 0x1f, 0xff,
    0xf8, 0x0, 0xff, 0xff, 0xc0, 0x7, 0xff, 0xfe,
    0x0, 0x3f, 0xff, 0xf0, 0x1, 0xff, 0xff, 0x80,
    0xf, 0xff, 0xfc, 0x0, 0x7f, 0xff, 0xe0, 0x3,
    0xff, 0xff, 0x0, 0x1f, 0xff, 0xf8, 0x0, 0xff,
    0xff, 0xc0, 0x7, 0xff, 0xfe, 0x0, 0x3f, 0xff,
    0xf0, 0x1, 0xff, 0xff, 0x80, 0xf, 0xff, 0xfc,

    /* U+0032 "2" */
    0x0, 0x0, 0xff, 0xf0, 0x0, 0x0, 0x0, 0x3f,
    0xff, 0xf8, 0x0, 0x0, 0xf, 0xff, 0xff, 0xf0,
    0x0, 0x0, 0xff, 0xff, 0xff, 0xe0, 0x0, 0x1f,
    0xff, 0xff, 0xff, 0x80, 0x1, 0xff, 0xff, 0xff,
    0xff, 0x0, 0x1f, 0xff, 0xff, 0xff, 0xfc, 0x0,
    0xff, 0xff, 0xff, 0xff, 0xe0, 0xf, 0xff, 0xff,
    0xff, 0xff, 0x80, 0xff, 0xff, 0xff, 0xff, 0xfe,
    0x7, 0xff, 0xff, 0xff, 0xff, 0xf0, 0x3f, 0xff,
    0xff, 0xff, 0xff, 0xc3, 0xff, 0xff, 0xff, 0xff,
    0xfe, 0x1f, 0xff, 0xff, 0xff, 0xff, 0xf8, 0xff,
    0xff, 0xff, 0xff, 0xff, 0xcf, 0xff, 0xff, 0xff,
    0xff, 0xfe, 0x7f, 0xff, 0xf0, 0x7f, 0xff, 0xf3,
    0xff, 0xff, 0x1, 0xff, 0xff, 0xdf, 0xff, 0xf8,
    0xf, 0xff, 0xfe, 0xff, 0xff, 0x80, 0x3f, 0xff,
    0xff, 0xff, 0xfc, 0x1, 0xff, 0xff, 0xff, 0xff,
    0xe0, 0xf, 0xff, 0xff, 0xff, 0xff, 0x0, 0x7f,
    0xff, 0xff, 0xff, 0xf8, 0x3, 0xff, 0xff, 0xff,
    0xff, 0xc0, 0x1f, 0xff, 0xff, 0xff, 0xfe, 0x0,
    0xff, 0xff, 0xff, 0xff, 0xf0, 0x7, 0xff, 0xff,
    0xff, 0xff, 0x80, 0x3f, 0xff, 0xff, 0xff, 0xfc,
    0x1, 0xff, 0xff, 0xff, 0xff, 0xe0, 0x1f, 0xff,
    0xff, 0xff, 0xff, 0x0, 0xff, 0xff, 0xdf, 0xff,
    0xf8, 0x7, 0xff, 0xfe, 0xff, 0xff, 0xc0, 0x3f,
    0xff, 0xf7, 0xff, 0xfe, 0x3, 0xff, 0xff, 0x80,
    0x0, 0x0, 0x1f, 0xff, 0xfc, 0x0, 0x0, 0x0,
    0xff, 0xff, 0xc0, 0x0, 0x0, 0xf, 0xff, 0xfe,
    0x0, 0x0, 0x0, 0x7f, 0xff, 0xf0, 0x0, 0x0,
    0x7, 0xff, 0xff, 0x0, 0x0, 0x0, 0x3f, 0xff,
    0xf8, 0x0, 0x0, 0x3, 0xff, 0xff, 0x80, 0x0,
    0x0, 0x1f, 0xff, 0xfc, 0x0, 0x0, 0x1, 0xff,
    0xff, 0xc0, 0x0, 0x0, 0x1f, 0xff, 0xfe, 0x0,
    0x0, 0x0, 0xff, 0xff, 0xe0, 0x0, 0x0, 0xf,
    0xff, 0xff, 0x0, 0x0, 0x0, 0xff, 0xff, 0xf0,
    0x0, 0x0, 0x7, 0xff, 0xff, 0x0, 0x0, 0x0,
    0x7f, 0xff, 0xf8, 0x0, 0x0, 0x7, 0xff, 0xff,
    0x80, 0x0, 0x0, 0x7f, 0xff, 0xf8, 0x0, 0x0,
    0x7, 0xff, 0xff, 0x80, 0x0, 0x0, 0x3f, 0xff,
    0xfc, 0x0, 0x0, 0x3, 0xff, 0xff, 0xc0, 0x0,
    0x0, 0x3f, 0xff, 0xfc, 0x0, 0x0, 0x3, 0xff,
    0xff, 0xc0, 0x0, 0x0, 0x3f, 0xff, 0xfc, 0x0,
    0x0, 0x1, 0xff, 0xff, 0xe0, 0x0, 0x0, 0x1f,
    0xff, 0xfe, 0x0, 0x0, 0x1, 0xff, 0xff, 0xe0,
    0x0, 0x0, 0x1f, 0xff, 0xfe, 0x0, 0x0, 0x0,
    0xff, 0xff, 0xf0, 0x0, 0x0, 0xf, 0xff, 0xff,
    0x0, 0x0, 0x0, 0xff, 0xff, 0xf0, 0x0, 0x0,
    0x7, 0xff, 0xff, 0x0, 0x0, 0x0, 0x7f, 0xff,
    0xf8, 0x0, 0x0, 0x3, 0xff, 0xff, 0x80, 0x0,
    0x0, 0x3f, 0xff, 0xf8, 0x0, 0x0, 0x1, 0xff,
    0xff, 0xc0, 0x0, 0x0, 0x1f, 0xff, 0xfc, 0x0,
    0x0, 0x0, 0xff, 0xff, 0xff, 0xff, 0xff, 0xe7,
    0xff, 0xff, 0xff, 0xff, 0xff, 0x7f, 0xff, 0xff,
    0xff, 0xff, 0xfb, 0xff, 0xff, 0xff, 0xff, 0xff,
    0xdf, 0xff, 0xff, 0xff, 0xff, 0xfe, 0xff, 0xff,
    0xff, 0xff, 0xff, 0xff, 0xff, 0xff, 0xff, 0xff,
    0xff, 0xff, 0xff, 0xff, 0xff, 0xff, 0xff, 0xff,
    0xff, 0xff, 0xff, 0xff, 0xff, 0xff, 0xff, 0xff,
    0xff, 0xff, 0xff, 0xff, 0xff, 0xff, 0xff, 0xff,
    0xff, 0xff, 0xff, 0xff, 0xff, 0xff, 0xff, 0xff,
    0xff, 0xff, 0xff, 0xff, 0xff, 0xff, 0xff, 0xff,
    0xff, 0xff, 0xff, 0xff, 0xff, 0xff, 0xff, 0xff,
    0xff, 0xff, 0xff, 0xfc,

    /* U+0033 "3" */
    0x0, 0x0, 0xff, 0xf8, 0x0, 0x0, 0x0, 0x7f,
    0xff, 0xfc, 0x0, 0x0, 0xf, 0xff, 0xff, 0xf8,
    0x0, 0x1, 0xff, 0xff, 0xff, 0xf0, 0x0, 0x1f,
    0xff, 0xff, 0xff, 0xc0, 0x1, 0xff, 0xff, 0xff,
    0xff, 0x0, 0x1f, 0xff, 0xff, 0xff, 0xfc, 0x1,
    0xff, 0xff, 0xff, 0xff, 0xf0, 0x1f, 0xff, 0xff,
    0xff, 0xff, 0xc0, 0xff, 0xff, 0xff, 0xff, 0xfe,
    0xf, 0xff, 0xff, 0xff, 0xff, 0xf8, 0x7f, 0xff,
    0xff, 0xff, 0xff, 0xc7, 0xff, 0xff, 0xff, 0xff,
    0xfe, 0x3f, 0xff, 0xff, 0xff, 0xff, 0xf9, 0xff,
    0xff, 0xff, 0xff, 0xff, 0xcf, 0xff, 0xff, 0xff,
    0xff, 0xfe, 0xff, 0xff, 0xf8, 0x7f, 0xff, 0xf7,
    0xff, 0xff, 0x1, 0xff, 0xff, 0xff, 0xff, 0xf8,
    0xf, 0xff, 0xff, 0xff, 0xff, 0xc0, 0x3f, 0xff,
    0xff, 0xff, 0xfc, 0x1, 0xff, 0xff, 0xff, 0xff,
    0xe0, 0xf, 0xff, 0xff, 0xff, 0xff, 0x0, 0x7f,
    0xff, 0xff, 0xff, 0xf8, 0x3, 0xff, 0xff, 0xff,
    0xff, 0xc0, 0x1f, 0xff, 0xff, 0xff, 0xfe, 0x0,
    0xff, 0xff, 0xc0, 0x0, 0x0, 0x7, 0xff, 0xfe,
    0x0, 0x0, 0x0, 0x7f, 0xff, 0xf0, 0x0, 0x0,
    0x3, 0xff, 0xff, 0x80, 0x0, 0x0, 0x3f, 0xff,
    0xf8, 0x0, 0x0, 0x3, 0xff, 0xff, 0xc0, 0x0,
    0x0, 0x7f, 0xff, 0xfe, 0x0, 0x0, 0x3f, 0xff,
    0xff, 0xf0, 0x0, 0x1, 0xff, 0xff, 0xff, 0x0,
    0x0, 0xf, 0xff, 0xff, 0xf8, 0x0, 0x0, 0x7f,
    0xff, 0xff, 0x80, 0x0, 0x3, 0xff, 0xff, 0xf8,
    0x0, 0x0, 0x1f, 0xff, 0xff, 0x80, 0x0, 0x0,
    0xff, 0xff, 0xf8, 0x0, 0x0, 0x7, 0xff, 0xff,
    0x0, 0x0, 0x0, 0x3f, 0xff, 0xfe, 0x0, 0x0,
    0x1, 0xff, 0xff, 0xf8, 0x0, 0x0, 0xf, 0xff,
    0xff, 0xe0, 0x0, 0x0, 0x7f, 0xff, 0xff, 0x80,
    0x0, 0x3, 0xff, 0xff, 0xfe, 0x0, 0x0, 0x1f,
    0xff, 0xff, 0xf0, 0x0, 0x0, 0xff, 0xff, 0xff,
    0xc0, 0x0, 0x0, 0x7f, 0xff, 0xfe, 0x0, 0x0,
    0x0, 0xff, 0xff, 0xf0, 0x0, 0x0, 0x3, 0xff,
    0xff, 0x80, 0x0, 0x0, 0xf, 0xff, 0xfc, 0x0,
    0x0, 0x0, 0x7f, 0xff, 0xf0, 0x0, 0x0, 0x3,
    0xff, 0xff, 0x80, 0x0, 0x0, 0xf, 0xff, 0xff,
    0xff, 0xff, 0x0, 0x7f, 0xff, 0xff, 0xff, 0xf8,
    0x3, 0xff, 0xff, 0xff, 0xff, 0xc0, 0x1f, 0xff,
    0xff, 0xff, 0xfe, 0x0, 0xff, 0xff, 0xff, 0xff,
    0xf0, 0x7, 0xff, 0xff, 0xff, 0xff, 0x80, 0x3f,
    0xff, 0xff, 0xff, 0xfc, 0x1, 0xff, 0xff, 0xff,
    0xff, 0xe0, 0xf, 0xff, 0xff, 0xff, 0xff, 0x0,
    0x7f, 0xff, 0xff, 0xff, 0xf8, 0x3, 0xff, 0xff,
    0xff, 0xff, 0xc0, 0x1f, 0xff, 0xff, 0xff, 0xfe,
    0x0, 0xff, 0xff, 0xff, 0xff, 0xf0, 0x7, 0xff,
    0xff, 0xff, 0xff, 0x80, 0x7f, 0xff, 0xef, 0xff,
    0xfe, 0x3, 0xff, 0xff, 0x7f, 0xff, 0xf0, 0x1f,
    0xff, 0xf9, 0xff, 0xff, 0xc1, 0xff, 0xff, 0xcf,
    0xff, 0xff, 0xff, 0xff, 0xfe, 0x7f, 0xff, 0xff,
    0xff, 0xff, 0xe3, 0xff, 0xff, 0xff, 0xff, 0xff,
    0xf, 0xff, 0xff, 0xff, 0xff, 0xf8, 0x7f, 0xff,
    0xff, 0xff, 0xff, 0x83, 0xff, 0xff, 0xff, 0xff,
    0xfc, 0xf, 0xff, 0xff, 0xff, 0xff, 0xc0, 0x7f,
    0xff, 0xff, 0xff, 0xfe, 0x1, 0xff, 0xff, 0xff,
    0xff, 0xe0, 0x7, 0xff, 0xff, 0xff, 0xfe, 0x0,
    0x1f, 0xff, 0xff, 0xff, 0xe0, 0x0, 0x7f, 0xff,
    0xff, 0xfe, 0x0, 0x1, 0xff, 0xff, 0xff, 0xe0,
    0x0, 0x3, 0xff, 0xff, 0xfc, 0x0, 0x0, 0x7,
    0xff, 0xff, 0x80, 0x0, 0x0, 0x3, 0xff, 0xc0,
    0x0, 0x0,

    /* U+0034 "4" */
    0x0, 0x0, 0xff, 0xff, 0xff, 0xe0, 0x0, 0x0,
    0xff, 0xff, 0xff, 0xe0, 0x0, 0x1, 0xff, 0xff,
    0xff, 0xe0, 0x0, 0x1, 0xff, 0xff, 0xff, 0xe0,
    0x0, 0x1, 0xff, 0xff, 0xff, 0xe0, 0x0, 0x1,
    0xff, 0xff, 0xff, 0xe0, 0x0, 0x3, 0xff, 0xff,
    0xff, 0xe0, 0x0, 0x3, 0xff, 0xff, 0xff, 0xe0,
    0x0, 0x3, 0xff, 0xff, 0xff, 0xe0, 0x0, 0x3,
    0xff, 0xff, 0xff, 0xe0, 0x0, 0x7, 0xff, 0xff,
    0xff, 0xe0, 0x0, 0x7, 0xff, 0xff, 0xff, 0xe0,
    0x0, 0x7, 0xff, 0xff, 0xff, 0xe0, 0x0, 0xf,
    0xff, 0xff, 0xff, 0xe0, 0x0, 0xf, 0xff, 0xff,
    0xff, 0xe0, 0x0, 0xf, 0xff, 0xff, 0xff, 0xe0,
    0x0, 0xf, 0xff, 0xff, 0xff, 0xe0, 0x0, 0x1f,
    0xff, 0xff, 0xff, 0xe0, 0x0, 0x1f, 0xff, 0x7f,
    0xff, 0xe0, 0x0, 0x1f, 0xff, 0x7f, 0xff, 0xe0,
    0x0, 0x1f, 0xff, 0x7f, 0xff, 0xe0, 0x0, 0x3f,
    0xff, 0x7f, 0xff, 0xe0, 0x0, 0x3f, 0xfe, 0x7f,
    0xff, 0xe0, 0x0, 0x3f, 0xfe, 0x7f, 0xff, 0xe0,
    0x0, 0x7f, 0xfe, 0x7f, 0xff, 0xe0, 0x0, 0x7f,
    0xfe, 0x7f, 0xff, 0xe0, 0x0, 0x7f, 0xfc, 0x7f,
    0xff, 0xe0, 0x0, 0x7f, 0xfc, 0x7f, 0xff, 0xe0,
    0x0, 0xff, 0xfc, 0x7f, 0xff, 0xe0, 0x0, 0xff,
    0xfc, 0x7f, 0xff, 0xe0, 0x0, 0xff, 0xfc, 0x7f,
    0xff, 0xe0, 0x0, 0xff, 0xf8, 0x7f, 0xff, 0xe0,
    0x1, 0xff, 0xf8, 0x7f, 0xff, 0xe0, 0x1, 0xff,
    0xf8, 0x7f, 0xff, 0xe0, 0x1, 0xff, 0xf8, 0x7f,
    0xff, 0xe0, 0x1, 0xff, 0xf0, 0x7f, 0xff, 0xe0,
    0x3, 0xff, 0xf0, 0x7f, 0xff, 0xe0, 0x3, 0xff,
    0xf0, 0x7f, 0xff, 0xe0, 0x3, 0xff, 0xf0, 0x7f,
    0xff, 0xe0, 0x7, 0xff, 0xf0, 0x7f, 0xff, 0xe0,
    0x7, 0xff, 0xe0, 0x7f, 0xff, 0xe0, 0x7, 0xff,
    0xe0, 0x7f, 0xff, 0xe0, 0x7, 0xff, 0xe0, 0x7f,
    0xff, 0xe0, 0xf, 0xff, 0xe0, 0x7f, 0xff, 0xe0,
    0xf, 0xff, 0xc0, 0x7f, 0xff, 0xe0, 0xf, 0xff,
    0xc0, 0x7f, 0xff, 0xe0, 0xf, 0xff, 0xc0, 0x7f,
    0xff, 0xe0, 0x1f, 0xff, 0xc0, 0x7f, 0xff, 0xe0,
    0x1f, 0xff, 0x80, 0x7f, 0xff, 0xe0, 0x1f, 0xff,
    0x80, 0x7f, 0xff, 0xe0, 0x1f, 0xff, 0x80, 0x7f,
    0xff, 0xe0, 0x3f, 0xff, 0x80, 0x7f, 0xff, 0xe0,
    0x3f, 0xff, 0x80, 0x7f, 0xff, 0xe0, 0x3f, 0xff,
    0x0, 0x7f, 0xff, 0xe0, 0x7f, 0xff, 0x0, 0x7f,
    0xff, 0xe0, 0x7f, 0xff, 0x0, 0x7f, 0xff, 0xe0,
    0x7f, 0xff, 0x0, 0x7f, 0xff, 0xe0, 0x7f, 0xfe,
    0x0, 0x7f, 0xff, 0xe0, 0xff, 0xfe, 0x0, 0x7f,
    0xff, 0xe0, 0xff, 0xff, 0xff, 0xff, 0xff, 0xff,
    0xff, 0xff, 0xff, 0xff, 0xff, 0xff, 0xff, 0xff,
    0xff, 0xff, 0xff, 0xff, 0xff, 0xff, 0xff, 0xff,
    0xff, 0xff, 0xff, 0xff, 0xff, 0xff, 0xff, 0xff,
    0xff, 0xff, 0xff, 0xff, 0xff, 0xff, 0xff, 0xff,
    0xff, 0xff, 0xff, 0xff, 0xff, 0xff, 0xff, 0xff,
    0xff, 0xff, 0xff, 0xff, 0xff, 0xff, 0xff, 0xff,
    0xff, 0xff, 0xff, 0xff, 0xff, 0xff, 0xff, 0xff,
    0xff, 0xff, 0xff, 0xff, 0xff, 0xff, 0xff, 0xff,
    0xff, 0xff, 0xff, 0xff, 0xff, 0xff, 0xff, 0xff,
    0xff, 0xff, 0xff, 0xff, 0xff, 0xff, 0x0, 0x0,
    0x0, 0x7f, 0xff, 0xe0, 0x0, 0x0, 0x0, 0x7f,
    0xff, 0xe0, 0x0, 0x0, 0x0, 0x7f, 0xff, 0xe0,
    0x0, 0x0, 0x0, 0x7f, 0xff, 0xe0, 0x0, 0x0,
    0x0, 0x7f, 0xff, 0xe0, 0x0, 0x0, 0x0, 0x7f,
    0xff, 0xe0, 0x0, 0x0, 0x0, 0x7f, 0xff, 0xe0,
    0x0, 0x0, 0x0, 0x7f, 0xff, 0xe0, 0x0, 0x0,
    0x0, 0x7f, 0xff, 0xe0, 0x0, 0x0, 0x0, 0x7f,
    0xff, 0xe0, 0x0, 0x0, 0x0, 0x7f, 0xff, 0xe0,
    0x0, 0x0, 0x0, 0x7f, 0xff, 0xe0, 0x0, 0x0,
    0x0, 0x7f, 0xff, 0xe0, 0x0, 0x0, 0x0, 0x7f,
    0xff, 0xe0,

    /* U+0035 "5" */
    0x3f, 0xff, 0xff, 0xff, 0xff, 0xc1, 0xff, 0xff,
    0xff, 0xff, 0xfe, 0xf, 0xff, 0xff, 0xff, 0xff,
    0xf0, 0x7f, 0xff, 0xff, 0xff, 0xff, 0x83, 0xff,
    0xff, 0xff, 0xff, 0xfc, 0x1f, 0xff, 0xff, 0xff,
    0xff, 0xe0, 0xff, 0xff, 0xff, 0xff, 0xff, 0x7,
    0xff, 0xff, 0xff, 0xff, 0xf8, 0x3f, 0xff, 0xff,
    0xff, 0xff, 0xc1, 0xff, 0xff, 0xff, 0xff, 0xfe,
    0xf, 0xff, 0xff, 0xff, 0xff, 0xf0, 0x7f, 0xff,
    0xff, 0xff, 0xff, 0x83, 0xff, 0xff, 0xff, 0xff,
    0xfc, 0x1f, 0xff, 0xff, 0xff, 0xff, 0xe0, 0xff,
    0xff, 0xff, 0xff, 0xff, 0x7, 0xff, 0xff, 0xff,
    0xff, 0xf8, 0x3f, 0xff, 0xc0, 0x0, 0x0, 0x1,
    0xff, 0xfe, 0x0, 0x0, 0x0, 0xf, 0xff, 0xf0,
    0x0, 0x0, 0x0, 0x7f, 0xff, 0x80, 0x0, 0x0,
    0x3, 0xff, 0xfc, 0x0, 0x0, 0x0, 0x1f, 0xff,
    0xe0, 0x0, 0x0, 0x0, 0xff, 0xff, 0x0, 0x0,
    0x0, 0x7, 0xff, 0xf8, 0x0, 0x0, 0x0, 0x3f,
    0xff, 0xc1, 0xfe, 0x0, 0x1, 0xff, 0xfe, 0x3f,
    0xfe, 0x0, 0xf, 0xff, 0xf7, 0xff, 0xfc, 0x0,
    0x7f, 0xff, 0xff, 0xff, 0xf8, 0x3, 0xff, 0xff,
    0xff, 0xff, 0xe0, 0x1f, 0xff, 0xff, 0xff, 0xff,
    0x80, 0xff, 0xff, 0xff, 0xff, 0xfc, 0x7, 0xff,
    0xff, 0xff, 0xff, 0xf0, 0x3f, 0xff, 0xff, 0xff,
    0xff, 0xc1, 0xff, 0xff, 0xff, 0xff, 0xfe, 0xf,
    0xff, 0xff, 0xff, 0xff, 0xf0, 0x7f, 0xff, 0xff,
    0xff, 0xff, 0xc3, 0xff, 0xff, 0xff, 0xff, 0xfe,
    0x1f, 0xff, 0xff, 0xff, 0xff, 0xf0, 0xff, 0xff,
    0xe1, 0xff, 0xff, 0xc7, 0xff, 0xfc, 0x7, 0xff,
    0xfe, 0x3f, 0xff, 0xe0, 0x3f, 0xff, 0xf1, 0xff,
    0xfe, 0x1, 0xff, 0xff, 0x8f, 0xff, 0xf0, 0x7,
    0xff, 0xfc, 0x7f, 0xff, 0x80, 0x3f, 0xff, 0xe3,
    0xff, 0xfc, 0x1, 0xff, 0xff, 0x80, 0x0, 0x0,
    0xf, 0xff, 0xfc, 0x0, 0x0, 0x0, 0x7f, 0xff,
    0xe0, 0x0, 0x0, 0x3, 0xff, 0xff, 0x0, 0x0,
    0x0, 0x1f, 0xff, 0xf8, 0x0, 0x0, 0x0, 0xff,
    0xff, 0xc0, 0x0, 0x0, 0x7, 0xff, 0xfe, 0x0,
    0x0, 0x0, 0x3f, 0xff, 0xf0, 0x0, 0x0, 0x1,
    0xff, 0xff, 0x80, 0x0, 0x0, 0xf, 0xff, 0xff,
    0xff, 0xff, 0x0, 0x7f, 0xff, 0xff, 0xff, 0xf8,
    0x3, 0xff, 0xff, 0xff, 0xff, 0xc0, 0x1f, 0xff,
    0xff, 0xff, 0xfe, 0x0, 0xff, 0xff, 0xff, 0xff,
    0xf0, 0x7, 0xff, 0xff, 0xff, 0xff, 0x80, 0x3f,
    0xff, 0xff, 0xff, 0xfc, 0x1, 0xff, 0xff, 0xff,
    0xff, 0xe0, 0xf, 0xff, 0xff, 0xff, 0xff, 0x0,
    0x7f, 0xff, 0xff, 0xff, 0xf8, 0x3, 0xff, 0xff,
    0xff, 0xff, 0xc0, 0x1f, 0xff, 0xf7, 0xff, 0xfe,
    0x0, 0xff, 0xff, 0xbf, 0xff, 0xf0, 0x7, 0xff,
    0xfd, 0xff, 0xff, 0xc0, 0x3f, 0xff, 0xef, 0xff,
    0xfe, 0x3, 0xff, 0xff, 0x7f, 0xff, 0xf0, 0x1f,
    0xff, 0xfb, 0xff, 0xff, 0xc1, 0xff, 0xff, 0xdf,
    0xff, 0xff, 0xff, 0xff, 0xfc, 0x7f, 0xff, 0xff,
    0xff, 0xff, 0xe3, 0xff, 0xff, 0xff, 0xff, 0xff,
    0x1f, 0xff, 0xff, 0xff, 0xff, 0xf0, 0xff, 0xff,
    0xff, 0xff, 0xff, 0x83, 0xff, 0xff, 0xff, 0xff,
    0xfc, 0x1f, 0xff, 0xff, 0xff, 0xff, 0xc0, 0x7f,
    0xff, 0xff, 0xff, 0xfe, 0x1, 0xff, 0xff, 0xff,
    0xff, 0xe0, 0xf, 0xff, 0xff, 0xff, 0xfe, 0x0,
    0x1f, 0xff, 0xff, 0xff, 0xe0, 0x0, 0x7f, 0xff,
    0xff, 0xfe, 0x0, 0x1, 0xff, 0xff, 0xff, 0xe0,
    0x0, 0x3, 0xff, 0xff, 0xfe, 0x0, 0x0, 0x7,
    0xff, 0xff, 0x80, 0x0, 0x0, 0x3, 0xff, 0xc0,
    0x0, 0x0,

    /* U+0036 "6" */
    0x0, 0x0, 0x7f, 0xf8, 0x0, 0x0, 0x0, 0x1f,
    0xff, 0xfe, 0x0, 0x0, 0x1, 0xff, 0xff, 0xfe,
    0x0, 0x0, 0x1f, 0xff, 0xff, 0xfe, 0x0, 0x0,
    0xff, 0xff, 0xff, 0xfc, 0x0, 0x7, 0xff, 0xff,
    0xff, 0xf8, 0x0, 0x3f, 0xff, 0xff, 0xff, 0xf0,
    0x1, 0xff, 0xff, 0xff, 0xff, 0xe0, 0xf, 0xff,
    0xff, 0xff, 0xff, 0xc0, 0x3f, 0xff, 0xff, 0xff,
    0xff, 0x1, 0xff, 0xff, 0xff, 0xff, 0xfe, 0x7,
    0xff, 0xff, 0xff, 0xff, 0xf8, 0x1f, 0xff, 0xff,
    0xff, 0xff, 0xf0, 0xff, 0xff, 0xff, 0xff, 0xff,
    0xc3, 0xff, 0xff, 0xff, 0xff, 0xff, 0xf, 0xff,
    0xfc, 0x1f, 0xff, 0xfc, 0x7f, 0xff, 0xe0, 0x3f,
    0xff, 0xf1, 0xff, 0xff, 0x80, 0xff, 0xff, 0xc7,
    0xff, 0xfc, 0x1, 0xff, 0xff, 0x1f, 0xff, 0xf0,
    0x7, 0xff, 0xfc, 0x7f, 0xff, 0xc0, 0x1f, 0xff,
    0xf1, 0xff, 0xff, 0x0, 0x7f, 0xff, 0xc7, 0xff,
    0xfc, 0x1, 0xff, 0xff, 0x3f, 0xff, 0xf0, 0x7,
    0xff, 0xfc, 0xff, 0xff, 0xc0, 0x1f, 0xff, 0xf3,
    0xff, 0xff, 0x0, 0x7f, 0xff, 0xcf, 0xff, 0xfc,
    0x0, 0x0, 0x0, 0x3f, 0xff, 0xf0, 0x0, 0x0,
    0x0, 0xff, 0xff, 0xc0, 0x0, 0x0, 0x3, 0xff,
    0xff, 0x0, 0x0, 0x0, 0xf, 0xff, 0xfc, 0x0,
    0x0, 0x0, 0x3f, 0xff, 0xf0, 0x0, 0x0, 0x0,
    0xff, 0xff, 0xc0, 0x0, 0x0, 0x3, 0xff, 0xff,
    0x3, 0xfe, 0x0, 0xf, 0xff, 0xfc, 0x3f, 0xff,
    0x80, 0x3f, 0xff, 0xf3, 0xff, 0xff, 0x80, 0xff,
    0xff, 0xdf, 0xff, 0xff, 0x3, 0xff, 0xff, 0xff,
    0xff, 0xfe, 0xf, 0xff, 0xff, 0xff, 0xff, 0xfc,
    0x3f, 0xff, 0xff, 0xff, 0xff, 0xf0, 0xff, 0xff,
    0xff, 0xff, 0xff, 0xe3, 0xff, 0xff, 0xff, 0xff,
    0xff, 0x8f, 0xff, 0xff, 0xff, 0xff, 0xff, 0x3f,
    0xff, 0xff, 0xff, 0xff, 0xfc, 0xff, 0xff, 0xff,
    0xff, 0xff, 0xfb, 0xff, 0xff, 0xff, 0xff, 0xff,
    0xef, 0xff, 0xff, 0xff, 0xff, 0xff, 0xbf, 0xff,
    0xff, 0xff, 0xff, 0xfe, 0xff, 0xff, 0xf8, 0x7f,
    0xff, 0xfb, 0xff, 0xff, 0x80, 0xff, 0xff, 0xef,
    0xff, 0xfe, 0x3, 0xff, 0xff, 0xff, 0xff, 0xf0,
    0x7, 0xff, 0xff, 0xff, 0xff, 0xc0, 0x1f, 0xff,
    0xff, 0xff, 0xff, 0x0, 0x7f, 0xff, 0xff, 0xff,
    0xfc, 0x1, 0xff, 0xff, 0xff, 0xff, 0xf0, 0x7,
    0xff, 0xff, 0xff, 0xff, 0xc0, 0x1f, 0xff, 0xff,
    0xff, 0xff, 0x0, 0x7f, 0xff, 0xff, 0xff, 0xfc,
    0x1, 0xff, 0xff, 0xff, 0xff, 0xf0, 0x7, 0xff,
    0xff, 0xff, 0xff, 0xc0, 0x1f, 0xff, 0xff, 0xff,
    0xff, 0x0, 0x7f, 0xff, 0xff, 0xff, 0xfc, 0x1,
    0xff, 0xff, 0xff, 0xff, 0xf0, 0x7, 0xff, 0xff,
    0xff, 0xff, 0xc0, 0x1f, 0xff, 0xff, 0xff, 0xff,
    0x0, 0x7f, 0xff, 0xff, 0xff, 0xfc, 0x1, 0xff,
    0xff, 0xbf, 0xff, 0xf0, 0x7, 0xff, 0xfe, 0x7f,
    0xff, 0xe0, 0x3f, 0xff, 0xf9, 0xff, 0xff, 0x80,
    0xff, 0xff, 0xe7, 0xff, 0xff, 0x7, 0xff, 0xff,
    0x9f, 0xff, 0xff, 0xff, 0xff, 0xfc, 0x7f, 0xff,
    0xff, 0xff, 0xff, 0xf0, 0xff, 0xff, 0xff, 0xff,
    0xff, 0xc3, 0xff, 0xff, 0xff, 0xff, 0xff, 0xf,
    0xff, 0xff, 0xff, 0xff, 0xf8, 0x1f, 0xff, 0xff,
    0xff, 0xff, 0xe0, 0x7f, 0xff, 0xff, 0xff, 0xff,
    0x0, 0xff, 0xff, 0xff, 0xff, 0xfc, 0x3, 0xff,
    0xff, 0xff, 0xff, 0xe0, 0x7, 0xff, 0xff, 0xff,
    0xff, 0x0, 0xf, 0xff, 0xff, 0xff, 0xf8, 0x0,
    0x1f, 0xff, 0xff, 0xff, 0xc0, 0x0, 0x3f, 0xff,
    0xff, 0xfe, 0x0, 0x0, 0x3f, 0xff, 0xff, 0xe0,
    0x0, 0x0, 0x1f, 0xff, 0xfe, 0x0, 0x0, 0x0,
    0x7, 0xff, 0x80, 0x0, 0x0,

    /* U+0037 "7" */
    0xff, 0xff, 0xff, 0xff, 0xff, 0xff, 0xff, 0xff,
    0xff, 0xff, 0xff, 0xff, 0xff, 0xff, 0xff, 0xff,
    0xff, 0xff, 0xff, 0xff, 0xff, 0xff, 0xff, 0xff,
    0xff, 0xff, 0xff, 0xff, 0xff, 0xff, 0xff, 0xff,
    0xff, 0xff, 0xff, 0xff, 0xff, 0xff, 0xff, 0xff,
    0xff, 0xff, 0xff, 0xff, 0xff, 0xff, 0xff, 0xff,
    0xff, 0xff, 0xff, 0xff, 0xff, 0xff, 0xff, 0xff,
    0xff, 0xff, 0xff, 0xff, 0xff, 0xff, 0xff, 0xff,
    0xff, 0xff, 0xff, 0xff, 0xff, 0xff, 0xff, 0xff,
    0xff, 0xff, 0xff, 0xff, 0xff, 0xff, 0xff, 0xff,
    0xff, 0xff, 0xff, 0xff, 0xff, 0xfe, 0x0, 0x0,
    0x0, 0xff, 0xff, 0xc0, 0x0, 0x0, 0x3f, 0xff,
    0xf8, 0x0, 0x0, 0x7, 0xff, 0xff, 0x0, 0x0,
    0x1, 0xff, 0xff, 0xc0, 0x0, 0x0, 0x3f, 0xff,
    0xf8, 0x0, 0x0, 0x7, 0xff, 0xff, 0x0, 0x0,
    0x1, 0xff, 0xff, 0xc0, 0x0, 0x0, 0x3f, 0xff,
    0xf8, 0x0, 0x0, 0xf, 0xff, 0xff, 0x0, 0x0,
    0x1, 0xff, 0xff, 0xc0, 0x0, 0x0, 0x7f, 0xff,
    0xf8, 0x0, 0x0, 0xf, 0xff, 0xfe, 0x0, 0x0,
    0x1, 0xff, 0xff, 0xc0, 0x0, 0x0, 0x7f, 0xff,
    0xf0, 0x0, 0x0, 0xf, 0xff, 0xfe, 0x0, 0x0,
    0x3, 0xff, 0xff, 0xc0, 0x0, 0x0, 0x7f, 0xff,
    0xf0, 0x0, 0x0, 0xf, 0xff, 0xfe, 0x0, 0x0,
    0x3, 0xff, 0xff, 0x80, 0x0, 0x0, 0x7f, 0xff,
    0xf0, 0x0, 0x0, 0x1f, 0xff, 0xfc, 0x0, 0x0,
    0x3, 0xff, 0xff, 0x80, 0x0, 0x0, 0x7f, 0xff,
    0xf0, 0x0, 0x0, 0x1f, 0xff, 0xfc, 0x0, 0x0,
    0x3, 0xff, 0xff, 0x80, 0x0, 0x0, 0xff, 0xff,
    0xe0, 0x0, 0x0, 0x1f, 0xff, 0xfc, 0x0, 0x0,
    0x3, 0xff, 0xff, 0x80, 0x0, 0x0, 0xff, 0xff,
    0xe0, 0x0, 0x0, 0x1f, 0xff, 0xfc, 0x0, 0x0,
    0x3, 0xff, 0xff, 0x80, 0x0, 0x0, 0xff, 0xff,
    0xe0, 0x0, 0x0, 0x1f, 0xff, 0xfc, 0x0, 0x0,
    0x3, 0xff, 0xff, 0x80, 0x0, 0x0, 0xff, 0xff,
    0xe0, 0x0, 0x0, 0x1f, 0xff, 0xfc, 0x0, 0x0,
    0x3, 0xff, 0xff, 0x80, 0x0, 0x0, 0xff, 0xff,
    0xe0, 0x0, 0x0, 0x1f, 0xff, 0xfc, 0x0, 0x0,
    0x3, 0xff, 0xff, 0x80, 0x0, 0x0, 0xff, 0xff,
    0xe0, 0x0, 0x0, 0x1f, 0xff, 0xfc, 0x0, 0x0,
    0x3, 0xff, 0xff, 0x80, 0x0, 0x0, 0x7f, 0xff,
    0xf0, 0x0, 0x0, 0x1f, 0xff, 0xfc, 0x0, 0x0,
    0x3, 0xff, 0xff, 0x80, 0x0, 0x0, 0x7f, 0xff,
    0xf0, 0x0, 0x0, 0xf, 0xff, 0xfe, 0x0, 0x0,
    0x3, 0xff, 0xff, 0x80, 0x0, 0x0, 0x7f, 0xff,
    0xf0, 0x0, 0x0, 0xf, 0xff, 0xfe, 0x0, 0x0,
    0x1, 0xff, 0xff, 0xc0, 0x0, 0x0, 0x7f, 0xff,
    0xf8, 0x0, 0x0, 0xf, 0xff, 0xfe, 0x0, 0x0,
    0x1, 0xff, 0xff, 0xc0, 0x0, 0x0, 0x3f, 0xff,
    0xf8, 0x0, 0x0, 0x7, 0xff, 0xff, 0x0, 0x0,
    0x0, 0xff, 0xff, 0xe0, 0x0, 0x0, 0x1f, 0xff,
    0xfc, 0x0, 0x0, 0x7, 0xff, 0xff, 0x80, 0x0,
    0x0, 0xff, 0xff, 0xe0, 0x0, 0x0, 0x1f, 0xff,
    0xfc, 0x0, 0x0, 0x3, 0xff, 0xff, 0x80, 0x0,
    0x0, 0x7f, 0xff, 0xf0, 0x0, 0x0, 0xf, 0xff,
    0xfe, 0x0, 0x0, 0x1, 0xff, 0xff, 0xc0, 0x0,
    0x0, 0x3f, 0xff, 0xf8, 0x0, 0x0, 0x7, 0xff,
    0xff, 0x0, 0x0, 0x0, 0xff, 0xff, 0xe0, 0x0,
    0x0, 0x1f, 0xff, 0xfc, 0x0, 0x0, 0x0,

    /* U+0038 "8" */
    0x0, 0x0, 0xff, 0xf8, 0x0, 0x0, 0x0, 0x7f,
    0xff, 0xfc, 0x0, 0x0, 0xf, 0xff, 0xff, 0xf8,
    0x0, 0x1, 0xff, 0xff, 0xff, 0xf0, 0x0, 0x1f,
    0xff, 0xff, 0xff, 0xc0, 0x3, 0xff, 0xff, 0xff,
    0xff, 0x80, 0x3f, 0xff, 0xff, 0xff, 0xfc, 0x1,
    0xff, 0xff, 0xff, 0xff, 0xf0, 0x1f, 0xff, 0xff,
    0xff, 0xff, 0xc1, 0xff, 0xff, 0xff, 0xff, 0xfe,
    0xf, 0xff, 0xff, 0xff, 0xff, 0xf8, 0x7f, 0xff,
    0xff, 0xff, 0xff, 0xc7, 0xff, 0xff, 0xff, 0xff,
    0xff, 0x3f, 0xff, 0xff, 0xff, 0xff, 0xf9, 0xff,
    0xff, 0xff, 0xff, 0xff, 0xcf, 0xff, 0xff, 0xff,
    0xff, 0xfe, 0xff, 0xff, 0xf8, 0xff, 0xff, 0xff,
    0xff, 0xff, 0x1, 0xff, 0xff, 0xff, 0xff, 0xf8,
    0xf, 0xff, 0xff, 0xff, 0xff, 0xc0, 0x7f, 0xff,
    0xff, 0xff, 0xfc, 0x1, 0xff, 0xff, 0xff, 0xff,
    0xe0, 0xf, 0xff, 0xff, 0xff, 0xff, 0x0, 0x7f,
    0xff, 0xff, 0xff, 0xf8, 0x3, 0xff, 0xff, 0xff,
    0xff, 0xc0, 0x1f, 0xff, 0xff, 0xff, 0xfe, 0x0,
    0xff, 0xff, 0xff, 0xff, 0xf0, 0x7, 0xff, 0xff,
    0xff, 0xff, 0x80, 0x3f, 0xff, 0xff, 0xff, 0xfe,
    0x3, 0xff, 0xff, 0xff, 0xff, 0xf0, 0x1f, 0xff,
    0xf9, 0xff, 0xff, 0xc1, 0xff, 0xff, 0xcf, 0xff,
    0xff, 0x1f, 0xff, 0xfe, 0x7f, 0xff, 0xff, 0xff,
    0xff, 0xf1, 0xff, 0xff, 0xff, 0xff, 0xff, 0xf,
    0xff, 0xff, 0xff, 0xff, 0xf8, 0x3f, 0xff, 0xff,
    0xff, 0xff, 0x80, 0xff, 0xff, 0xff, 0xff, 0xf8,
    0x3, 0xff, 0xff, 0xff, 0xff, 0x80, 0xf, 0xff,
    0xff, 0xff, 0xf8, 0x0, 0x7f, 0xff, 0xff, 0xff,
    0x80, 0x7, 0xff, 0xff, 0xff, 0xff, 0x0, 0x7f,
    0xff, 0xff, 0xff, 0xfc, 0x7, 0xff, 0xff, 0xff,
    0xff, 0xf0, 0x7f, 0xff, 0xff, 0xff, 0xff, 0xc3,
    0xff, 0xff, 0xff, 0xff, 0xfe, 0x3f, 0xff, 0xff,
    0xff, 0xff, 0xf9, 0xff, 0xff, 0xff, 0xff, 0xff,
    0xcf, 0xff, 0xfe, 0x1f, 0xff, 0xfe, 0x7f, 0xff,
    0xe0, 0x3f, 0xff, 0xf7, 0xff, 0xff, 0x1, 0xff,
    0xff, 0xff, 0xff, 0xf8, 0xf, 0xff, 0xff, 0xff,
    0xff, 0x80, 0x3f, 0xff, 0xff, 0xff, 0xfc, 0x1,
    0xff, 0xff, 0xff, 0xff, 0xe0, 0xf, 0xff, 0xff,
    0xff, 0xff, 0x0, 0x7f, 0xff, 0xff, 0xff, 0xf8,
    0x3, 0xff, 0xff, 0xff, 0xff, 0xc0, 0x1f, 0xff,
    0xff, 0xff, 0xfe, 0x0, 0xff, 0xff, 0xff, 0xff,
    0xf0, 0x7, 0xff, 0xff, 0xff, 0xff, 0x80, 0x3f,
    0xff, 0xff, 0xff, 0xfc, 0x1, 0xff, 0xff, 0xff,
    0xff, 0xe0, 0xf, 0xff, 0xff, 0xff, 0xff, 0x0,
    0x7f, 0xff, 0xff, 0xff, 0xf8, 0x3, 0xff, 0xff,
    0xff, 0xff, 0xc0, 0x1f, 0xff, 0xff, 0xff, 0xfe,
    0x0, 0xff, 0xff, 0xff, 0xff, 0xf0, 0x7, 0xff,
    0xff, 0xff, 0xff, 0x80, 0x7f, 0xff, 0xff, 0xff,
    0xfe, 0x3, 0xff, 0xff, 0xbf, 0xff, 0xf0, 0x1f,
    0xff, 0xf9, 0xff, 0xff, 0xc3, 0xff, 0xff, 0xcf,
    0xff, 0xff, 0xff, 0xff, 0xfe, 0x7f, 0xff, 0xff,
    0xff, 0xff, 0xf3, 0xff, 0xff, 0xff, 0xff, 0xff,
    0xf, 0xff, 0xff, 0xff, 0xff, 0xf8, 0x7f, 0xff,
    0xff, 0xff, 0xff, 0xc1, 0xff, 0xff, 0xff, 0xff,
    0xfc, 0xf, 0xff, 0xff, 0xff, 0xff, 0xe0, 0x7f,
    0xff, 0xff, 0xff, 0xfe, 0x1, 0xff, 0xff, 0xff,
    0xff, 0xf0, 0x7, 0xff, 0xff, 0xff, 0xff, 0x0,
    0x3f, 0xff, 0xff, 0xff, 0xf0, 0x0, 0xff, 0xff,
    0xff, 0xff, 0x80, 0x3, 0xff, 0xff, 0xff, 0xf8,
    0x0, 0x7, 0xff, 0xff, 0xff, 0x0, 0x0, 0x1f,
    0xff, 0xff, 0xf0, 0x0, 0x0, 0x1f, 0xff, 0xfc,
    0x0, 0x0, 0x0, 0x1f, 0xfe, 0x0, 0x0,

    /* U+0039 "9" */
    0x0, 0x0, 0xff, 0xf8, 0x0, 0x0, 0x0, 0x3f,
    0xff, 0xfc, 0x0, 0x0, 0x7, 0xff, 0xff, 0xf8,
    0x0, 0x0, 0xff, 0xff, 0xff, 0xf0, 0x0, 0xf,
    0xff, 0xff, 0xff, 0xc0, 0x0, 0xff, 0xff, 0xff,
    0xff, 0x0, 0xf, 0xff, 0xff, 0xff, 0xfc, 0x0,
    0xff, 0xff, 0xff, 0xff, 0xf0, 0xf, 0xff, 0xff,
    0xff, 0xff, 0x80, 0x7f, 0xff, 0xff, 0xff, 0xfe,
    0x7, 0xff, 0xff, 0xff, 0xff, 0xf0, 0x3f, 0xff,
    0xff, 0xff, 0xff, 0xc3, 0xff, 0xff, 0xff, 0xff,
    0xfe, 0x1f, 0xff, 0xff, 0xff, 0xff, 0xf0, 0xff,
    0xff, 0xff, 0xff, 0xff, 0xc7, 0xff, 0xff, 0xff,
    0xff, 0xfe, 0x7f, 0xff, 0xf8, 0x7f, 0xff, 0xf3,
    0xff, 0xff, 0x81, 0xff, 0xff, 0x9f, 0xff, 0xfc,
    0xf, 0xff, 0xfc, 0xff, 0xff, 0xc0, 0x3f, 0xff,
    0xf7, 0xff, 0xfe, 0x1, 0xff, 0xff, 0xff, 0xff,
    0xf0, 0xf, 0xff, 0xff, 0xff, 0xff, 0x80, 0x7f,
    0xff, 0xff, 0xff, 0xfc, 0x3, 0xff, 0xff, 0xff,
    0xff, 0xe0, 0x1f, 0xff, 0xff, 0xff, 0xff, 0x0,
    0xff, 0xff, 0xff, 0xff, 0xf8, 0x7, 0xff, 0xff,
    0xff, 0xff, 0xc0, 0x3f, 0xff, 0xff, 0xff, 0xfe,
    0x1, 0xff, 0xff, 0xff, 0xff, 0xf0, 0xf, 0xff,
    0xff, 0xff, 0xff, 0x80, 0x7f, 0xff, 0xff, 0xff,
    0xfc, 0x3, 0xff, 0xff, 0xff, 0xff, 0xe0, 0x1f,
    0xff, 0xff, 0xff, 0xff, 0x0, 0xff, 0xff, 0xff,
    0xff, 0xf8, 0x7, 0xff, 0xff, 0xff, 0xff, 0xc0,
    0x3f, 0xff, 0xff, 0xff, 0xfe, 0x1, 0xff, 0xff,
    0xff, 0xff, 0xf8, 0x1f, 0xff, 0xfd, 0xff, 0xff,
    0xc0, 0xff, 0xff, 0xef, 0xff, 0xff, 0xf, 0xff,
    0xff, 0x7f, 0xff, 0xff, 0xff, 0xff, 0xfb, 0xff,
    0xff, 0xff, 0xff, 0xff, 0xdf, 0xff, 0xff, 0xff,
    0xff, 0xfe, 0xff, 0xff, 0xff, 0xff, 0xff, 0xf3,
    0xff, 0xff, 0xff, 0xff, 0xff, 0x9f, 0xff, 0xff,
    0xff, 0xff, 0xfc, 0xff, 0xff, 0xff, 0xff, 0xff,
    0xe3, 0xff, 0xff, 0xff, 0xff, 0xff, 0x1f, 0xff,
    0xff, 0xff, 0xff, 0xf8, 0x7f, 0xff, 0xff, 0xff,
    0xff, 0xc1, 0xff, 0xff, 0xff, 0xff, 0xfe, 0x7,
    0xff, 0xff, 0xbf, 0xff, 0xf0, 0x1f, 0xff, 0xf9,
    0xff, 0xff, 0x80, 0x3f, 0xff, 0x8f, 0xff, 0xfc,
    0x0, 0x3f, 0xe0, 0x7f, 0xff, 0xe0, 0x0, 0x0,
    0x3, 0xff, 0xff, 0x0, 0x0, 0x0, 0x1f, 0xff,
    0xf8, 0x0, 0x0, 0x0, 0xff, 0xff, 0xc0, 0x0,
    0x0, 0x7, 0xff, 0xfe, 0x0, 0x0, 0x0, 0x3f,
    0xff, 0xf0, 0x0, 0x0, 0x1, 0xff, 0xff, 0x80,
    0x0, 0x0, 0xf, 0xff, 0xfd, 0xff, 0xff, 0x0,
    0x7f, 0xff, 0xef, 0xff, 0xf8, 0x3, 0xff, 0xff,
    0x7f, 0xff, 0xc0, 0x1f, 0xff, 0xf3, 0xff, 0xfe,
    0x0, 0xff, 0xff, 0x9f, 0xff, 0xf0, 0x7, 0xff,
    0xfc, 0xff, 0xff, 0x80, 0x3f, 0xff, 0xe7, 0xff,
    0xfc, 0x1, 0xff, 0xff, 0x3f, 0xff, 0xe0, 0xf,
    0xff, 0xf9, 0xff, 0xff, 0x80, 0xff, 0xff, 0xcf,
    0xff, 0xfc, 0x7, 0xff, 0xfe, 0x7f, 0xff, 0xf0,
    0x7f, 0xff, 0xe3, 0xff, 0xff, 0xff, 0xff, 0xff,
    0x1f, 0xff, 0xff, 0xff, 0xff, 0xf8, 0xff, 0xff,
    0xff, 0xff, 0xff, 0x83, 0xff, 0xff, 0xff, 0xff,
    0xfc, 0x1f, 0xff, 0xff, 0xff, 0xff, 0xe0, 0x7f,
    0xff, 0xff, 0xff, 0xfe, 0x3, 0xff, 0xff, 0xff,
    0xff, 0xf0, 0xf, 0xff, 0xff, 0xff, 0xff, 0x0,
    0x3f, 0xff, 0xff, 0xff, 0xf0, 0x0, 0xff, 0xff,
    0xff, 0xff, 0x0, 0x3, 0xff, 0xff, 0xff, 0xf0,
    0x0, 0xf, 0xff, 0xff, 0xff, 0x0, 0x0, 0x1f,
    0xff, 0xff, 0xe0, 0x0, 0x0, 0x3f, 0xff, 0xfc,
    0x0, 0x0, 0x0, 0x1f, 0xfe, 0x0, 0x0,

    /* U+003A ":" */
    0xff, 0xff, 0xff, 0xff, 0xff, 0xff, 0xff, 0xff,
    0xff, 0xff, 0xff, 0xff, 0xff, 0xff, 0xff, 0xff,
    0xff, 0xff, 0xff, 0xff, 0xff, 0xff, 0xff, 0xff,
    0xff, 0xff, 0xff, 0xff, 0xff, 0xff, 0xff, 0xf0,
    0x0, 0x0, 0x0, 0x0, 0x0, 0x0, 0x0, 0x0,
    0x0, 0x0, 0x0, 0x0, 0x0, 0x0, 0x0, 0x0,
    0x0, 0x0, 0x0, 0x0, 0x0, 0x0, 0x0, 0x0,
    0x0, 0x0, 0x0, 0x0, 0x0, 0x0, 0x0, 0x0,
    0x0, 0x0, 0x0, 0x0, 0x0, 0x0, 0x0, 0x0,
    0x0, 0x0, 0x0, 0x0, 0x0, 0x0, 0x0, 0x0,
    0x0, 0xff, 0xff, 0xff, 0xff, 0xff, 0xff, 0xff,
    0xff, 0xff, 0xff, 0xff, 0xff, 0xff, 0xff, 0xff,
    0xff, 0xff, 0xff, 0xff, 0xff, 0xff, 0xff, 0xff,
    0xff, 0xff, 0xff, 0xff, 0xff, 0xff, 0xff, 0xff,
    0xf0,

    /* U+003B ";" */
    0xff, 0xff, 0xff, 0xff, 0xff, 0xff, 0xff, 0xff,
    0xff, 0xff, 0xff, 0xff, 0xff, 0xff, 0xff, 0xff,
    0xff, 0xff, 0xff, 0xff, 0xff, 0xff, 0xff, 0xff,
    0xff, 0xff, 0xff, 0xff, 0xff, 0xff, 0xff, 0xf0,
    0x0, 0x0, 0x0, 0x0, 0x0, 0x0, 0x0, 0x0,
    0x0, 0x0, 0x0, 0x0, 0x0, 0x0, 0x0, 0x0,
    0x0, 0x0, 0x0, 0x0, 0x0, 0x0, 0x0, 0x0,
    0x0, 0x0, 0x0, 0x0, 0x0, 0x0, 0x0, 0x0,
    0x0, 0x0, 0x0, 0x0, 0x0, 0x0, 0x0, 0x0,
    0x0, 0x0, 0x0, 0x0, 0x0, 0x0, 0x0, 0x0,
    0x0, 0xff, 0xff, 0xff, 0xff, 0xff, 0xff, 0xff,
    0xff, 0xff, 0xff, 0xff, 0xff, 0xff, 0xff, 0xff,
    0xff, 0xff, 0xff, 0xff, 0xff, 0xff, 0xff, 0xff,
    0xff, 0xff, 0xff, 0xff, 0xff, 0xff, 0xff, 0xff,
    0xf0, 0x3f, 0xfc, 0xf, 0xfe, 0x3, 0xff, 0x81,
    0xff, 0xe0, 0x7f, 0xf0, 0x1f, 0xfc, 0xf, 0xff,
    0x3, 0xff, 0x80, 0xff, 0xe0, 0x3f, 0xf0, 0x1f,
    0xfc, 0x7, 0xff, 0x0,

    /* U+003C "<" */
    0x0, 0x0, 0x0, 0x30, 0x0, 0x0, 0x7, 0x0,
    0x0, 0x1, 0xf0, 0x0, 0x0, 0x7f, 0x0, 0x0,
    0xf, 0xf0, 0x0, 0x3, 0xff, 0x0, 0x0, 0xff,
    0xf0, 0x0, 0x1f, 0xff, 0x0, 0x7, 0xff, 0xf0,
    0x1, 0xff, 0xff, 0x0, 0x3f, 0xff, 0xf0, 0xf,
    0xff, 0xff, 0x3, 0xff, 0xff, 0xf0, 0x7f, 0xff,
    0xff, 0x1f, 0xff, 0xff, 0xf7, 0xff, 0xff, 0xff,
    0xff, 0xff, 0xff, 0xff, 0xff, 0xff, 0xfe, 0xff,
    0xff, 0xff, 0x8f, 0xff, 0xff, 0xf0, 0xff, 0xff,
    0xfc, 0xf, 0xff, 0xff, 0x0, 0xff, 0xff, 0xc0,
    0xf, 0xff, 0xf0, 0x0, 0xff, 0xfe, 0x0, 0xf,
    0xff, 0x80, 0x0, 0xff, 0xe0, 0x0, 0xf, 0xff,
    0x80, 0x0, 0xff, 0xfe, 0x0, 0xf, 0xff, 0xf8,
    0x0, 0xff, 0xff, 0xe0, 0xf, 0xff, 0xff, 0x0,
    0xff, 0xff, 0xfc, 0xf, 0xff, 0xff, 0xf0, 0xff,
    0xff, 0xff, 0xcf, 0xff, 0xff, 0xff, 0xff, 0xff,
    0xff, 0xf3, 0xff, 0xff, 0xff, 0x1f, 0xff, 0xff,
    0xf0, 0x7f, 0xff, 0xff, 0x1, 0xff, 0xff, 0xf0,
    0xf, 0xff, 0xff, 0x0, 0x3f, 0xff, 0xf0, 0x0,
    0xff, 0xff, 0x0, 0x7, 0xff, 0xf0, 0x0, 0x1f,
    0xff, 0x0, 0x0, 0x7f, 0xf0, 0x0, 0x3, 0xff,
    0x0, 0x0, 0xf, 0xf0, 0x0, 0x0, 0x3f, 0x0,
    0x0, 0x1, 0xf0, 0x0, 0x0, 0x7, 0x0, 0x0,
    0x0, 0x10,

    /* U+003D "=" */
    0xff, 0xff, 0xff, 0xff, 0xff, 0xff, 0xff, 0xff,
    0xff, 0xff, 0xff, 0xff, 0xff, 0xff, 0xff, 0xff,
    0xff, 0xff, 0xff, 0xff, 0xff, 0xff, 0xff, 0xff,
    0xff, 0xff, 0xff, 0xff, 0xff, 0xff, 0xff, 0xff,
    0xff, 0xff, 0xe0, 0x0, 0x0, 0x0, 0x0, 0x0,
    0x0, 0x0, 0x0, 0x0, 0x0, 0x0, 0x0, 0x0,
    0x0, 0x0, 0x0, 0x0, 0x0, 0x0, 0x0, 0x0,
    0x0, 0x0, 0x0, 0x1f, 0xff, 0xff, 0xff, 0xff,
    0xff, 0xff, 0xff, 0xff, 0xff, 0xff, 0xff, 0xff,
    0xff, 0xff, 0xff, 0xff, 0xff, 0xff, 0xff, 0xff,
    0xff, 0xff, 0xff, 0xff, 0xff, 0xff, 0xff, 0xff,
    0xff, 0xff, 0xff, 0xff, 0xff, 0xfc,

    /* U+003E ">" */
    0xc0, 0x0, 0x0, 0xe, 0x0, 0x0, 0x0, 0xf8,
    0x0, 0x0, 0xf, 0xe0, 0x0, 0x0, 0xff, 0x0,
    0x0, 0xf, 0xfc, 0x0, 0x0, 0xff, 0xf0, 0x0,
    0xf, 0xff, 0x80, 0x0, 0xff, 0xfe, 0x0, 0xf,
    0xff, 0xf8, 0x0, 0xff, 0xff, 0xc0, 0xf, 0xff,
    0xff, 0x0, 0xff, 0xff, 0xfc, 0xf, 0xff, 0xff,
    0xf0, 0xff, 0xff, 0xff, 0x8f, 0xff, 0xff, 0xfe,
    0xff, 0xff, 0xff, 0xf7, 0xff, 0xff, 0xff, 0x1f,
    0xff, 0xff, 0xf0, 0xff, 0xff, 0xff, 0x3, 0xff,
    0xff, 0xf0, 0xf, 0xff, 0xff, 0x0, 0x3f, 0xff,
    0xf0, 0x0, 0xff, 0xff, 0x0, 0x7, 0xff, 0xf0,
    0x0, 0x1f, 0xff, 0x0, 0x0, 0x7f, 0xf0, 0x0,
    0x1f, 0xff, 0x0, 0x7, 0xff, 0xf0, 0x1, 0xff,
    0xff, 0x0, 0x7f, 0xff, 0xf0, 0xf, 0xff, 0xff,
    0x3, 0xff, 0xff, 0xf0, 0xff, 0xff, 0xff, 0x3f,
    0xff, 0xff, 0xff, 0xff, 0xff, 0xff, 0xff, 0xff,
    0xff, 0xff, 0xff, 0xff, 0xfc, 0xff, 0xff, 0xff,
    0x8f, 0xff, 0xff, 0xe0, 0xff, 0xff, 0xf8, 0xf,
    0xff, 0xff, 0x0, 0xff, 0xff, 0xc0, 0xf, 0xff,
    0xf0, 0x0, 0xff, 0xfe, 0x0, 0xf, 0xff, 0x80,
    0x0, 0xff, 0xe0, 0x0, 0xf, 0xfc, 0x0, 0x0,
    0xff, 0x0, 0x0, 0xf, 0xc0, 0x0, 0x0, 0xf8,
    0x0, 0x0, 0xe, 0x0, 0x0, 0x0, 0x80, 0x0,
    0x0, 0x0,

    /* U+003F "?" */
    0x0, 0x0, 0xff, 0xf8, 0x0, 0x0, 0x0, 0x7f,
    0xff, 0xf8, 0x0, 0x0, 0xf, 0xff, 0xff, 0xf8,
    0x0, 0x1, 0xff, 0xff, 0xff, 0xe0, 0x0, 0x3f,
    0xff, 0xff, 0xff, 0xc0, 0x3, 0xff, 0xff, 0xff,
    0xff, 0x0, 0x3f, 0xff, 0xff, 0xff, 0xfc, 0x3,
    0xff, 0xff, 0xff, 0xff, 0xf0, 0x1f, 0xff, 0xff,
    0xff, 0xff, 0x81, 0xff, 0xff, 0xff, 0xff, 0xfe,
    0xf, 0xff, 0xff, 0xff, 0xff, 0xf0, 0xff, 0xff,
    0xff, 0xff, 0xff, 0xc7, 0xff, 0xff, 0xff, 0xff,
    0xfe, 0x3f, 0xff, 0xff, 0xff, 0xff, 0xf3, 0xff,
    0xff, 0xff, 0xff, 0xff, 0xdf, 0xff, 0xfe, 0xf,
    0xff, 0xfe, 0xff, 0xff, 0xe0, 0x3f, 0xff, 0xf7,
    0xff, 0xff, 0x1, 0xff, 0xff, 0xbf, 0xff, 0xf8,
    0xf, 0xff, 0xfd, 0xff, 0xff, 0x80, 0x3f, 0xff,
    0xff, 0xff, 0xfc, 0x1, 0xff, 0xff, 0xff, 0xff,
    0xe0, 0xf, 0xff, 0xff, 0xff, 0xff, 0x0, 0x7f,
    0xff, 0xff, 0xff, 0xf8, 0x3, 0xff, 0xff, 0xff,
    0xff, 0xc0, 0x1f, 0xff, 0xff, 0xff, 0xfe, 0x0,
    0xff, 0xff, 0xff, 0xff, 0xf0, 0x7, 0xff, 0xff,
    0xff, 0xff, 0x80, 0x3f, 0xff, 0xff, 0xff, 0xfc,
    0x1, 0xff, 0xff, 0xff, 0xff, 0xe0, 0xf, 0xff,
    0xff, 0xff, 0xff, 0x0, 0xff, 0xff, 0xe0, 0x0,
    0x0, 0x7, 0xff, 0xff, 0x0, 0x0, 0x0, 0x3f,
    0xff, 0xf8, 0x0, 0x0, 0x1, 0xff, 0xff, 0xc0,
    0x0, 0x0, 0xf, 0xff, 0xfc, 0x0, 0x0, 0x0,
    0xff, 0xff, 0xe0, 0x0, 0x0, 0x7, 0xff, 0xff,
    0x0, 0x0, 0x0, 0x7f, 0xff, 0xf8, 0x0, 0x0,
    0x3, 0xff, 0xff, 0x80, 0x0, 0x0, 0x3f, 0xff,
    0xfc, 0x0, 0x0, 0x3, 0xff, 0xff, 0xe0, 0x0,
    0x0, 0x7f, 0xff, 0xfe, 0x0, 0x0, 0xf, 0xff,
    0xff, 0xf0, 0x0, 0xf, 0xff, 0xff, 0xff, 0x0,
    0xff, 0xff, 0xff, 0xff, 0xf8, 0x7, 0xff, 0xff,
    0xff, 0xff, 0x80, 0x3f, 0xff, 0xff, 0xff, 0xfc,
    0x1, 0xff, 0xff, 0xff, 0xff, 0xc0, 0xf, 0xff,
    0xff, 0xff, 0xfc, 0x0, 0x7f, 0xff, 0xff, 0xff,
    0xc0, 0x3, 0xff, 0xff, 0xff, 0xfc, 0x0, 0x1f,
    0xff, 0xff, 0xff, 0xc0, 0x0, 0xff, 0xff, 0xff,
    0xf8, 0x0, 0x7, 0xff, 0xff, 0xff, 0x80, 0x0,
    0x3f, 0xff, 0xff, 0xe0, 0x0, 0x1, 0xff, 0xff,
    0xf0, 0x0, 0x0, 0xf, 0xff, 0xf0, 0x0, 0x0,
    0x0, 0x7f, 0xff, 0x80, 0x0, 0x0, 0x3, 0xff,
    0xfc, 0x0, 0x0, 0x0, 0x1f, 0xff, 0xe0, 0x0,
    0x0, 0x0, 0xff, 0xff, 0x0, 0x0, 0x0, 0x7,
    0xff, 0xf8, 0x0, 0x0, 0x0, 0x3f, 0xff, 0xc0,
    0x0, 0x0, 0x1, 0xff, 0xfe, 0x0, 0x0, 0x0,
    0x0, 0x0, 0x0, 0x0, 0x0, 0x0, 0x0, 0x0,
    0x0, 0x0, 0x0, 0x0, 0x0, 0x0, 0x0, 0x0,
    0x0, 0x0, 0x0, 0x0, 0x0, 0x0, 0x0, 0x0,
    0x0, 0x0, 0x0, 0x0, 0x0, 0x0, 0x0, 0x0,
    0x0, 0x0, 0x0, 0x0, 0x0, 0x0, 0x0, 0x0,
    0x0, 0x0, 0x0, 0x0, 0x0, 0x1f, 0xff, 0xf8,
    0x0, 0x0, 0x0, 0xff, 0xff, 0xc0, 0x0, 0x0,
    0x7, 0xff, 0xfe, 0x0, 0x0, 0x0, 0x3f, 0xff,
    0xf0, 0x0, 0x0, 0x1, 0xff, 0xff, 0x80, 0x0,
    0x0, 0xf, 0xff, 0xfc, 0x0, 0x0, 0x0, 0x7f,
    0xff, 0xe0, 0x0, 0x0, 0x3, 0xff, 0xff, 0x0,
    0x0, 0x0, 0x1f, 0xff, 0xf8, 0x0, 0x0, 0x0,
    0xff, 0xff, 0xc0, 0x0, 0x0, 0x7, 0xff, 0xfe,
    0x0, 0x0, 0x0, 0x3f, 0xff, 0xf0, 0x0, 0x0,
    0x1, 0xff, 0xff, 0x80, 0x0, 0x0, 0xf, 0xff,
    0xfc, 0x0, 0x0, 0x0,

    /* U+0040 "@" */
    0x0, 0x0, 0x0, 0x0, 0x1f, 0xff, 0x80, 0x0,
    0x0, 0x0, 0x0, 0x0, 0x0, 0x3, 0xff, 0xff,
    0xfc, 0x0, 0x0, 0x0, 0x0, 0x0, 0x0, 0x3f,
    0xff, 0xff, 0xff, 0x80, 0x0, 0x0, 0x0, 0x0,
    0x0, 0xff, 0xff, 0xff, 0xff, 0xf0, 0x0, 0x0,
    0x0, 0x0, 0x3, 0xff, 0xff, 0xff, 0xff, 0xfc,
    0x0, 0x0, 0x0, 0x0, 0xf, 0xff, 0xff, 0xff,
    0xff, 0xfe, 0x0, 0x0, 0x0, 0x0, 0x3f, 0xff,
    0xff, 0xff, 0xff, 0xff, 0x80, 0x0, 0x0, 0x0,
    0x7f, 0xff, 0xff, 0xff, 0xff, 0xff, 0xc0, 0x0,
    0x0, 0x0, 0xff, 0xff, 0xff, 0xff, 0xff, 0xff,
    0xe0, 0x0, 0x0, 0x3, 0xff, 0xff, 0xff, 0xff,
    0xff, 0xff, 0xf0, 0x0, 0x0, 0x7, 0xff, 0xff,
    0xff, 0xff, 0xff, 0xff, 0xf8, 0x0, 0x0, 0xf,
    0xff, 0xff, 0xf8, 0x0, 0x7f, 0xff, 0xfc, 0x0,
    0x0, 0x1f, 0xff, 0xff, 0x80, 0x0, 0x7, 0xff,
    0xfe, 0x0, 0x0, 0x1f, 0xff, 0xfc, 0x0, 0x0,
    0x1, 0xff, 0xff, 0x0, 0x0, 0x3f, 0xff, 0xf0,
    0x0, 0x0, 0x0, 0x7f, 0xff, 0x80, 0x0, 0x7f,
    0xff, 0xe0, 0x0, 0x0, 0x0, 0x1f, 0xff, 0x80,
    0x0, 0xff, 0xff, 0x80, 0x0, 0x0, 0x0, 0xf,
    0xff, 0xc0, 0x0, 0xff, 0xff, 0x0, 0x0, 0x0,
    0x0, 0x7, 0xff, 0xc0, 0x1, 0xff, 0xfe, 0x0,
    0x0, 0x0, 0x0, 0x3, 0xff, 0xe0, 0x3, 0xff,
    0xfc, 0x0, 0x0, 0x0, 0x0, 0x3, 0xff, 0xe0,
    0x3, 0xff, 0xfc, 0x0, 0x0, 0x0, 0x0, 0x1,
    0xff, 0xf0, 0x7, 0xff, 0xf8, 0x0, 0x0, 0x0,
    0x0, 0x0, 0xff, 0xf0, 0x7, 0xff, 0xf0, 0x0,
    0x0, 0x0, 0x0, 0x0, 0xff, 0xf8, 0x7, 0xff,
    0xf0, 0x1, 0xff, 0x0, 0xff, 0xe0, 0x7f, 0xf8,
    0xf, 0xff, 0xe0, 0x7, 0xff, 0xc1, 0xff, 0xe0,
    0x7f, 0xf8, 0xf, 0xff, 0xc0, 0xf, 0xff, 0xe1,
    0xff, 0xe0, 0x7f, 0xfc, 0x1f, 0xff, 0xc0, 0x1f,
    0xff, 0xf1, 0xff, 0xe0, 0x3f, 0xfc, 0x1f, 0xff,
    0xc0, 0x3f, 0xff, 0xf9, 0xff, 0xe0, 0x3f, 0xfc,
    0x1f, 0xff, 0x80, 0x3f, 0xff, 0xfb, 0xff, 0xe0,
    0x3f, 0xfc, 0x3f, 0xff, 0x80, 0x7f, 0xff, 0xff,
    0xff, 0xe0, 0x1f, 0xfe, 0x3f, 0xff, 0x0, 0x7f,
    0xff, 0xff, 0xff, 0xe0, 0x1f, 0xfe, 0x3f, 0xff,
    0x0, 0xff, 0xff, 0xff, 0xff, 0xe0, 0x1f, 0xfe,
    0x3f, 0xff, 0x0, 0xff, 0xff, 0xff, 0xff, 0xe0,
    0x1f, 0xfe, 0x7f, 0xff, 0x0, 0xff, 0xff, 0xff,
    0xff, 0xe0, 0x1f, 0xfe, 0x7f, 0xfe, 0x1, 0xff,
    0xff, 0x87, 0xff, 0xe0, 0x1f, 0xfe, 0x7f, 0xfe,
    0x1, 0xff, 0xfe, 0x7, 0xff, 0xe0, 0xf, 0xff,
    0x7f, 0xfe, 0x1, 0xff, 0xfe, 0x7, 0xff, 0xe0,
    0xf, 0xff, 0x7f, 0xfe, 0x1, 0xff, 0xfc, 0x7,
    0xff, 0xe0, 0xf, 0xff, 0x7f, 0xfe, 0x1, 0xff,
    0xfc, 0x7, 0xff, 0xe0, 0xf, 0xff, 0xff, 0xfe,
    0x1, 0xff, 0xfc, 0x7, 0xff, 0xe0, 0xf, 0xff,
    0xff, 0xfc, 0x3, 0xff, 0xf8, 0x7, 0xff, 0xe0,
    0xf, 0xff, 0xff, 0xfc, 0x3, 0xff, 0xf8, 0x7,
    0xff, 0xe0, 0xf, 0xff, 0xff, 0xfc, 0x3, 0xff,
    0xf8, 0x7, 0xff, 0xe0, 0xf, 0xff, 0xff, 0xfc,
    0x3, 0xff, 0xf8, 0x7, 0xff, 0xe0, 0xf, 0xff,
    0xff, 0xfc, 0x3, 0xff, 0xf8, 0x7, 0xff, 0xe0,
    0xf, 0xff, 0xff, 0xfc, 0x3, 0xff, 0xf8, 0x7,
    0xff, 0xe0, 0xf, 0xff, 0xff, 0xfc, 0x3, 0xff,
    0xf8, 0x7, 0xff, 0xe0, 0xf, 0xff, 0xff, 0xfc,
    0x3, 0xff, 0xf8, 0x7, 0xff, 0xe0, 0xf, 0xff,
    0xff, 0xfc, 0x3, 0xff, 0xf8, 0x7, 0xff, 0xe0,
    0xf, 0xff, 0xff, 0xfc, 0x3, 0xff, 0xf8, 0x7,
    0xff, 0xe0, 0xf, 0xff, 0xff, 0xfc, 0x3, 0xff,
    0xf8, 0x7, 0xff, 0xe0, 0xf, 0xff, 0xff, 0xfc,
    0x3, 0xff, 0xf8, 0x7, 0xff, 0xe0, 0xf, 0xff,
    0xff, 0xfc, 0x3, 0xff, 0xf8, 0x7, 0xff, 0xe0,
    0xf, 0xfe, 0xff, 0xfc, 0x3, 0xff, 0xf8, 0x7,
    0xff, 0xe0, 0xf, 0xfe, 0xff, 0xfc, 0x3, 0xff,
    0xf8, 0x7, 0xff, 0xe0, 0x1f, 0xfe, 0xff, 0xfc,
    0x1, 0xff, 0xfc, 0x7, 0xff, 0xe0, 0x1f, 0xfe,
    0xff, 0xfc, 0x1, 0xff, 0xfc, 0x7, 0xff, 0xe0,
    0x1f, 0xfe, 0xff, 0xfe, 0x1, 0xff, 0xfc, 0xf,
    0xff, 0xe0, 0x1f, 0xfe, 0x7f, 0xfe, 0x1, 0xff,
    0xfe, 0xf, 0xff, 0xe0, 0x1f, 0xfc, 0x7f, 0xfe,
    0x1, 0xff, 0xff, 0x1f, 0xff, 0xf0, 0x3f, 0xfc,
    0x7f, 0xfe, 0x0, 0xff, 0xff, 0xff, 0xff, 0xf0,
    0x3f, 0xfc, 0x7f, 0xfe, 0x0, 0xff, 0xff, 0xff,
    0xff, 0xf8, 0x7f, 0xf8, 0x7f, 0xff, 0x0, 0x7f,
    0xff, 0xff, 0xff, 0xff, 0xff, 0xf8, 0x7f, 0xff,
    0x0, 0x7f, 0xff, 0xfd, 0xff, 0xff, 0xff, 0xf8,
    0x3f, 0xff, 0x0, 0x7f, 0xff, 0xfd, 0xff, 0xff,
    0xff, 0xf0, 0x3f, 0xff, 0x80, 0x3f, 0xff, 0xf8,
    0xff, 0xff, 0xff, 0xf0, 0x3f, 0xff, 0x80, 0x1f,
    0xff, 0xf8, 0xff, 0xff, 0xff, 0xe0, 0x1f, 0xff,
    0x80, 0x1f, 0xff, 0xf0, 0x7f, 0xff, 0xff, 0xc0,
    0x1f, 0xff, 0xc0, 0xf, 0xff, 0xf0, 0x3f, 0xff,
    0xff, 0x80, 0x1f, 0xff, 0xc0, 0x7, 0xff, 0xe0,
    0x1f, 0xff, 0xff, 0x0, 0xf, 0xff, 0xe0, 0x1,
    0xff, 0xc0, 0xf, 0xff, 0xfe, 0x0, 0xf, 0xff,
    0xf0, 0x0, 0x7f, 0x0, 0x7, 0xff, 0xf8, 0x0,
    0xf, 0xff, 0xf0, 0x0, 0x0, 0x0, 0x0, 0xff,
    0xc0, 0x0, 0x7, 0xff, 0xf8, 0x0, 0x0, 0x0,
    0x0, 0x0, 0x0, 0x0, 0x7, 0xff, 0xfc, 0x0,
    0x0, 0x0, 0x0, 0x0, 0x0, 0x0, 0x3, 0xff,
    0xfe, 0x0, 0x0, 0x0, 0x0, 0x0, 0x0, 0x0,
    0x1, 0xff, 0xff, 0x0, 0x0, 0x0, 0x0, 0x0,
    0x0, 0x0, 0x1, 0xff, 0xff, 0x80, 0x0, 0x0,
    0x0, 0x0, 0x0, 0x0, 0x0, 0xff, 0xff, 0xe0,
    0x0, 0x0, 0x0, 0x0, 0x0, 0x0, 0x0, 0x7f,
    0xff, 0xf0, 0x0, 0x0, 0x0, 0x0, 0x0, 0x0,
    0x0, 0x7f, 0xff, 0xfc, 0x0, 0x0, 0x0, 0x0,
    0x0, 0x0, 0x0, 0x3f, 0xff, 0xff, 0x80, 0x0,
    0x0, 0x0, 0x0, 0x0, 0x0, 0x1f, 0xff, 0xff,
    0xf8, 0x0, 0x1f, 0x0, 0x0, 0x0, 0x0, 0xf,
    0xff, 0xff, 0xff, 0xff, 0xff, 0x0, 0x0, 0x0,
    0x0, 0x7, 0xff, 0xff, 0xff, 0xff, 0xff, 0x0,
    0x0, 0x0, 0x0, 0x1, 0xff, 0xff, 0xff, 0xff,
    0xff, 0x0, 0x0, 0x0, 0x0, 0x0, 0xff, 0xff,
    0xff, 0xff, 0xff, 0x0, 0x0, 0x0, 0x0, 0x0,
    0x7f, 0xff, 0xff, 0xff, 0xff, 0x80, 0x0, 0x0,
    0x0, 0x0, 0x1f, 0xff, 0xff, 0xff, 0xff, 0x80,
    0x0, 0x0, 0x0, 0x0, 0x7, 0xff, 0xff, 0xff,
    0xff, 0x80, 0x0, 0x0, 0x0, 0x0, 0x1, 0xff,
    0xff, 0xff, 0xff, 0x80, 0x0, 0x0, 0x0, 0x0,
    0x0, 0x3f, 0xff, 0xff, 0xff, 0x80, 0x0, 0x0,
    0x0, 0x0, 0x0, 0x7, 0xff, 0xff, 0xff, 0x80,
    0x0, 0x0, 0x0, 0x0, 0x0, 0x0, 0x1f, 0xff,
    0xc0, 0x0, 0x0, 0x0,

    /* U+0041 "A" */
    0x0, 0x7f, 0xff, 0xff, 0xfc, 0x0, 0x1, 0xff,
    0xff, 0xff, 0xf0, 0x0, 0x7, 0xff, 0xff, 0xff,
    0xc0, 0x0, 0x3f, 0xff, 0xff, 0xff, 0x0, 0x0,
    0xff, 0xff, 0xff, 0xfc, 0x0, 0x3, 0xff, 0xff,
    0xff, 0xf0, 0x0, 0xf, 0xff, 0xff, 0xff, 0xe0,
    0x0, 0x3f, 0xff, 0xff, 0xff, 0x80, 0x0, 0xff,
    0xff, 0xff, 0xfe, 0x0, 0x3, 0xff, 0xff, 0xff,
    0xf8, 0x0, 0xf, 0xff, 0xff, 0xff, 0xe0, 0x0,
    0x3f, 0xff, 0xff, 0xff, 0x80, 0x0, 0xff, 0xff,
    0xff, 0xfe, 0x0, 0x7, 0xff, 0xff, 0xff, 0xf8,
    0x0, 0x1f, 0xff, 0xff, 0xff, 0xe0, 0x0, 0x7f,
    0xff, 0xbf, 0xff, 0x80, 0x1, 0xff, 0xfe, 0xff,
    0xfe, 0x0, 0x7, 0xff, 0xfb, 0xff, 0xfc, 0x0,
    0x1f, 0xff, 0xcf, 0xff, 0xf0, 0x0, 0x7f, 0xff,
    0x3f, 0xff, 0xc0, 0x1, 0xff, 0xfc, 0xff, 0xff,
    0x0, 0x7, 0xff, 0xf3, 0xff, 0xfc, 0x0, 0x1f,
    0xff, 0xcf, 0xff, 0xf0, 0x0, 0xff, 0xff, 0x3f,
    0xff, 0xc0, 0x3, 0xff, 0xfc, 0xff, 0xff, 0x0,
    0xf, 0xff, 0xf3, 0xff, 0xfc, 0x0, 0x3f, 0xff,
    0xc7, 0xff, 0xf0, 0x0, 0xff, 0xff, 0x1f, 0xff,
    0xe0, 0x3, 0xff, 0xfc, 0x7f, 0xff, 0x80, 0xf,
    0xff, 0xf1, 0xff, 0xfe, 0x0, 0x3f, 0xff, 0xc7,
    0xff, 0xf8, 0x0, 0xff, 0xff, 0x1f, 0xff, 0xe0,
    0x3, 0xff, 0xf8, 0x7f, 0xff, 0x80, 0xf, 0xff,
    0xe1, 0xff, 0xfe, 0x0, 0x7f, 0xff, 0x87, 0xff,
    0xf8, 0x1, 0xff, 0xfe, 0x1f, 0xff, 0xe0, 0x7,
    0xff, 0xf8, 0x7f, 0xff, 0x80, 0x1f, 0xff, 0xe1,
    0xff, 0xfe, 0x0, 0x7f, 0xff, 0x83, 0xff, 0xfc,
    0x1, 0xff, 0xfe, 0xf, 0xff, 0xf0, 0x7, 0xff,
    0xf8, 0x3f, 0xff, 0xc0, 0x1f, 0xff, 0xe0, 0xff,
    0xff, 0x0, 0x7f, 0xff, 0x83, 0xff, 0xfc, 0x1,
    0xff, 0xfe, 0xf, 0xff, 0xf0, 0xf, 0xff, 0xf8,
    0x3f, 0xff, 0xc0, 0x3f, 0xff, 0xc0, 0xff, 0xff,
    0x0, 0xff, 0xff, 0x3, 0xff, 0xfc, 0x3, 0xff,
    0xfc, 0xf, 0xff, 0xf0, 0xf, 0xff, 0xf0, 0x3f,
    0xff, 0xe0, 0x3f, 0xff, 0xc0, 0xff, 0xff, 0x80,
    0xff, 0xff, 0x1, 0xff, 0xfe, 0x3, 0xff, 0xfc,
    0x7, 0xff, 0xf8, 0xf, 0xff, 0xf0, 0x1f, 0xff,
    0xe0, 0x3f, 0xff, 0xc0, 0x7f, 0xff, 0x81, 0xff,
    0xff, 0x1, 0xff, 0xfe, 0x7, 0xff, 0xfc, 0x7,
    0xff, 0xf8, 0x1f, 0xff, 0xf0, 0x1f, 0xff, 0xe0,
    0x7f, 0xff, 0xc0, 0x7f, 0xff, 0x81, 0xff, 0xff,
    0x1, 0xff, 0xfe, 0x7, 0xff, 0xff, 0xff, 0xff,
    0xfc, 0x1f, 0xff, 0xff, 0xff, 0xff, 0xf0, 0x7f,
    0xff, 0xff, 0xff, 0xff, 0xc1, 0xff, 0xff, 0xff,
    0xff, 0xff, 0x7, 0xff, 0xff, 0xff, 0xff, 0xfc,
    0x1f, 0xff, 0xff, 0xff, 0xff, 0xf0, 0xff, 0xff,
    0xff, 0xff, 0xff, 0xc3, 0xff, 0xff, 0xff, 0xff,
    0xff, 0xf, 0xff, 0xff, 0xff, 0xff, 0xfc, 0x3f,
    0xff, 0xff, 0xff, 0xff, 0xf0, 0xff, 0xff, 0xff,
    0xff, 0xff, 0xe3, 0xff, 0xff, 0xff, 0xff, 0xff,
    0x8f, 0xff, 0xff, 0xff, 0xff, 0xfe, 0x3f, 0xff,
    0xc0, 0x7, 0xff, 0xf8, 0xff, 0xff, 0x0, 0x1f,
    0xff, 0xe3, 0xff, 0xfc, 0x0, 0x7f, 0xff, 0x9f,
    0xff, 0xf0, 0x1, 0xff, 0xfe, 0x7f, 0xff, 0xc0,
    0x7, 0xff, 0xf9, 0xff, 0xff, 0x0, 0x1f, 0xff,
    0xe7, 0xff, 0xfc, 0x0, 0x7f, 0xff, 0x9f, 0xff,
    0xf0, 0x1, 0xff, 0xfe, 0x7f, 0xff, 0xc0, 0x7,
    0xff, 0xfd, 0xff, 0xff, 0x0, 0x1f, 0xff, 0xf7,
    0xff, 0xf8, 0x0, 0x3f, 0xff, 0xdf, 0xff, 0xe0,
    0x0, 0xff, 0xff, 0x7f, 0xff, 0x80, 0x3, 0xff,
    0xfd, 0xff, 0xfe, 0x0, 0xf, 0xff, 0xf0,

    /* U+0042 "B" */
    0xff, 0xff, 0xff, 0xf8, 0x0, 0x3f, 0xff, 0xff,
    0xff, 0xc0, 0xf, 0xff, 0xff, 0xff, 0xfc, 0x3,
    0xff, 0xff, 0xff, 0xff, 0xc0, 0xff, 0xff, 0xff,
    0xff, 0xf8, 0x3f, 0xff, 0xff, 0xff, 0xfe, 0xf,
    0xff, 0xff, 0xff, 0xff, 0xc3, 0xff, 0xff, 0xff,
    0xff, 0xf8, 0xff, 0xff, 0xff, 0xff, 0xfe, 0x3f,
    0xff, 0xff, 0xff, 0xff, 0xcf, 0xff, 0xff, 0xff,
    0xff, 0xf3, 0xff, 0xff, 0xff, 0xff, 0xfc, 0xff,
    0xff, 0xff, 0xff, 0xff, 0x3f, 0xff, 0xe0, 0xff,
    0xff, 0xef, 0xff, 0xf8, 0x1f, 0xff, 0xfb, 0xff,
    0xfe, 0x3, 0xff, 0xfe, 0xff, 0xff, 0x80, 0xff,
    0xff, 0xbf, 0xff, 0xe0, 0x3f, 0xff, 0xef, 0xff,
    0xf8, 0xf, 0xff, 0xfb, 0xff, 0xfe, 0x3, 0xff,
    0xfe, 0xff, 0xff, 0x80, 0xff, 0xff, 0xbf, 0xff,
    0xe0, 0x3f, 0xff, 0xef, 0xff, 0xf8, 0xf, 0xff,
    0xfb, 0xff, 0xfe, 0x3, 0xff, 0xfe, 0xff, 0xff,
    0x80, 0xff, 0xff, 0xbf, 0xff, 0xe0, 0x3f, 0xff,
    0xef, 0xff, 0xf8, 0xf, 0xff, 0xfb, 0xff, 0xfe,
    0x3, 0xff, 0xfe, 0xff, 0xff, 0x80, 0xff, 0xff,
    0xbf, 0xff, 0xe0, 0x3f, 0xff, 0xcf, 0xff, 0xf8,
    0x1f, 0xff, 0xf3, 0xff, 0xfe, 0x7, 0xff, 0xfc,
    0xff, 0xff, 0x83, 0xff, 0xfe, 0x3f, 0xff, 0xff,
    0xff, 0xff, 0x8f, 0xff, 0xff, 0xff, 0xff, 0xc3,
    0xff, 0xff, 0xff, 0xff, 0xe0, 0xff, 0xff, 0xff,
    0xff, 0xf0, 0x3f, 0xff, 0xff, 0xff, 0xf8, 0xf,
    0xff, 0xff, 0xff, 0xf0, 0x3, 0xff, 0xff, 0xff,
    0xff, 0x80, 0xff, 0xff, 0xff, 0xff, 0xf0, 0x3f,
    0xff, 0xff, 0xff, 0xff, 0xf, 0xff, 0xff, 0xff,
    0xff, 0xc3, 0xff, 0xff, 0xff, 0xff, 0xf8, 0xff,
    0xff, 0xff, 0xff, 0xff, 0x3f, 0xff, 0xff, 0xff,
    0xff, 0xcf, 0xff, 0xf8, 0x3f, 0xff, 0xf3, 0xff,
    0xfe, 0x3, 0xff, 0xfe, 0xff, 0xff, 0x80, 0xff,
    0xff, 0xbf, 0xff, 0xe0, 0x3f, 0xff, 0xef, 0xff,
    0xf8, 0x7, 0xff, 0xfb, 0xff, 0xfe, 0x1, 0xff,
    0xff, 0xff, 0xff, 0x80, 0x7f, 0xff, 0xff, 0xff,
    0xe0, 0x1f, 0xff, 0xff, 0xff, 0xf8, 0x7, 0xff,
    0xff, 0xff, 0xfe, 0x1, 0xff, 0xff, 0xff, 0xff,
    0x80, 0x7f, 0xff, 0xff, 0xff, 0xe0, 0x1f, 0xff,
    0xff, 0xff, 0xf8, 0x7, 0xff, 0xff, 0xff, 0xfe,
    0x1, 0xff, 0xff, 0xff, 0xff, 0x80, 0x7f, 0xff,
    0xff, 0xff, 0xe0, 0x1f, 0xff, 0xff, 0xff, 0xf8,
    0x7, 0xff, 0xff, 0xff, 0xfe, 0x1, 0xff, 0xff,
    0xff, 0xff, 0x80, 0x7f, 0xff, 0xff, 0xff, 0xe0,
    0x1f, 0xff, 0xff, 0xff, 0xf8, 0x7, 0xff, 0xff,
    0xff, 0xfe, 0x1, 0xff, 0xfe, 0xff, 0xff, 0x80,
    0xff, 0xff, 0xbf, 0xff, 0xe0, 0x7f, 0xff, 0xef,
    0xff, 0xf8, 0x3f, 0xff, 0xfb, 0xff, 0xff, 0xff,
    0xff, 0xfe, 0xff, 0xff, 0xff, 0xff, 0xff, 0xbf,
    0xff, 0xff, 0xff, 0xff, 0xcf, 0xff, 0xff, 0xff,
    0xff, 0xf3, 0xff, 0xff, 0xff, 0xff, 0xfc, 0xff,
    0xff, 0xff, 0xff, 0xfe, 0x3f, 0xff, 0xff, 0xff,
    0xff, 0x8f, 0xff, 0xff, 0xff, 0xff, 0xc3, 0xff,
    0xff, 0xff, 0xff, 0xf0, 0xff, 0xff, 0xff, 0xff,
    0xf8, 0x3f, 0xff, 0xff, 0xff, 0xfc, 0xf, 0xff,
    0xff, 0xff, 0xfe, 0x3, 0xff, 0xff, 0xff, 0xfe,
    0x0, 0xff, 0xff, 0xff, 0xff, 0x0, 0x3f, 0xff,
    0xff, 0xfe, 0x0, 0x0,

    /* U+0043 "C" */
    0x0, 0x1, 0xff, 0xc0, 0x0, 0x0, 0x3, 0xff,
    0xff, 0x0, 0x0, 0x3, 0xff, 0xff, 0xf0, 0x0,
    0x3, 0xff, 0xff, 0xff, 0x0, 0x1, 0xff, 0xff,
    0xff, 0xe0, 0x0, 0xff, 0xff, 0xff, 0xfe, 0x0,
    0x7f, 0xff, 0xff, 0xff, 0x80, 0x3f, 0xff, 0xff,
    0xff, 0xf0, 0xf, 0xff, 0xff, 0xff, 0xfe, 0x7,
    0xff, 0xff, 0xff, 0xff, 0xc1, 0xff, 0xff, 0xff,
    0xff, 0xf0, 0xff, 0xff, 0xff, 0xff, 0xfe, 0x3f,
    0xff, 0xff, 0xff, 0xff, 0x8f, 0xff, 0xff, 0xff,
    0xff, 0xe7, 0xff, 0xff, 0xff, 0xff, 0xf9, 0xff,
    0xff, 0xff, 0xff, 0xff, 0x7f, 0xff, 0xe1, 0xff,
    0xff, 0xdf, 0xff, 0xf0, 0x3f, 0xff, 0xff, 0xff,
    0xfc, 0x7, 0xff, 0xff, 0xff, 0xfe, 0x1, 0xff,
    0xff, 0xff, 0xff, 0x80, 0x7f, 0xff, 0xff, 0xff,
    0xe0, 0x1f, 0xff, 0xff, 0xff, 0xf8, 0x7, 0xff,
    0xff, 0xff, 0xfe, 0x1, 0xff, 0xff, 0xff, 0xff,
    0x80, 0x7f, 0xff, 0xff, 0xff, 0xe0, 0x1f, 0xff,
    0xff, 0xff, 0xf8, 0x7, 0xff, 0xff, 0xff, 0xfe,
    0x1, 0xff, 0xff, 0xff, 0xff, 0x80, 0x7f, 0xff,
    0xff, 0xff, 0xe0, 0x1f, 0xff, 0xff, 0xff, 0xf8,
    0x7, 0xff, 0xff, 0xff, 0xfe, 0x1, 0xff, 0xff,
    0xff, 0xff, 0x80, 0x7f, 0xff, 0xff, 0xff, 0xe0,
    0x1f, 0xff, 0xff, 0xff, 0xf8, 0x7, 0xff, 0xff,
    0xff, 0xfe, 0x0, 0x0, 0x0, 0xff, 0xff, 0x80,
    0x0, 0x0, 0x3f, 0xff, 0xe0, 0x0, 0x0, 0xf,
    0xff, 0xf8, 0x0, 0x0, 0x3, 0xff, 0xfe, 0x0,
    0x0, 0x0, 0xff, 0xff, 0x80, 0x0, 0x0, 0x3f,
    0xff, 0xe0, 0x0, 0x0, 0xf, 0xff, 0xf8, 0x0,
    0x0, 0x3, 0xff, 0xfe, 0x0, 0x0, 0x0, 0xff,
    0xff, 0x80, 0x0, 0x0, 0x3f, 0xff, 0xe0, 0x0,
    0x0, 0xf, 0xff, 0xf8, 0x0, 0x0, 0x3, 0xff,
    0xfe, 0x0, 0x0, 0x0, 0xff, 0xff, 0x80, 0x0,
    0x0, 0x3f, 0xff, 0xe0, 0x0, 0x0, 0xf, 0xff,
    0xf8, 0x7, 0xff, 0xff, 0xff, 0xfe, 0x1, 0xff,
    0xff, 0xff, 0xff, 0x80, 0x7f, 0xff, 0xff, 0xff,
    0xe0, 0x1f, 0xff, 0xff, 0xff, 0xf8, 0x7, 0xff,
    0xff, 0xff, 0xfe, 0x1, 0xff, 0xff, 0xff, 0xff,
    0x80, 0x7f, 0xff, 0xff, 0xff, 0xe0, 0x1f, 0xff,
    0xff, 0xff, 0xf8, 0x7, 0xff, 0xff, 0xff, 0xfe,
    0x1, 0xff, 0xff, 0xff, 0xff, 0x80, 0x7f, 0xff,
    0xff, 0xff, 0xe0, 0x1f, 0xff, 0xff, 0xff, 0xf8,
    0x7, 0xff, 0xff, 0xff, 0xfe, 0x1, 0xff, 0xff,
    0xff, 0xff, 0x80, 0x7f, 0xff, 0xff, 0xff, 0xe0,
    0x1f, 0xff, 0xff, 0xff, 0xf8, 0x7, 0xff, 0xff,
    0xff, 0xfe, 0x1, 0xff, 0xff, 0xff, 0xff, 0x80,
    0x7f, 0xff, 0xff, 0xff, 0xf0, 0x3f, 0xff, 0xff,
    0xff, 0xfc, 0xf, 0xff, 0xff, 0xff, 0xff, 0x87,
    0xff, 0xff, 0x7f, 0xff, 0xff, 0xff, 0xff, 0x9f,
    0xff, 0xff, 0xff, 0xff, 0xe7, 0xff, 0xff, 0xff,
    0xff, 0xf8, 0xff, 0xff, 0xff, 0xff, 0xfe, 0x3f,
    0xff, 0xff, 0xff, 0xff, 0xf, 0xff, 0xff, 0xff,
    0xff, 0xc1, 0xff, 0xff, 0xff, 0xff, 0xf0, 0x7f,
    0xff, 0xff, 0xff, 0xf8, 0xf, 0xff, 0xff, 0xff,
    0xfc, 0x1, 0xff, 0xff, 0xff, 0xff, 0x0, 0x3f,
    0xff, 0xff, 0xff, 0x80, 0x7, 0xff, 0xff, 0xff,
    0xc0, 0x0, 0xff, 0xff, 0xff, 0xc0, 0x0, 0xf,
    0xff, 0xff, 0xc0, 0x0, 0x0, 0xff, 0xff, 0xc0,
    0x0, 0x0, 0x7, 0xff, 0x80, 0x0,

    /* U+0044 "D" */
    0xff, 0xff, 0xff, 0xf8, 0x0, 0x1f, 0xff, 0xff,
    0xff, 0xf0, 0x3, 0xff, 0xff, 0xff, 0xff, 0x80,
    0x7f, 0xff, 0xff, 0xff, 0xf8, 0xf, 0xff, 0xff,
    0xff, 0xff, 0xc1, 0xff, 0xff, 0xff, 0xff, 0xfc,
    0x3f, 0xff, 0xff, 0xff, 0xff, 0x87, 0xff, 0xff,
    0xff, 0xff, 0xf8, 0xff, 0xff, 0xff, 0xff, 0xff,
    0x9f, 0xff, 0xff, 0xff, 0xff, 0xf3, 0xff, 0xff,
    0xff, 0xff, 0xfe, 0x7f, 0xff, 0xff, 0xff, 0xff,
    0xef, 0xff, 0xff, 0xff, 0xff, 0xfd, 0xff, 0xff,
    0xff, 0xff, 0xff, 0xbf, 0xff, 0xff, 0xff, 0xff,
    0xff, 0xff, 0xfe, 0xf, 0xff, 0xff, 0xff, 0xff,
    0xc0, 0xff, 0xff, 0xff, 0xff, 0xf8, 0xf, 0xff,
    0xff, 0xff, 0xff, 0x1, 0xff, 0xff, 0xff, 0xff,
    0xe0, 0x3f, 0xff, 0xff, 0xff, 0xfc, 0x7, 0xff,
    0xff, 0xff, 0xff, 0x80, 0xff, 0xff, 0xff, 0xff,
    0xf0, 0x1f, 0xff, 0xff, 0xff, 0xfe, 0x3, 0xff,
    0xff, 0xff, 0xff, 0xc0, 0x7f, 0xff, 0xff, 0xff,
    0xf8, 0xf, 0xff, 0xff, 0xff, 0xff, 0x1, 0xff,
    0xff, 0xff, 0xff, 0xe0, 0x3f, 0xff, 0xff, 0xff,
    0xfc, 0x7, 0xff, 0xff, 0xff, 0xff, 0x80, 0xff,
    0xff, 0xff, 0xff, 0xf0, 0x1f, 0xff, 0xff, 0xff,
    0xfe, 0x3, 0xff, 0xff, 0xff, 0xff, 0xc0, 0x7f,
    0xff, 0xff, 0xff, 0xf8, 0xf, 0xff, 0xff, 0xff,
    0xff, 0x1, 0xff, 0xff, 0xff, 0xff, 0xe0, 0x3f,
    0xff, 0xff, 0xff, 0xfc, 0x7, 0xff, 0xff, 0xff,
    0xff, 0x80, 0xff, 0xff, 0xff, 0xff, 0xf0, 0x1f,
    0xff, 0xff, 0xff, 0xfe, 0x3, 0xff, 0xff, 0xff,
    0xff, 0xc0, 0x7f, 0xff, 0xff, 0xff, 0xf8, 0xf,
    0xff, 0xff, 0xff, 0xff, 0x1, 0xff, 0xff, 0xff,
    0xff, 0xe0, 0x3f, 0xff, 0xff, 0xff, 0xfc, 0x7,
    0xff, 0xff, 0xff, 0xff, 0x80, 0xff, 0xff, 0xff,
    0xff, 0xf0, 0x1f, 0xff, 0xff, 0xff, 0xfe, 0x3,
    0xff, 0xff, 0xff, 0xff, 0xc0, 0x7f, 0xff, 0xff,
    0xff, 0xf8, 0xf, 0xff, 0xff, 0xff, 0xff, 0x1,
    0xff, 0xff, 0xff, 0xff, 0xe0, 0x3f, 0xff, 0xff,
    0xff, 0xfc, 0x7, 0xff, 0xff, 0xff, 0xff, 0x80,
    0xff, 0xff, 0xff, 0xff, 0xf0, 0x1f, 0xff, 0xff,
    0xff, 0xfe, 0x3, 0xff, 0xff, 0xff, 0xff, 0xc0,
    0x7f, 0xff, 0xff, 0xff, 0xf8, 0xf, 0xff, 0xff,
    0xff, 0xff, 0x1, 0xff, 0xff, 0xff, 0xff, 0xe0,
    0x3f, 0xff, 0xff, 0xff, 0xfc, 0x7, 0xff, 0xff,
    0xff, 0xff, 0x80, 0xff, 0xff, 0xff, 0xff, 0xf0,
    0x1f, 0xff, 0xff, 0xff, 0xfe, 0x3, 0xff, 0xff,
    0xff, 0xff, 0xc0, 0x7f, 0xff, 0xff, 0xff, 0xf8,
    0xf, 0xff, 0xff, 0xff, 0xff, 0x1, 0xff, 0xff,
    0xff, 0xff, 0xe0, 0x3f, 0xff, 0xff, 0xff, 0xfc,
    0x7, 0xff, 0xfd, 0xff, 0xff, 0x81, 0xff, 0xff,
    0xbf, 0xff, 0xf0, 0x7f, 0xff, 0xf7, 0xff, 0xff,
    0xff, 0xff, 0xfe, 0xff, 0xff, 0xff, 0xff, 0xff,
    0xdf, 0xff, 0xff, 0xff, 0xff, 0xf3, 0xff, 0xff,
    0xff, 0xff, 0xfe, 0x7f, 0xff, 0xff, 0xff, 0xff,
    0xcf, 0xff, 0xff, 0xff, 0xff, 0xf1, 0xff, 0xff,
    0xff, 0xff, 0xfe, 0x3f, 0xff, 0xff, 0xff, 0xff,
    0x87, 0xff, 0xff, 0xff, 0xff, 0xf0, 0xff, 0xff,
    0xff, 0xff, 0xfc, 0x1f, 0xff, 0xff, 0xff, 0xff,
    0x3, 0xff, 0xff, 0xff, 0xff, 0xc0, 0x7f, 0xff,
    0xff, 0xff, 0xe0, 0xf, 0xff, 0xff, 0xff, 0xf0,
    0x1, 0xff, 0xff, 0xff, 0xf0, 0x0, 0x0,

    /* U+0045 "E" */
    0xff, 0xff, 0xff, 0xff, 0xef, 0xff, 0xff, 0xff,
    0xfe, 0xff, 0xff, 0xff, 0xff, 0xef, 0xff, 0xff,
    0xff, 0xfe, 0xff, 0xff, 0xff, 0xff, 0xef, 0xff,
    0xff, 0xff, 0xfe, 0xff, 0xff, 0xff, 0xff, 0xef,
    0xff, 0xff, 0xff, 0xfe, 0xff, 0xff, 0xff, 0xff,
    0xef, 0xff, 0xff, 0xff, 0xfe, 0xff, 0xff, 0xff,
    0xff, 0xef, 0xff, 0xff, 0xff, 0xfe, 0xff, 0xff,
    0xff, 0xff, 0xef, 0xff, 0xff, 0xff, 0xfe, 0xff,
    0xff, 0xff, 0xff, 0xef, 0xff, 0xff, 0xff, 0xfe,
    0xff, 0xff, 0xc0, 0x0, 0xf, 0xff, 0xfc, 0x0,
    0x0, 0xff, 0xff, 0xc0, 0x0, 0xf, 0xff, 0xfc,
    0x0, 0x0, 0xff, 0xff, 0xc0, 0x0, 0xf, 0xff,
    0xfc, 0x0, 0x0, 0xff, 0xff, 0xc0, 0x0, 0xf,
    0xff, 0xfc, 0x0, 0x0, 0xff, 0xff, 0xc0, 0x0,
    0xf, 0xff, 0xfc, 0x0, 0x0, 0xff, 0xff, 0xc0,
    0x0, 0xf, 0xff, 0xfc, 0x0, 0x0, 0xff, 0xff,
    0xc0, 0x0, 0xf, 0xff, 0xfc, 0x0, 0x0, 0xff,
    0xff, 0xc0, 0x0, 0xf, 0xff, 0xfc, 0x0, 0x0,
    0xff, 0xff, 0xc0, 0x0, 0xf, 0xff, 0xfc, 0x0,
    0x0, 0xff, 0xff, 0xff, 0xff, 0xcf, 0xff, 0xff,
    0xff, 0xfc, 0xff, 0xff, 0xff, 0xff, 0xcf, 0xff,
    0xff, 0xff, 0xfc, 0xff, 0xff, 0xff, 0xff, 0xcf,
    0xff, 0xff, 0xff, 0xfc, 0xff, 0xff, 0xff, 0xff,
    0xcf, 0xff, 0xff, 0xff, 0xfc, 0xff, 0xff, 0xff,
    0xff, 0xcf, 0xff, 0xff, 0xff, 0xfc, 0xff, 0xff,
    0xff, 0xff, 0xcf, 0xff, 0xff, 0xff, 0xfc, 0xff,
    0xff, 0xff, 0xff, 0xcf, 0xff, 0xff, 0xff, 0xfc,
    0xff, 0xff, 0xff, 0xff, 0xcf, 0xff, 0xff, 0xff,
    0xfc, 0xff, 0xff, 0xc0, 0x0, 0xf, 0xff, 0xfc,
    0x0, 0x0, 0xff, 0xff, 0xc0, 0x0, 0xf, 0xff,
    0xfc, 0x0, 0x0, 0xff, 0xff, 0xc0, 0x0, 0xf,
    0xff, 0xfc, 0x0, 0x0, 0xff, 0xff, 0xc0, 0x0,
    0xf, 0xff, 0xfc, 0x0, 0x0, 0xff, 0xff, 0xc0,
    0x0, 0xf, 0xff, 0xfc, 0x0, 0x0, 0xff, 0xff,
    0xc0, 0x0, 0xf, 0xff, 0xfc, 0x0, 0x0, 0xff,
    0xff, 0xc0, 0x0, 0xf, 0xff, 0xfc, 0x0, 0x0,
    0xff, 0xff, 0xc0, 0x0, 0xf, 0xff, 0xfc, 0x0,
    0x0, 0xff, 0xff, 0xc0, 0x0, 0xf, 0xff, 0xfc,
    0x0, 0x0, 0xff, 0xff, 0xc0, 0x0, 0xf, 0xff,
    0xfc, 0x0, 0x0, 0xff, 0xff, 0xff, 0xff, 0xff,
    0xff, 0xff, 0xff, 0xff, 0xff, 0xff, 0xff, 0xff,
    0xff, 0xff, 0xff, 0xff, 0xff, 0xff, 0xff, 0xff,
    0xff, 0xff, 0xff, 0xff, 0xff, 0xff, 0xff, 0xff,
    0xff, 0xff, 0xff, 0xff, 0xff, 0xff, 0xff, 0xff,
    0xff, 0xff, 0xff, 0xff, 0xff, 0xff, 0xff, 0xff,
    0xff, 0xff, 0xff, 0xff, 0xff, 0xff, 0xff, 0xff,
    0xff, 0xff, 0xff, 0xff, 0xff, 0xff, 0xff, 0xff,
    0xff, 0xff, 0xff, 0xff, 0xff, 0xff, 0xff, 0xff,
    0xff, 0xff, 0xff,

    /* U+0046 "F" */
    0xff, 0xff, 0xff, 0xff, 0xff, 0xff, 0xff, 0xff,
    0xff, 0xff, 0xff, 0xff, 0xff, 0xff, 0xff, 0xff,
    0xff, 0xff, 0xff, 0xff, 0xff, 0xff, 0xff, 0xff,
    0xff, 0xff, 0xff, 0xff, 0xff, 0xff, 0xff, 0xff,
    0xff, 0xff, 0xff, 0xff, 0xff, 0xff, 0xff, 0xff,
    0xff, 0xff, 0xff, 0xff, 0xff, 0xff, 0xff, 0xff,
    0xff, 0xff, 0xff, 0xff, 0xff, 0xff, 0xff, 0xff,
    0xff, 0xff, 0xff, 0xff, 0xff, 0xff, 0xff, 0xff,
    0xff, 0xff, 0xff, 0xff, 0xff, 0xff, 0xff, 0xff,
    0xff, 0xff, 0xff, 0xff, 0xf8, 0x0, 0x3, 0xff,
    0xff, 0x0, 0x0, 0x7f, 0xff, 0xe0, 0x0, 0xf,
    0xff, 0xfc, 0x0, 0x1, 0xff, 0xff, 0x80, 0x0,
    0x3f, 0xff, 0xf0, 0x0, 0x7, 0xff, 0xfe, 0x0,
    0x0, 0xff, 0xff, 0xc0, 0x0, 0x1f, 0xff, 0xf8,
    0x0, 0x3, 0xff, 0xff, 0x0, 0x0, 0x7f, 0xff,
    0xe0, 0x0, 0xf, 0xff, 0xfc, 0x0, 0x1, 0xff,
    0xff, 0x80, 0x0, 0x3f, 0xff, 0xf0, 0x0, 0x7,
    0xff, 0xff, 0xff, 0xfe, 0xff, 0xff, 0xff, 0xff,
    0xdf, 0xff, 0xff, 0xff, 0xfb, 0xff, 0xff, 0xff,
    0xff, 0x7f, 0xff, 0xff, 0xff, 0xef, 0xff, 0xff,
    0xff, 0xfd, 0xff, 0xff, 0xff, 0xff, 0xbf, 0xff,
    0xff, 0xff, 0xf7, 0xff, 0xff, 0xff, 0xfe, 0xff,
    0xff, 0xff, 0xff, 0xdf, 0xff, 0xff, 0xff, 0xfb,
    0xff, 0xff, 0xff, 0xff, 0x7f, 0xff, 0xff, 0xff,
    0xef, 0xff, 0xff, 0xff, 0xfd, 0xff, 0xff, 0xff,
    0xff, 0xbf, 0xff, 0xff, 0xff, 0xf7, 0xff, 0xfe,
    0x0, 0x0, 0xff, 0xff, 0xc0, 0x0, 0x1f, 0xff,
    0xf8, 0x0, 0x3, 0xff, 0xff, 0x0, 0x0, 0x7f,
    0xff, 0xe0, 0x0, 0xf, 0xff, 0xfc, 0x0, 0x1,
    0xff, 0xff, 0x80, 0x0, 0x3f, 0xff, 0xf0, 0x0,
    0x7, 0xff, 0xfe, 0x0, 0x0, 0xff, 0xff, 0xc0,
    0x0, 0x1f, 0xff, 0xf8, 0x0, 0x3, 0xff, 0xff,
    0x0, 0x0, 0x7f, 0xff, 0xe0, 0x0, 0xf, 0xff,
    0xfc, 0x0, 0x1, 0xff, 0xff, 0x80, 0x0, 0x3f,
    0xff, 0xf0, 0x0, 0x7, 0xff, 0xfe, 0x0, 0x0,
    0xff, 0xff, 0xc0, 0x0, 0x1f, 0xff, 0xf8, 0x0,
    0x3, 0xff, 0xff, 0x0, 0x0, 0x7f, 0xff, 0xe0,
    0x0, 0xf, 0xff, 0xfc, 0x0, 0x1, 0xff, 0xff,
    0x80, 0x0, 0x3f, 0xff, 0xf0, 0x0, 0x7, 0xff,
    0xfe, 0x0, 0x0, 0xff, 0xff, 0xc0, 0x0, 0x1f,
    0xff, 0xf8, 0x0, 0x3, 0xff, 0xff, 0x0, 0x0,
    0x7f, 0xff, 0xe0, 0x0, 0xf, 0xff, 0xfc, 0x0,
    0x1, 0xff, 0xff, 0x80, 0x0, 0x3f, 0xff, 0xf0,
    0x0, 0x7, 0xff, 0xfe, 0x0, 0x0, 0xff, 0xff,
    0xc0, 0x0, 0x1f, 0xff, 0xf8, 0x0, 0x3, 0xff,
    0xff, 0x0, 0x0, 0x7f, 0xff, 0xe0, 0x0, 0xf,
    0xff, 0xfc, 0x0, 0x1, 0xff, 0xff, 0x80, 0x0,
    0x0,

    /* U+0047 "G" */
    0x0, 0x0, 0xff, 0xe0, 0x0, 0x0, 0x1, 0xff,
    0xff, 0xc0, 0x0, 0x0, 0xff, 0xff, 0xfe, 0x0,
    0x0, 0x7f, 0xff, 0xff, 0xf0, 0x0, 0x1f, 0xff,
    0xff, 0xff, 0x0, 0x7, 0xff, 0xff, 0xff, 0xf0,
    0x1, 0xff, 0xff, 0xff, 0xff, 0x0, 0x7f, 0xff,
    0xff, 0xff, 0xe0, 0xf, 0xff, 0xff, 0xff, 0xfe,
    0x3, 0xff, 0xff, 0xff, 0xff, 0xe0, 0xff, 0xff,
    0xff, 0xff, 0xfc, 0x1f, 0xff, 0xff, 0xff, 0xff,
    0x83, 0xff, 0xff, 0xff, 0xff, 0xf8, 0xff, 0xff,
    0xff, 0xff, 0xff, 0x1f, 0xff, 0xff, 0xff, 0xff,
    0xe3, 0xff, 0xff, 0xff, 0xff, 0xfe, 0x7f, 0xff,
    0xf0, 0xff, 0xff, 0xdf, 0xff, 0xf8, 0xf, 0xff,
    0xfb, 0xff, 0xff, 0x1, 0xff, 0xff, 0x7f, 0xff,
    0xc0, 0x1f, 0xff, 0xef, 0xff, 0xf8, 0x3, 0xff,
    0xfd, 0xff, 0xff, 0x0, 0x7f, 0xff, 0xff, 0xff,
    0xe0, 0xf, 0xff, 0xff, 0xff, 0xfc, 0x1, 0xff,
    0xff, 0xff, 0xff, 0x80, 0x3f, 0xff, 0xff, 0xff,
    0xf0, 0x7, 0xff, 0xff, 0xff, 0xfe, 0x0, 0xff,
    0xff, 0xff, 0xff, 0xc0, 0x1f, 0xff, 0xff, 0xff,
    0xf8, 0x3, 0xff, 0xff, 0xff, 0xff, 0x0, 0x7f,
    0xff, 0xff, 0xff, 0xe0, 0x0, 0x0, 0x7, 0xff,
    0xfc, 0x0, 0x0, 0x0, 0xff, 0xff, 0x80, 0x0,
    0x0, 0x1f, 0xff, 0xf0, 0x0, 0x0, 0x3, 0xff,
    0xfe, 0x0, 0x0, 0x0, 0x7f, 0xff, 0xc0, 0x0,
    0x0, 0xf, 0xff, 0xf8, 0x0, 0x0, 0x1, 0xff,
    0xff, 0xf, 0xff, 0xff, 0xff, 0xff, 0xe1, 0xff,
    0xff, 0xff, 0xff, 0xfc, 0x3f, 0xff, 0xff, 0xff,
    0xff, 0x87, 0xff, 0xff, 0xff, 0xff, 0xf0, 0xff,
    0xff, 0xff, 0xff, 0xfe, 0x1f, 0xff, 0xff, 0xff,
    0xff, 0xc3, 0xff, 0xff, 0xff, 0xff, 0xf8, 0x7f,
    0xff, 0xff, 0xff, 0xff, 0xf, 0xff, 0xff, 0xff,
    0xff, 0xe1, 0xff, 0xff, 0xff, 0xff, 0xfc, 0x3f,
    0xff, 0xff, 0xff, 0xff, 0x87, 0xff, 0xff, 0xff,
    0xff, 0xf0, 0xff, 0xff, 0xff, 0xff, 0xfe, 0x1f,
    0xff, 0xff, 0xff, 0xff, 0xc3, 0xff, 0xff, 0xff,
    0xff, 0xf8, 0x3, 0xff, 0xff, 0xff, 0xff, 0x0,
    0x7f, 0xff, 0xff, 0xff, 0xe0, 0xf, 0xff, 0xff,
    0xff, 0xfc, 0x1, 0xff, 0xff, 0xff, 0xff, 0x80,
    0x3f, 0xff, 0xff, 0xff, 0xf0, 0x7, 0xff, 0xff,
    0xff, 0xfe, 0x0, 0xff, 0xff, 0xff, 0xff, 0xc0,
    0x1f, 0xff, 0xff, 0xff, 0xf8, 0x3, 0xff, 0xff,
    0xff, 0xff, 0x0, 0x7f, 0xff, 0xff, 0xff, 0xe0,
    0xf, 0xff, 0xff, 0xff, 0xfc, 0x1, 0xff, 0xff,
    0xff, 0xff, 0x80, 0x3f, 0xff, 0xff, 0xff, 0xf0,
    0x7, 0xff, 0xff, 0xff, 0xfe, 0x0, 0xff, 0xff,
    0xff, 0xff, 0xc0, 0x1f, 0xff, 0xff, 0xff, 0xf8,
    0x3, 0xff, 0xff, 0xff, 0xff, 0x80, 0xff, 0xff,
    0xdf, 0xff, 0xf0, 0x1f, 0xff, 0xfb, 0xff, 0xff,
    0x7, 0xff, 0xff, 0x7f, 0xff, 0xff, 0xff, 0xff,
    0xef, 0xff, 0xff, 0xff, 0xff, 0xfd, 0xff, 0xff,
    0xff, 0xff, 0xff, 0x9f, 0xff, 0xff, 0xff, 0xff,
    0xf3, 0xff, 0xff, 0xff, 0xff, 0xfe, 0x3f, 0xff,
    0xff, 0xff, 0xff, 0xc7, 0xff, 0xff, 0xff, 0xff,
    0xf8, 0xff, 0xff, 0xff, 0xff, 0xff, 0xf, 0xff,
    0xff, 0xff, 0xff, 0xe0, 0xff, 0xff, 0xff, 0xe7,
    0xfc, 0x1f, 0xff, 0xff, 0xf8, 0xff, 0x81, 0xff,
    0xff, 0xfe, 0x1f, 0xf0, 0x1f, 0xff, 0xff, 0x81,
    0xfe, 0x0, 0xff, 0xff, 0xe0, 0x3f, 0xc0, 0x7,
    0xff, 0xf0, 0x3, 0xf8, 0x0, 0x1f, 0xf0, 0x0,
    0x0,

    /* U+0048 "H" */
    0xff, 0xff, 0x80, 0x7f, 0xff, 0xff, 0xff, 0xe0,
    0x1f, 0xff, 0xff, 0xff, 0xf8, 0x7, 0xff, 0xff,
    0xff, 0xfe, 0x1, 0xff, 0xff, 0xff, 0xff, 0x80,
    0x7f, 0xff, 0xff, 0xff, 0xe0, 0x1f, 0xff, 0xff,
    0xff, 0xf8, 0x7, 0xff, 0xff, 0xff, 0xfe, 0x1,
    0xff, 0xff, 0xff, 0xff, 0x80, 0x7f, 0xff, 0xff,
    0xff, 0xe0, 0x1f, 0xff, 0xff, 0xff, 0xf8, 0x7,
    0xff, 0xff, 0xff, 0xfe, 0x1, 0xff, 0xff, 0xff,
    0xff, 0x80, 0x7f, 0xff, 0xff, 0xff, 0xe0, 0x1f,
    0xff, 0xff, 0xff, 0xf8, 0x7, 0xff, 0xff, 0xff,
    0xfe, 0x1, 0xff, 0xff, 0xff, 0xff, 0x80, 0x7f,
    0xff, 0xff, 0xff, 0xe0, 0x1f, 0xff, 0xff, 0xff,
    0xf8, 0x7, 0xff, 0xff, 0xff, 0xfe, 0x1, 0xff,
    0xff, 0xff, 0xff, 0x80, 0x7f, 0xff, 0xff, 0xff,
    0xe0, 0x1f, 0xff, 0xff, 0xff, 0xf8, 0x7, 0xff,
    0xff, 0xff, 0xfe, 0x1, 0xff, 0xff, 0xff, 0xff,
    0x80, 0x7f, 0xff, 0xff, 0xff, 0xe0, 0x1f, 0xff,
    0xff, 0xff, 0xf8, 0x7, 0xff, 0xff, 0xff, 0xfe,
    0x1, 0xff, 0xff, 0xff, 0xff, 0x80, 0x7f, 0xff,
    0xff, 0xff, 0xe0, 0x1f, 0xff, 0xff, 0xff, 0xf8,
    0x7, 0xff, 0xff, 0xff, 0xff, 0xff, 0xff, 0xff,
    0xff, 0xff, 0xff, 0xff, 0xff, 0xff, 0xff, 0xff,
    0xff, 0xff, 0xff, 0xff, 0xff, 0xff, 0xff, 0xff,
    0xff, 0xff, 0xff, 0xff, 0xff, 0xff, 0xff, 0xff,
    0xff, 0xff, 0xff, 0xff, 0xff, 0xff, 0xff, 0xff,
    0xff, 0xff, 0xff, 0xff, 0xff, 0xff, 0xff, 0xff,
    0xff, 0xff, 0xff, 0xff, 0xff, 0xff, 0xff, 0xff,
    0xff, 0xff, 0xff, 0xff, 0xff, 0xff, 0xff, 0xff,
    0xff, 0xff, 0xff, 0xff, 0xff, 0xff, 0xff, 0xff,
    0xff, 0xff, 0xff, 0xff, 0xff, 0xff, 0xff, 0xff,
    0xff, 0xff, 0xff, 0xff, 0xff, 0xff, 0xff, 0xff,
    0xfe, 0x1, 0xff, 0xff, 0xff, 0xff, 0x80, 0x7f,
    0xff, 0xff, 0xff, 0xe0, 0x1f, 0xff, 0xff, 0xff,
    0xf8, 0x7, 0xff, 0xff, 0xff, 0xfe, 0x1, 0xff,
    0xff, 0xff, 0xff, 0x80, 0x7f, 0xff, 0xff, 0xff,
    0xe0, 0x1f, 0xff, 0xff, 0xff, 0xf8, 0x7, 0xff,
    0xff, 0xff, 0xfe, 0x1, 0xff, 0xff, 0xff, 0xff,
    0x80, 0x7f, 0xff, 0xff, 0xff, 0xe0, 0x1f, 0xff,
    0xff, 0xff, 0xf8, 0x7, 0xff, 0xff, 0xff, 0xfe,
    0x1, 0xff, 0xff, 0xff, 0xff, 0x80, 0x7f, 0xff,
    0xff, 0xff, 0xe0, 0x1f, 0xff, 0xff, 0xff, 0xf8,
    0x7, 0xff, 0xff, 0xff, 0xfe, 0x1, 0xff, 0xff,
    0xff, 0xff, 0x80, 0x7f, 0xff, 0xff, 0xff, 0xe0,
    0x1f, 0xff, 0xff, 0xff, 0xf8, 0x7, 0xff, 0xff,
    0xff, 0xfe, 0x1, 0xff, 0xff, 0xff, 0xff, 0x80,
    0x7f, 0xff, 0xff, 0xff, 0xe0, 0x1f, 0xff, 0xff,
    0xff, 0xf8, 0x7, 0xff, 0xff, 0xff, 0xfe, 0x1,
    0xff, 0xff, 0xff, 0xff, 0x80, 0x7f, 0xff, 0xff,
    0xff, 0xe0, 0x1f, 0xff, 0xff, 0xff, 0xf8, 0x7,
    0xff, 0xff, 0xff, 0xfe, 0x1, 0xff, 0xff, 0xff,
    0xff, 0x80, 0x7f, 0xff, 0xff, 0xff, 0xe0, 0x1f,
    0xff, 0xff, 0xff, 0xf8, 0x7, 0xff, 0xff, 0xff,
    0xfe, 0x1, 0xff, 0xff, 0xff, 0xff, 0x80, 0x7f,
    0xff, 0xff, 0xff, 0xe0, 0x1f, 0xff, 0xff, 0xff,
    0xf8, 0x7, 0xff, 0xff, 0xff, 0xfe, 0x1, 0xff,
    0xff, 0xff, 0xff, 0x80, 0x7f, 0xff, 0xff, 0xff,
    0xe0, 0x1f, 0xff, 0xf0,

    /* U+0049 "I" */
    0xff, 0xff, 0xff, 0xff, 0xff, 0xff, 0xff, 0xff,
    0xff, 0xff, 0xff, 0xff, 0xff, 0xff, 0xff, 0xff,
    0xff, 0xff, 0xff, 0xff, 0xff, 0xff, 0xff, 0xff,
    0xff, 0xff, 0xff, 0xff, 0xff, 0xff, 0xff, 0xff,
    0xff, 0xff, 0xff, 0xff, 0xff, 0xff, 0xff, 0xff,
    0xff, 0xff, 0xff, 0xff, 0xff, 0xff, 0xff, 0xff,
    0xff, 0xff, 0xff, 0xff, 0xff, 0xff, 0xff, 0xff,
    0xff, 0xff, 0xff, 0xff, 0xff, 0xff, 0xff, 0xff,
    0xff, 0xff, 0xff, 0xff, 0xff, 0xff, 0xff, 0xff,
    0xff, 0xff, 0xff, 0xff, 0xff, 0xff, 0xff, 0xff,
    0xff, 0xff, 0xff, 0xff, 0xff, 0xff, 0xff, 0xff,
    0xff, 0xff, 0xff, 0xff, 0xff, 0xff, 0xff, 0xff,
    0xff, 0xff, 0xff, 0xff, 0xff, 0xff, 0xff, 0xff,
    0xff, 0xff, 0xff, 0xff, 0xff, 0xff, 0xff, 0xff,
    0xff, 0xff, 0xff, 0xff, 0xff, 0xff, 0xff, 0xff,
    0xff, 0xff, 0xff, 0xff, 0xff, 0xff, 0xff, 0xff,
    0xff, 0xff, 0xff, 0xff, 0xff, 0xff, 0xff, 0xff,
    0xff, 0xff, 0xff, 0xff, 0xff, 0xff, 0xff, 0xff,
    0xff, 0xff, 0xff, 0xff, 0xff, 0xff, 0xff, 0xff,
    0xff, 0xff, 0xff, 0xff, 0xff, 0xff, 0xff, 0xff,
    0xff, 0xff, 0xff, 0xff, 0xff, 0xff, 0xff, 0xff,
    0xff, 0xff, 0xff, 0xff, 0xff, 0xff, 0xff, 0xff,
    0xff, 0xff, 0xff, 0xff, 0xff, 0xff, 0xfc,

    /* U+004A "J" */
    0x0, 0x0, 0x0, 0xff, 0xff, 0xc0, 0x0, 0x0,
    0x3f, 0xff, 0xf0, 0x0, 0x0, 0xf, 0xff, 0xfc,
    0x0, 0x0, 0x3, 0xff, 0xff, 0x0, 0x0, 0x0,
    0xff, 0xff, 0xc0, 0x0, 0x0, 0x3f, 0xff, 0xf0,
    0x0, 0x0, 0xf, 0xff, 0xfc, 0x0, 0x0, 0x3,
    0xff, 0xff, 0x0, 0x0, 0x0, 0xff, 0xff, 0xc0,
    0x0, 0x0, 0x3f, 0xff, 0xf0, 0x0, 0x0, 0xf,
    0xff, 0xfc, 0x0, 0x0, 0x3, 0xff, 0xff, 0x0,
    0x0, 0x0, 0xff, 0xff, 0xc0, 0x0, 0x0, 0x3f,
    0xff, 0xf0, 0x0, 0x0, 0xf, 0xff, 0xfc, 0x0,
    0x0, 0x3, 0xff, 0xff, 0x0, 0x0, 0x0, 0xff,
    0xff, 0xc0, 0x0, 0x0, 0x3f, 0xff, 0xf0, 0x0,
    0x0, 0xf, 0xff, 0xfc, 0x0, 0x0, 0x3, 0xff,
    0xff, 0x0, 0x0, 0x0, 0xff, 0xff, 0xc0, 0x0,
    0x0, 0x3f, 0xff, 0xf0, 0x0, 0x0, 0xf, 0xff,
    0xfc, 0x0, 0x0, 0x3, 0xff, 0xff, 0x0, 0x0,
    0x0, 0xff, 0xff, 0xc0, 0x0, 0x0, 0x3f, 0xff,
    0xf0, 0x0, 0x0, 0xf, 0xff, 0xfc, 0x0, 0x0,
    0x3, 0xff, 0xff, 0x0, 0x0, 0x0, 0xff, 0xff,
    0xc0, 0x0, 0x0, 0x3f, 0xff, 0xf0, 0x0, 0x0,
    0xf, 0xff, 0xfc, 0x0, 0x0, 0x3, 0xff, 0xff,
    0x0, 0x0, 0x0, 0xff, 0xff, 0xc0, 0x0, 0x0,
    0x3f, 0xff, 0xf0, 0x0, 0x0, 0xf, 0xff, 0xfc,
    0x0, 0x0, 0x3, 0xff, 0xff, 0x0, 0x0, 0x0,
    0xff, 0xff, 0xc0, 0x0, 0x0, 0x3f, 0xff, 0xf0,
    0x0, 0x0, 0xf, 0xff, 0xfc, 0x0, 0x0, 0x3,
    0xff, 0xff, 0x0, 0x0, 0x0, 0xff, 0xff, 0xc0,
    0x0, 0x0, 0x3f, 0xff, 0xf0, 0x0, 0x0, 0xf,
    0xff, 0xfc, 0x0, 0x0, 0x3, 0xff, 0xff, 0x0,
    0x0, 0x0, 0xff, 0xff, 0xff, 0xff, 0xe0, 0x3f,
    0xff, 0xff, 0xff, 0xf8, 0xf, 0xff, 0xff, 0xff,
    0xfe, 0x3, 0xff, 0xff, 0xff, 0xff, 0x80, 0xff,
    0xff, 0xff, 0xff, 0xe0, 0x3f, 0xff, 0xff, 0xff,
    0xf8, 0xf, 0xff, 0xff, 0xff, 0xfe, 0x3, 0xff,
    0xff, 0xff, 0xff, 0x80, 0xff, 0xff, 0xff, 0xff,
    0xe0, 0x3f, 0xff, 0xff, 0xff, 0xf8, 0xf, 0xff,
    0xff, 0xff, 0xfe, 0x3, 0xff, 0xff, 0xff, 0xff,
    0x80, 0xff, 0xff, 0xff, 0xff, 0xe0, 0x3f, 0xff,
    0xff, 0xff, 0xf8, 0xf, 0xff, 0xff, 0xff, 0xfe,
    0x3, 0xff, 0xff, 0xff, 0xff, 0x80, 0xff, 0xff,
    0xff, 0xff, 0xe0, 0x3f, 0xff, 0xff, 0xff, 0xf8,
    0xf, 0xff, 0xff, 0xff, 0xfe, 0x3, 0xff, 0xff,
    0xff, 0xff, 0x80, 0xff, 0xff, 0xff, 0xff, 0xe0,
    0x3f, 0xff, 0xff, 0xff, 0xf8, 0xf, 0xff, 0xff,
    0xff, 0xfe, 0x3, 0xff, 0xff, 0xff, 0xff, 0x80,
    0xff, 0xff, 0xff, 0xff, 0xf0, 0x7f, 0xff, 0xff,
    0xff, 0xfe, 0x3f, 0xff, 0xfb, 0xff, 0xff, 0xff,
    0xff, 0xfe, 0x7f, 0xff, 0xff, 0xff, 0xff, 0x9f,
    0xff, 0xff, 0xff, 0xff, 0xe7, 0xff, 0xff, 0xff,
    0xff, 0xf1, 0xff, 0xff, 0xff, 0xff, 0xfc, 0x3f,
    0xff, 0xff, 0xff, 0xfe, 0xf, 0xff, 0xff, 0xff,
    0xff, 0x81, 0xff, 0xff, 0xff, 0xff, 0xc0, 0x3f,
    0xff, 0xff, 0xff, 0xe0, 0x7, 0xff, 0xff, 0xff,
    0xf8, 0x0, 0xff, 0xff, 0xff, 0xfc, 0x0, 0x1f,
    0xff, 0xff, 0xfc, 0x0, 0x3, 0xff, 0xff, 0xfe,
    0x0, 0x0, 0x3f, 0xff, 0xff, 0x0, 0x0, 0x3,
    0xff, 0xfe, 0x0, 0x0, 0x0, 0xf, 0xfc, 0x0,
    0x0,

    /* U+004B "K" */
    0xff, 0xff, 0x80, 0x7f, 0xff, 0xcf, 0xff, 0xf8,
    0x7, 0xff, 0xfc, 0xff, 0xff, 0x80, 0xff, 0xff,
    0xcf, 0xff, 0xf8, 0xf, 0xff, 0xf8, 0xff, 0xff,
    0x80, 0xff, 0xff, 0x8f, 0xff, 0xf8, 0xf, 0xff,
    0xf8, 0xff, 0xff, 0x81, 0xff, 0xff, 0x8f, 0xff,
    0xf8, 0x1f, 0xff, 0xf0, 0xff, 0xff, 0x81, 0xff,
    0xff, 0xf, 0xff, 0xf8, 0x1f, 0xff, 0xf0, 0xff,
    0xff, 0x81, 0xff, 0xff, 0xf, 0xff, 0xf8, 0x3f,
    0xff, 0xe0, 0xff, 0xff, 0x83, 0xff, 0xfe, 0xf,
    0xff, 0xf8, 0x3f, 0xff, 0xe0, 0xff, 0xff, 0x83,
    0xff, 0xfe, 0xf, 0xff, 0xf8, 0x7f, 0xff, 0xe0,
    0xff, 0xff, 0x87, 0xff, 0xfc, 0xf, 0xff, 0xf8,
    0x7f, 0xff, 0xc0, 0xff, 0xff, 0x87, 0xff, 0xfc,
    0xf, 0xff, 0xf8, 0xff, 0xff, 0xc0, 0xff, 0xff,
    0x8f, 0xff, 0xf8, 0xf, 0xff, 0xf8, 0xff, 0xff,
    0x80, 0xff, 0xff, 0x8f, 0xff, 0xf8, 0xf, 0xff,
    0xf8, 0xff, 0xff, 0x80, 0xff, 0xff, 0x9f, 0xff,
    0xf0, 0xf, 0xff, 0xf9, 0xff, 0xff, 0x0, 0xff,
    0xff, 0x9f, 0xff, 0xf0, 0xf, 0xff, 0xf9, 0xff,
    0xff, 0x0, 0xff, 0xff, 0xbf, 0xff, 0xe0, 0xf,
    0xff, 0xfb, 0xff, 0xfe, 0x0, 0xff, 0xff, 0xbf,
    0xff, 0xe0, 0xf, 0xff, 0xfb, 0xff, 0xfe, 0x0,
    0xff, 0xff, 0xff, 0xff, 0xc0, 0xf, 0xff, 0xff,
    0xff, 0xfc, 0x0, 0xff, 0xff, 0xff, 0xff, 0xc0,
    0xf, 0xff, 0xff, 0xff, 0xfc, 0x0, 0xff, 0xff,
    0xff, 0xff, 0x80, 0xf, 0xff, 0xff, 0xff, 0xf8,
    0x0, 0xff, 0xff, 0xff, 0xff, 0x80, 0xf, 0xff,
    0xff, 0xff, 0xf8, 0x0, 0xff, 0xff, 0xff, 0xff,
    0x80, 0xf, 0xff, 0xff, 0xff, 0xf8, 0x0, 0xff,
    0xff, 0xff, 0xff, 0x80, 0xf, 0xff, 0xff, 0xff,
    0xfc, 0x0, 0xff, 0xff, 0xff, 0xff, 0xc0, 0xf,
    0xff, 0xff, 0xff, 0xfc, 0x0, 0xff, 0xff, 0xff,
    0xff, 0xc0, 0xf, 0xff, 0xfb, 0xff, 0xfe, 0x0,
    0xff, 0xff, 0xbf, 0xff, 0xe0, 0xf, 0xff, 0xfb,
    0xff, 0xfe, 0x0, 0xff, 0xff, 0xbf, 0xff, 0xe0,
    0xf, 0xff, 0xf9, 0xff, 0xff, 0x0, 0xff, 0xff,
    0x9f, 0xff, 0xf0, 0xf, 0xff, 0xf9, 0xff, 0xff,
    0x0, 0xff, 0xff, 0x9f, 0xff, 0xf0, 0xf, 0xff,
    0xf8, 0xff, 0xff, 0x80, 0xff, 0xff, 0x8f, 0xff,
    0xf8, 0xf, 0xff, 0xf8, 0xff, 0xff, 0x80, 0xff,
    0xff, 0x8f, 0xff, 0xf8, 0xf, 0xff, 0xf8, 0xff,
    0xff, 0xc0, 0xff, 0xff, 0x87, 0xff, 0xfc, 0xf,
    0xff, 0xf8, 0x7f, 0xff, 0xc0, 0xff, 0xff, 0x87,
    0xff, 0xfc, 0xf, 0xff, 0xf8, 0x7f, 0xff, 0xe0,
    0xff, 0xff, 0x83, 0xff, 0xfe, 0xf, 0xff, 0xf8,
    0x3f, 0xff, 0xe0, 0xff, 0xff, 0x83, 0xff, 0xfe,
    0xf, 0xff, 0xf8, 0x3f, 0xff, 0xf0, 0xff, 0xff,
    0x81, 0xff, 0xff, 0xf, 0xff, 0xf8, 0x1f, 0xff,
    0xf0, 0xff, 0xff, 0x81, 0xff, 0xff, 0xf, 0xff,
    0xf8, 0x1f, 0xff, 0xf8, 0xff, 0xff, 0x81, 0xff,
    0xff, 0x8f, 0xff, 0xf8, 0xf, 0xff, 0xf8, 0xff,
    0xff, 0x80, 0xff, 0xff, 0x8f, 0xff, 0xf8, 0xf,
    0xff, 0xfc, 0xff, 0xff, 0x80, 0xff, 0xff, 0xcf,
    0xff, 0xf8, 0x7, 0xff, 0xfc, 0xff, 0xff, 0x80,
    0x7f, 0xff, 0xcf, 0xff, 0xf8, 0x7, 0xff, 0xfe,
    0xff, 0xff, 0x80, 0x7f, 0xff, 0xef, 0xff, 0xf8,
    0x7, 0xff, 0xfe, 0xff, 0xff, 0x80, 0x3f, 0xff,
    0xef, 0xff, 0xf8, 0x3, 0xff, 0xff, 0xff, 0xff,
    0x80, 0x3f, 0xff, 0xff, 0xff, 0xf8, 0x3, 0xff,
    0xff,

    /* U+004C "L" */
    0xff, 0xff, 0x80, 0x0, 0x1f, 0xff, 0xf0, 0x0,
    0x3, 0xff, 0xfe, 0x0, 0x0, 0x7f, 0xff, 0xc0,
    0x0, 0xf, 0xff, 0xf8, 0x0, 0x1, 0xff, 0xff,
    0x0, 0x0, 0x3f, 0xff, 0xe0, 0x0, 0x7, 0xff,
    0xfc, 0x0, 0x0, 0xff, 0xff, 0x80, 0x0, 0x1f,
    0xff, 0xf0, 0x0, 0x3, 0xff, 0xfe, 0x0, 0x0,
    0x7f, 0xff, 0xc0, 0x0, 0xf, 0xff, 0xf8, 0x0,
    0x1, 0xff, 0xff, 0x0, 0x0, 0x3f, 0xff, 0xe0,
    0x0, 0x7, 0xff, 0xfc, 0x0, 0x0, 0xff, 0xff,
    0x80, 0x0, 0x1f, 0xff, 0xf0, 0x0, 0x3, 0xff,
    0xfe, 0x0, 0x0, 0x7f, 0xff, 0xc0, 0x0, 0xf,
    0xff, 0xf8, 0x0, 0x1, 0xff, 0xff, 0x0, 0x0,
    0x3f, 0xff, 0xe0, 0x0, 0x7, 0xff, 0xfc, 0x0,
    0x0, 0xff, 0xff, 0x80, 0x0, 0x1f, 0xff, 0xf0,
    0x0, 0x3, 0xff, 0xfe, 0x0, 0x0, 0x7f, 0xff,
    0xc0, 0x0, 0xf, 0xff, 0xf8, 0x0, 0x1, 0xff,
    0xff, 0x0, 0x0, 0x3f, 0xff, 0xe0, 0x0, 0x7,
    0xff, 0xfc, 0x0, 0x0, 0xff, 0xff, 0x80, 0x0,
    0x1f, 0xff, 0xf0, 0x0, 0x3, 0xff, 0xfe, 0x0,
    0x0, 0x7f, 0xff, 0xc0, 0x0, 0xf, 0xff, 0xf8,
    0x0, 0x1, 0xff, 0xff, 0x0, 0x0, 0x3f, 0xff,
    0xe0, 0x0, 0x7, 0xff, 0xfc, 0x0, 0x0, 0xff,
    0xff, 0x80, 0x0, 0x1f, 0xff, 0xf0, 0x0, 0x3,
    0xff, 0xfe, 0x0, 0x0, 0x7f, 0xff, 0xc0, 0x0,
    0xf, 0xff, 0xf8, 0x0, 0x1, 0xff, 0xff, 0x0,
    0x0, 0x3f, 0xff, 0xe0, 0x0, 0x7, 0xff, 0xfc,
    0x0, 0x0, 0xff, 0xff, 0x80, 0x0, 0x1f, 0xff,
    0xf0, 0x0, 0x3, 0xff, 0xfe, 0x0, 0x0, 0x7f,
    0xff, 0xc0, 0x0, 0xf, 0xff, 0xf8, 0x0, 0x1,
    0xff, 0xff, 0x0, 0x0, 0x3f, 0xff, 0xe0, 0x0,
    0x7, 0xff, 0xfc, 0x0, 0x0, 0xff, 0xff, 0x80,
    0x0, 0x1f, 0xff, 0xf0, 0x0, 0x3, 0xff, 0xfe,
    0x0, 0x0, 0x7f, 0xff, 0xc0, 0x0, 0xf, 0xff,
    0xf8, 0x0, 0x1, 0xff, 0xff, 0x0, 0x0, 0x3f,
    0xff, 0xe0, 0x0, 0x7, 0xff, 0xfc, 0x0, 0x0,
    0xff, 0xff, 0x80, 0x0, 0x1f, 0xff, 0xf0, 0x0,
    0x3, 0xff, 0xfe, 0x0, 0x0, 0x7f, 0xff, 0xc0,
    0x0, 0xf, 0xff, 0xf8, 0x0, 0x1, 0xff, 0xff,
    0x0, 0x0, 0x3f, 0xff, 0xe0, 0x0, 0x7, 0xff,
    0xfc, 0x0, 0x0, 0xff, 0xff, 0xff, 0xff, 0xff,
    0xff, 0xff, 0xff, 0xff, 0xff, 0xff, 0xff, 0xff,
    0xff, 0xff, 0xff, 0xff, 0xff, 0xff, 0xff, 0xff,
    0xff, 0xff, 0xff, 0xff, 0xff, 0xff, 0xff, 0xff,
    0xff, 0xff, 0xff, 0xff, 0xff, 0xff, 0xff, 0xff,
    0xff, 0xff, 0xff, 0xff, 0xff, 0xff, 0xff, 0xff,
    0xff, 0xff, 0xff, 0xff, 0xff, 0xff, 0xff, 0xff,
    0xff, 0xff, 0xff, 0xff, 0xff, 0xff, 0xff, 0xff,
    0xc0,

    /* U+004D "M" */
    0xff, 0xff, 0xff, 0xc0, 0x0, 0xff, 0xff, 0xff,
    0xff, 0xff, 0xff, 0xfc, 0x0, 0x1f, 0xff, 0xff,
    0xff, 0xff, 0xff, 0xff, 0x80, 0x3, 0xff, 0xff,
    0xff, 0xff, 0xff, 0xff, 0xf0, 0x0, 0x7f, 0xff,
    0xff, 0xff, 0xff, 0xff, 0xfe, 0x0, 0xf, 0xff,
    0xff, 0xff, 0xff, 0xff, 0xff, 0xc0, 0x1, 0xff,
    0xff, 0xff, 0xff, 0xff, 0xff, 0xf8, 0x0, 0x3f,
    0xff, 0xff, 0xff, 0xff, 0xff, 0xff, 0x0, 0x7,
    0xff, 0xff, 0xff, 0xff, 0xff, 0xff, 0xf0, 0x1,
    0xff, 0xff, 0xff, 0xff, 0xff, 0xff, 0xfe, 0x0,
    0x3f, 0xff, 0xff, 0xff, 0xff, 0xff, 0xff, 0xc0,
    0x7, 0xff, 0xff, 0xff, 0xff, 0xff, 0xff, 0xf8,
    0x0, 0xff, 0xff, 0xff, 0xff, 0xff, 0xff, 0xff,
    0x0, 0x1f, 0xff, 0xff, 0xff, 0xff, 0xff, 0xff,
    0xe0, 0x3, 0xff, 0xff, 0xff, 0xff, 0xff, 0xff,
    0xfc, 0x0, 0x7f, 0xff, 0xff, 0xff, 0xff, 0xff,
    0xff, 0xc0, 0x1f, 0xff, 0xff, 0xff, 0xff, 0xff,
    0xff, 0xf8, 0x3, 0xff, 0xff, 0xff, 0xff, 0xff,
    0xff, 0xff, 0x0, 0x7f, 0xff, 0xff, 0xff, 0xff,
    0xff, 0xff, 0xe0, 0xf, 0xff, 0xff, 0xff, 0xff,
    0xff, 0xff, 0xfc, 0x1, 0xff, 0xff, 0xff, 0xff,
    0xff, 0xff, 0xff, 0x80, 0x3f, 0xff, 0xff, 0xff,
    0xff, 0xff, 0xff, 0xf0, 0x7, 0xff, 0xff, 0xff,
    0xff, 0xff, 0xff, 0xfe, 0x1, 0xff, 0xff, 0xff,
    0xff, 0xff, 0xff, 0xff, 0xe0, 0x3f, 0xff, 0xff,
    0xff, 0xff, 0xff, 0xff, 0xfc, 0x7, 0xff, 0xff,
    0xff, 0xff, 0xff, 0xff, 0xff, 0x80, 0xff, 0xff,
    0xff, 0xff, 0xff, 0xff, 0xff, 0xf0, 0x1f, 0xff,
    0xff, 0xff, 0xff, 0xff, 0xbf, 0xfe, 0x3, 0xff,
    0xef, 0xff, 0xff, 0xff, 0xf7, 0xff, 0xc0, 0x7f,
    0xfd, 0xff, 0xff, 0xff, 0xfe, 0xff, 0xf8, 0xf,
    0xff, 0xbf, 0xff, 0xff, 0xff, 0xdf, 0xff, 0x83,
    0xff, 0xf7, 0xff, 0xff, 0xff, 0xfb, 0xff, 0xf0,
    0x7f, 0xfe, 0xff, 0xff, 0xff, 0xff, 0x7f, 0xfe,
    0xf, 0xff, 0xdf, 0xff, 0xff, 0xff, 0xe7, 0xff,
    0xc1, 0xff, 0xfb, 0xff, 0xff, 0xff, 0xfc, 0xff,
    0xf8, 0x3f, 0xfe, 0x7f, 0xff, 0xff, 0xff, 0x9f,
    0xff, 0x7, 0xff, 0xcf, 0xff, 0xff, 0xff, 0xf3,
    0xff, 0xe0, 0xff, 0xf9, 0xff, 0xff, 0xff, 0xfe,
    0x7f, 0xfc, 0x3f, 0xff, 0x3f, 0xff, 0xff, 0xff,
    0xcf, 0xff, 0xc7, 0xff, 0xe7, 0xff, 0xff, 0xff,
    0xf8, 0xff, 0xf8, 0xff, 0xfc, 0xff, 0xff, 0xff,
    0xff, 0x1f, 0xff, 0x1f, 0xff, 0x1f, 0xff, 0xff,
    0xff, 0xe3, 0xff, 0xe3, 0xff, 0xe3, 0xff, 0xff,
    0xff, 0xfc, 0x7f, 0xfc, 0x7f, 0xfc, 0x7f, 0xff,
    0xff, 0xff, 0x8f, 0xff, 0x8f, 0xff, 0x8f, 0xff,
    0xff, 0xff, 0xf1, 0xff, 0xf1, 0xff, 0xf1, 0xff,
    0xff, 0xff, 0xfe, 0x1f, 0xff, 0x7f, 0xfe, 0x3f,
    0xff, 0xff, 0xff, 0xc3, 0xff, 0xef, 0xff, 0xc7,
    0xff, 0xff, 0xff, 0xf8, 0x7f, 0xfd, 0xff, 0xf0,
    0xff, 0xff, 0xff, 0xff, 0xf, 0xff, 0xbf, 0xfe,
    0x1f, 0xff, 0xff, 0xff, 0xe1, 0xff, 0xf7, 0xff,
    0xc3, 0xff, 0xff, 0xff, 0xfc, 0x3f, 0xfe, 0xff,
    0xf8, 0x7f, 0xff, 0xff, 0xff, 0x83, 0xff, 0xdf,
    0xff, 0xf, 0xff, 0xff, 0xff, 0xf0, 0x7f, 0xff,
    0xff, 0xe1, 0xff, 0xff, 0xff, 0xfe, 0xf, 0xff,
    0xff, 0xf8, 0x3f, 0xff, 0xff, 0xff, 0xc1, 0xff,
    0xff, 0xff, 0x7, 0xff, 0xff, 0xff, 0xf8, 0x3f,
    0xff, 0xff, 0xe0, 0xff, 0xff, 0xff, 0xff, 0x7,
    0xff, 0xff, 0xfc, 0x1f, 0xff, 0xff, 0xff, 0xe0,
    0x7f, 0xff, 0xff, 0x83, 0xff, 0xff, 0xff, 0xfc,
    0xf, 0xff, 0xff, 0xf0, 0x7f, 0xff, 0xff, 0xff,
    0x81, 0xff, 0xff, 0xfc, 0xf, 0xff, 0xff, 0xff,
    0xf0, 0x3f, 0xff, 0xff, 0x81, 0xff, 0xff, 0xff,
    0xfe, 0x7, 0xff, 0xff, 0xf0, 0x3f, 0xff, 0xff,
    0xff, 0xc0, 0xff, 0xff, 0xfe, 0x7, 0xff, 0xff,
    0xff, 0xf8, 0xf, 0xff, 0xff, 0xc0, 0xff, 0xff,
    0xff, 0xff, 0x1, 0xff, 0xff, 0xf8, 0x1f, 0xff,
    0xff, 0xff, 0xe0, 0x3f, 0xff, 0xff, 0x3, 0xff,
    0xff, 0xff, 0xfc, 0x7, 0xff, 0xff, 0xc0, 0x7f,
    0xff, 0xff, 0xff, 0x80, 0xff, 0xff, 0xf8, 0xf,
    0xff, 0xff, 0xff, 0xf0, 0x1f, 0xff, 0xff, 0x1,
    0xff, 0xff, 0xff, 0xfe, 0x1, 0xff, 0xff, 0xe0,
    0x3f, 0xff, 0xff, 0xff, 0xc0, 0x3f, 0xff, 0xfc,
    0x7, 0xff, 0xff, 0xff, 0xf8, 0x7, 0xff, 0xff,
    0x80, 0xff, 0xff, 0xff, 0xff, 0x0, 0xff, 0xff,
    0xe0, 0x1f, 0xff, 0xff, 0xff, 0xe0, 0x1f, 0xff,
    0xfc, 0x3, 0xff, 0xff, 0xff, 0xfc, 0x3, 0xff,
    0xff, 0x80, 0x7f, 0xff, 0xff, 0xff, 0x80, 0x7f,
    0xff, 0xf0, 0xf, 0xff, 0xff, 0xff, 0xf0, 0x7,
    0xff, 0xfe, 0x1, 0xff, 0xff, 0xff, 0xfe, 0x0,
    0xff, 0xff, 0xc0, 0x3f, 0xff, 0xff, 0xff, 0xc0,
    0x1f, 0xff, 0xf8, 0x7, 0xff, 0xff, 0xff, 0xf8,
    0x3, 0xff, 0xfe, 0x0, 0xff, 0xff, 0xff, 0xff,
    0x0, 0x7f, 0xff, 0xc0, 0x1f, 0xff, 0xff, 0xff,
    0xe0, 0xf, 0xff, 0xf8, 0x3, 0xff, 0xff, 0xff,
    0xfc, 0x0, 0xff, 0xff, 0x0, 0x7f, 0xff, 0xff,
    0xff, 0x80, 0x1f, 0xff, 0xe0, 0xf, 0xff, 0xff,
    0xff, 0xf0, 0x3, 0xff, 0xfc, 0x1, 0xff, 0xff,
    0xff, 0xfe, 0x0, 0x7f, 0xff, 0x0, 0x3f, 0xff,
    0xc0,

    /* U+004E "N" */
    0xff, 0xff, 0xc0, 0x7f, 0xff, 0xff, 0xff, 0xf0,
    0x1f, 0xff, 0xff, 0xff, 0xfc, 0x7, 0xff, 0xff,
    0xff, 0xff, 0x1, 0xff, 0xff, 0xff, 0xff, 0xe0,
    0x7f, 0xff, 0xff, 0xff, 0xf8, 0x1f, 0xff, 0xff,
    0xff, 0xfe, 0x7, 0xff, 0xff, 0xff, 0xff, 0x81,
    0xff, 0xff, 0xff, 0xff, 0xe0, 0x7f, 0xff, 0xff,
    0xff, 0xf8, 0x1f, 0xff, 0xff, 0xff, 0xff, 0x7,
    0xff, 0xff, 0xff, 0xff, 0xc1, 0xff, 0xff, 0xff,
    0xff, 0xf0, 0x7f, 0xff, 0xff, 0xff, 0xfc, 0x1f,
    0xff, 0xff, 0xff, 0xff, 0x7, 0xff, 0xff, 0xff,
    0xff, 0xe1, 0xff, 0xff, 0xff, 0xff, 0xf8, 0x7f,
    0xff, 0xff, 0xff, 0xfe, 0x1f, 0xff, 0xff, 0xff,
    0xff, 0x87, 0xff, 0xff, 0xff, 0xff, 0xe1, 0xff,
    0xff, 0xff, 0xff, 0xf8, 0x7f, 0xff, 0xff, 0xff,
    0xff, 0x1f, 0xff, 0xff, 0xff, 0xff, 0xc7, 0xff,
    0xff, 0xff, 0xff, 0xf1, 0xff, 0xff, 0xff, 0xff,
    0xfc, 0x7f, 0xff, 0xff, 0xff, 0xff, 0x1f, 0xff,
    0xff, 0xff, 0xff, 0xc7, 0xff, 0xff, 0xff, 0xff,
    0xf9, 0xff, 0xff, 0xff, 0xff, 0xfe, 0x7f, 0xff,
    0xff, 0xff, 0xff, 0x9f, 0xff, 0xff, 0xff, 0xff,
    0xe7, 0xff, 0xff, 0xff, 0xff, 0xf9, 0xff, 0xff,
    0xff, 0xff, 0xfe, 0x7f, 0xff, 0xff, 0xff, 0xff,
    0xdf, 0xff, 0xff, 0xff, 0xff, 0xf7, 0xff, 0xff,
    0xff, 0xff, 0xfd, 0xff, 0xff, 0xff, 0xff, 0xff,
    0x7f, 0xff, 0xff, 0xff, 0xff, 0xdf, 0xff, 0xff,
    0xff, 0xff, 0xff, 0xff, 0xff, 0xff, 0xff, 0xff,
    0xff, 0xff, 0xff, 0xff, 0xff, 0xff, 0xff, 0xff,
    0xff, 0xff, 0xff, 0xff, 0xff, 0xff, 0xff, 0xff,
    0xff, 0xff, 0xff, 0xff, 0xff, 0xff, 0xff, 0xff,
    0xff, 0xff, 0xff, 0xff, 0xff, 0xff, 0xff, 0xff,
    0xff, 0xff, 0xff, 0xfb, 0xff, 0xff, 0xff, 0xff,
    0xfe, 0xff, 0xff, 0xff, 0xff, 0xff, 0xbf, 0xff,
    0xff, 0xff, 0xff, 0xef, 0xff, 0xff, 0xff, 0xff,
    0xfb, 0xff, 0xff, 0xff, 0xff, 0xfe, 0x7f, 0xff,
    0xff, 0xff, 0xff, 0x9f, 0xff, 0xff, 0xff, 0xff,
    0xe7, 0xff, 0xff, 0xff, 0xff, 0xf9, 0xff, 0xff,
    0xff, 0xff, 0xfe, 0x7f, 0xff, 0xff, 0xff, 0xff,
    0x9f, 0xff, 0xff, 0xff, 0xff, 0xe3, 0xff, 0xff,
    0xff, 0xff, 0xf8, 0xff, 0xff, 0xff, 0xff, 0xfe,
    0x3f, 0xff, 0xff, 0xff, 0xff, 0x8f, 0xff, 0xff,
    0xff, 0xff, 0xe3, 0xff, 0xff, 0xff, 0xff, 0xf8,
    0x7f, 0xff, 0xff, 0xff, 0xfe, 0x1f, 0xff, 0xff,
    0xff, 0xff, 0x87, 0xff, 0xff, 0xff, 0xff, 0xe1,
    0xff, 0xff, 0xff, 0xff, 0xf8, 0x7f, 0xff, 0xff,
    0xff, 0xfe, 0x1f, 0xff, 0xff, 0xff, 0xff, 0x83,
    0xff, 0xff, 0xff, 0xff, 0xe0, 0xff, 0xff, 0xff,
    0xff, 0xf8, 0x3f, 0xff, 0xff, 0xff, 0xfe, 0xf,
    0xff, 0xff, 0xff, 0xff, 0x83, 0xff, 0xff, 0xff,
    0xff, 0xe0, 0x7f, 0xff, 0xff, 0xff, 0xf8, 0x1f,
    0xff, 0xff, 0xff, 0xfe, 0x7, 0xff, 0xff, 0xff,
    0xff, 0x81, 0xff, 0xff, 0xff, 0xff, 0xe0, 0x7f,
    0xff, 0xff, 0xff, 0xf8, 0x1f, 0xff, 0xff, 0xff,
    0xfe, 0x3, 0xff, 0xff, 0xff, 0xff, 0x80, 0xff,
    0xff, 0xff, 0xff, 0xe0, 0x3f, 0xff, 0xff, 0xff,
    0xf8, 0xf, 0xff, 0xff, 0xff, 0xfe, 0x3, 0xff,
    0xff, 0xff, 0xff, 0x80, 0x7f, 0xff, 0xff, 0xff,
    0xe0, 0x1f, 0xff, 0xf0,

    /* U+004F "O" */
    0x0, 0x1, 0xff, 0xe0, 0x0, 0x0, 0x3, 0xff,
    0xff, 0x0, 0x0, 0x3, 0xff, 0xff, 0xf0, 0x0,
    0x3, 0xff, 0xff, 0xff, 0x0, 0x1, 0xff, 0xff,
    0xff, 0xe0, 0x0, 0xff, 0xff, 0xff, 0xfc, 0x0,
    0x7f, 0xff, 0xff, 0xff, 0x80, 0x3f, 0xff, 0xff,
    0xff, 0xf0, 0x1f, 0xff, 0xff, 0xff, 0xfe, 0x7,
    0xff, 0xff, 0xff, 0xff, 0x83, 0xff, 0xff, 0xff,
    0xff, 0xf0, 0xff, 0xff, 0xff, 0xff, 0xfc, 0x7f,
    0xff, 0xff, 0xff, 0xff, 0x9f, 0xff, 0xff, 0xff,
    0xff, 0xe7, 0xff, 0xff, 0xff, 0xff, 0xf9, 0xff,
    0xff, 0xff, 0xff, 0xfe, 0xff, 0xff, 0xe1, 0xff,
    0xff, 0xff, 0xff, 0xf0, 0x3f, 0xff, 0xff, 0xff,
    0xfc, 0xf, 0xff, 0xff, 0xff, 0xfe, 0x1, 0xff,
    0xff, 0xff, 0xff, 0x80, 0x7f, 0xff, 0xff, 0xff,
    0xe0, 0x1f, 0xff, 0xff, 0xff, 0xf8, 0x7, 0xff,
    0xff, 0xff, 0xfe, 0x1, 0xff, 0xff, 0xff, 0xff,
    0x80, 0x7f, 0xff, 0xff, 0xff, 0xe0, 0x1f, 0xff,
    0xff, 0xff, 0xf8, 0x7, 0xff, 0xff, 0xff, 0xfe,
    0x1, 0xff, 0xff, 0xff, 0xff, 0x80, 0x7f, 0xff,
    0xff, 0xff, 0xe0, 0x1f, 0xff, 0xff, 0xff, 0xf8,
    0x7, 0xff, 0xff, 0xff, 0xfe, 0x1, 0xff, 0xff,
    0xff, 0xff, 0x80, 0x7f, 0xff, 0xff, 0xff, 0xe0,
    0x1f, 0xff, 0xff, 0xff, 0xf8, 0x7, 0xff, 0xff,
    0xff, 0xfe, 0x1, 0xff, 0xff, 0xff, 0xff, 0x80,
    0x7f, 0xff, 0xff, 0xff, 0xe0, 0x1f, 0xff, 0xff,
    0xff, 0xf8, 0x7, 0xff, 0xff, 0xff, 0xfe, 0x1,
    0xff, 0xff, 0xff, 0xff, 0x80, 0x7f, 0xff, 0xff,
    0xff, 0xe0, 0x1f, 0xff, 0xff, 0xff, 0xf8, 0x7,
    0xff, 0xff, 0xff, 0xfe, 0x1, 0xff, 0xff, 0xff,
    0xff, 0x80, 0x7f, 0xff, 0xff, 0xff, 0xe0, 0x1f,
    0xff, 0xff, 0xff, 0xf8, 0x7, 0xff, 0xff, 0xff,
    0xfe, 0x1, 0xff, 0xff, 0xff, 0xff, 0x80, 0x7f,
    0xff, 0xff, 0xff, 0xe0, 0x1f, 0xff, 0xff, 0xff,
    0xf8, 0x7, 0xff, 0xff, 0xff, 0xfe, 0x1, 0xff,
    0xff, 0xff, 0xff, 0x80, 0x7f, 0xff, 0xff, 0xff,
    0xe0, 0x1f, 0xff, 0xff, 0xff, 0xf8, 0x7, 0xff,
    0xff, 0xff, 0xfe, 0x1, 0xff, 0xff, 0xff, 0xff,
    0x80, 0x7f, 0xff, 0xff, 0xff, 0xe0, 0x1f, 0xff,
    0xff, 0xff, 0xf8, 0x7, 0xff, 0xff, 0xff, 0xfe,
    0x1, 0xff, 0xff, 0xff, 0xff, 0x80, 0x7f, 0xff,
    0xff, 0xff, 0xe0, 0x1f, 0xff, 0xff, 0xff, 0xf8,
    0x7, 0xff, 0xff, 0xff, 0xfe, 0x1, 0xff, 0xff,
    0xff, 0xff, 0x80, 0x7f, 0xff, 0xff, 0xff, 0xe0,
    0x1f, 0xff, 0xff, 0xff, 0xf8, 0x7, 0xff, 0xff,
    0xff, 0xfe, 0x1, 0xff, 0xff, 0xff, 0xff, 0x80,
    0x7f, 0xff, 0xff, 0xff, 0xf0, 0x3f, 0xff, 0xf7,
    0xff, 0xfc, 0xf, 0xff, 0xf9, 0xff, 0xff, 0x87,
    0xff, 0xfe, 0x7f, 0xff, 0xff, 0xff, 0xff, 0x9f,
    0xff, 0xff, 0xff, 0xff, 0xe7, 0xff, 0xff, 0xff,
    0xff, 0xf8, 0xff, 0xff, 0xff, 0xff, 0xfc, 0x3f,
    0xff, 0xff, 0xff, 0xff, 0x7, 0xff, 0xff, 0xff,
    0xff, 0x81, 0xff, 0xff, 0xff, 0xff, 0xe0, 0x3f,
    0xff, 0xff, 0xff, 0xf0, 0xf, 0xff, 0xff, 0xff,
    0xfc, 0x1, 0xff, 0xff, 0xff, 0xfe, 0x0, 0x3f,
    0xff, 0xff, 0xff, 0x0, 0x7, 0xff, 0xff, 0xff,
    0x80, 0x0, 0xff, 0xff, 0xff, 0xc0, 0x0, 0xf,
    0xff, 0xff, 0xc0, 0x0, 0x0, 0xff, 0xff, 0xc0,
    0x0, 0x0, 0x7, 0xff, 0x0, 0x0,

    /* U+0050 "P" */
    0xff, 0xff, 0xff, 0xf0, 0x0, 0x3f, 0xff, 0xff,
    0xff, 0x80, 0xf, 0xff, 0xff, 0xff, 0xf8, 0x3,
    0xff, 0xff, 0xff, 0xff, 0x80, 0xff, 0xff, 0xff,
    0xff, 0xf0, 0x3f, 0xff, 0xff, 0xff, 0xfe, 0xf,
    0xff, 0xff, 0xff, 0xff, 0x83, 0xff, 0xff, 0xff,
    0xff, 0xf0, 0xff, 0xff, 0xff, 0xff, 0xfe, 0x3f,
    0xff, 0xff, 0xff, 0xff, 0x8f, 0xff, 0xff, 0xff,
    0xff, 0xf3, 0xff, 0xff, 0xff, 0xff, 0xfc, 0xff,
    0xff, 0xff, 0xff, 0xff, 0x3f, 0xff, 0xff, 0xff,
    0xff, 0xef, 0xff, 0xff, 0xff, 0xff, 0xfb, 0xff,
    0xfe, 0xf, 0xff, 0xfe, 0xff, 0xff, 0x81, 0xff,
    0xff, 0xbf, 0xff, 0xe0, 0x3f, 0xff, 0xef, 0xff,
    0xf8, 0xf, 0xff, 0xff, 0xff, 0xfe, 0x3, 0xff,
    0xff, 0xff, 0xff, 0x80, 0x7f, 0xff, 0xff, 0xff,
    0xe0, 0x1f, 0xff, 0xff, 0xff, 0xf8, 0x7, 0xff,
    0xff, 0xff, 0xfe, 0x1, 0xff, 0xff, 0xff, 0xff,
    0x80, 0x7f, 0xff, 0xff, 0xff, 0xe0, 0x1f, 0xff,
    0xff, 0xff, 0xf8, 0x7, 0xff, 0xff, 0xff, 0xfe,
    0x1, 0xff, 0xff, 0xff, 0xff, 0x80, 0x7f, 0xff,
    0xff, 0xff, 0xe0, 0x1f, 0xff, 0xff, 0xff, 0xf8,
    0x7, 0xff, 0xff, 0xff, 0xfe, 0x1, 0xff, 0xff,
    0xff, 0xff, 0x80, 0xff, 0xff, 0xff, 0xff, 0xe0,
    0x3f, 0xff, 0xff, 0xff, 0xf8, 0xf, 0xff, 0xfb,
    0xff, 0xfe, 0x7, 0xff, 0xfe, 0xff, 0xff, 0x87,
    0xff, 0xff, 0xbf, 0xff, 0xff, 0xff, 0xff, 0xef,
    0xff, 0xff, 0xff, 0xff, 0xfb, 0xff, 0xff, 0xff,
    0xff, 0xfe, 0xff, 0xff, 0xff, 0xff, 0xff, 0x3f,
    0xff, 0xff, 0xff, 0xff, 0xcf, 0xff, 0xff, 0xff,
    0xff, 0xf3, 0xff, 0xff, 0xff, 0xff, 0xf8, 0xff,
    0xff, 0xff, 0xff, 0xfe, 0x3f, 0xff, 0xff, 0xff,
    0xff, 0xf, 0xff, 0xff, 0xff, 0xff, 0x83, 0xff,
    0xff, 0xff, 0xff, 0xe0, 0xff, 0xff, 0xff, 0xff,
    0xe0, 0x3f, 0xff, 0xff, 0xff, 0xf0, 0xf, 0xff,
    0xff, 0xff, 0xf0, 0x3, 0xff, 0xff, 0xff, 0xe0,
    0x0, 0xff, 0xff, 0x80, 0x0, 0x0, 0x3f, 0xff,
    0xe0, 0x0, 0x0, 0xf, 0xff, 0xf8, 0x0, 0x0,
    0x3, 0xff, 0xfe, 0x0, 0x0, 0x0, 0xff, 0xff,
    0x80, 0x0, 0x0, 0x3f, 0xff, 0xe0, 0x0, 0x0,
    0xf, 0xff, 0xf8, 0x0, 0x0, 0x3, 0xff, 0xfe,
    0x0, 0x0, 0x0, 0xff, 0xff, 0x80, 0x0, 0x0,
    0x3f, 0xff, 0xe0, 0x0, 0x0, 0xf, 0xff, 0xf8,
    0x0, 0x0, 0x3, 0xff, 0xfe, 0x0, 0x0, 0x0,
    0xff, 0xff, 0x80, 0x0, 0x0, 0x3f, 0xff, 0xe0,
    0x0, 0x0, 0xf, 0xff, 0xf8, 0x0, 0x0, 0x3,
    0xff, 0xfe, 0x0, 0x0, 0x0, 0xff, 0xff, 0x80,
    0x0, 0x0, 0x3f, 0xff, 0xe0, 0x0, 0x0, 0xf,
    0xff, 0xf8, 0x0, 0x0, 0x3, 0xff, 0xfe, 0x0,
    0x0, 0x0, 0xff, 0xff, 0x80, 0x0, 0x0, 0x3f,
    0xff, 0xe0, 0x0, 0x0, 0xf, 0xff, 0xf8, 0x0,
    0x0, 0x3, 0xff, 0xfe, 0x0, 0x0, 0x0, 0xff,
    0xff, 0x80, 0x0, 0x0, 0x3f, 0xff, 0xe0, 0x0,
    0x0, 0xf, 0xff, 0xf8, 0x0, 0x0, 0x3, 0xff,
    0xfe, 0x0, 0x0, 0x0, 0xff, 0xff, 0x80, 0x0,
    0x0, 0x3f, 0xff, 0xe0, 0x0, 0x0, 0xf, 0xff,
    0xf8, 0x0, 0x0, 0x3, 0xff, 0xfe, 0x0, 0x0,
    0x0, 0xff, 0xff, 0x80, 0x0, 0x0, 0x3f, 0xff,
    0xe0, 0x0, 0x0, 0x0,

    /* U+0051 "Q" */
    0x0, 0x0, 0xff, 0xe0, 0x0, 0x0, 0x0, 0x3f,
    0xff, 0xf8, 0x0, 0x0, 0x3, 0xff, 0xff, 0xf8,
    0x0, 0x0, 0x3f, 0xff, 0xff, 0xf8, 0x0, 0x1,
    0xff, 0xff, 0xff, 0xf0, 0x0, 0xf, 0xff, 0xff,
    0xff, 0xe0, 0x0, 0x7f, 0xff, 0xff, 0xff, 0xc0,
    0x3, 0xff, 0xff, 0xff, 0xff, 0x80, 0x1f, 0xff,
    0xff, 0xff, 0xff, 0x0, 0x7f, 0xff, 0xff, 0xff,
    0xfc, 0x3, 0xff, 0xff, 0xff, 0xff, 0xf8, 0xf,
    0xff, 0xff, 0xff, 0xff, 0xe0, 0x3f, 0xff, 0xff,
    0xff, 0xff, 0x81, 0xff, 0xff, 0xff, 0xff, 0xff,
    0x7, 0xff, 0xff, 0xff, 0xff, 0xfc, 0x1f, 0xff,
    0xff, 0xff, 0xff, 0xf0, 0xff, 0xff, 0xe1, 0xff,
    0xff, 0xc3, 0xff, 0xff, 0x3, 0xff, 0xff, 0x8f,
    0xff, 0xfc, 0xf, 0xff, 0xfe, 0x3f, 0xff, 0xe0,
    0x1f, 0xff, 0xf8, 0xff, 0xff, 0x80, 0x7f, 0xff,
    0xe3, 0xff, 0xfe, 0x1, 0xff, 0xff, 0x8f, 0xff,
    0xf8, 0x7, 0xff, 0xfe, 0x3f, 0xff, 0xe0, 0x1f,
    0xff, 0xf8, 0xff, 0xff, 0x80, 0x7f, 0xff, 0xe3,
    0xff, 0xfe, 0x1, 0xff, 0xff, 0x8f, 0xff, 0xf8,
    0x7, 0xff, 0xfe, 0x3f, 0xff, 0xe0, 0x1f, 0xff,
    0xf8, 0xff, 0xff, 0x80, 0x7f, 0xff, 0xe3, 0xff,
    0xfe, 0x1, 0xff, 0xff, 0x8f, 0xff, 0xf8, 0x7,
    0xff, 0xfe, 0x3f, 0xff, 0xe0, 0x1f, 0xff, 0xf8,
    0xff, 0xff, 0x80, 0x7f, 0xff, 0xe3, 0xff, 0xfe,
    0x1, 0xff, 0xff, 0x8f, 0xff, 0xf8, 0x7, 0xff,
    0xfe, 0x3f, 0xff, 0xe0, 0x1f, 0xff, 0xf8, 0xff,
    0xff, 0x80, 0x7f, 0xff, 0xe3, 0xff, 0xfe, 0x1,
    0xff, 0xff, 0x8f, 0xff, 0xf8, 0x7, 0xff, 0xfe,
    0x3f, 0xff, 0xe0, 0x1f, 0xff, 0xf8, 0xff, 0xff,
    0x80, 0x7f, 0xff, 0xe3, 0xff, 0xfe, 0x1, 0xff,
    0xff, 0x8f, 0xff, 0xf8, 0x7, 0xff, 0xfe, 0x3f,
    0xff, 0xe0, 0x1f, 0xff, 0xf8, 0xff, 0xff, 0x80,
    0x7f, 0xff, 0xe3, 0xff, 0xfe, 0x1, 0xff, 0xff,
    0x8f, 0xff, 0xf8, 0x7, 0xff, 0xfe, 0x3f, 0xff,
    0xe0, 0x1f, 0xff, 0xf8, 0xff, 0xff, 0x80, 0x7f,
    0xff, 0xe3, 0xff, 0xfe, 0x1, 0xff, 0xff, 0x8f,
    0xff, 0xf8, 0x7, 0xff, 0xfe, 0x3f, 0xff, 0xe0,
    0x1f, 0xff, 0xf8, 0xff, 0xff, 0x80, 0x7f, 0xff,
    0xe3, 0xff, 0xfe, 0x1, 0xff, 0xff, 0x8f, 0xff,
    0xf8, 0x7, 0xff, 0xfe, 0x3f, 0xff, 0xe0, 0x1f,
    0xff, 0xf8, 0xff, 0xff, 0x80, 0x7f, 0xff, 0xe3,
    0xff, 0xfe, 0x1, 0xff, 0xff, 0x8f, 0xff, 0xf8,
    0x7, 0xff, 0xfe, 0x3f, 0xff, 0xe0, 0x1f, 0xff,
    0xf8, 0xff, 0xff, 0x80, 0x7f, 0xff, 0xe3, 0xff,
    0xfe, 0x1, 0xff, 0xff, 0x8f, 0xff, 0xf8, 0x7,
    0xff, 0xfe, 0x3f, 0xff, 0xe0, 0x1f, 0xff, 0xf8,
    0xff, 0xff, 0x80, 0x7f, 0xff, 0xe3, 0xff, 0xfe,
    0x1, 0xff, 0xff, 0x8f, 0xff, 0xf8, 0x7, 0xff,
    0xfe, 0x3f, 0xff, 0xe0, 0x1f, 0xff, 0xf8, 0xff,
    0xff, 0x80, 0x7f, 0xff, 0xe3, 0xff, 0xff, 0x3,
    0xff, 0xff, 0x8f, 0xff, 0xfc, 0xf, 0xff, 0xfe,
    0x1f, 0xff, 0xf8, 0x7f, 0xff, 0xf0, 0x7f, 0xff,
    0xff, 0xff, 0xff, 0xc1, 0xff, 0xff, 0xff, 0xff,
    0xff, 0x7, 0xff, 0xff, 0xff, 0xff, 0xfc, 0xf,
    0xff, 0xff, 0xff, 0xff, 0xe0, 0x3f, 0xff, 0xff,
    0xff, 0xff, 0x80, 0xff, 0xff, 0xff, 0xff, 0xfc,
    0x1, 0xff, 0xff, 0xff, 0xff, 0xf0, 0x7, 0xff,
    0xff, 0xff, 0xff, 0x80, 0xf, 0xff, 0xff, 0xff,
    0xfe, 0x0, 0x1f, 0xff, 0xff, 0xff, 0xf0, 0x0,
    0x3f, 0xff, 0xff, 0xff, 0xf0, 0x0, 0x7f, 0xff,
    0xff, 0xff, 0xf0, 0x0, 0xff, 0xff, 0xff, 0xff,
    0xe0, 0x0, 0xff, 0xff, 0xff, 0xff, 0xe0, 0x0,
    0xff, 0xff, 0xff, 0xff, 0x80, 0x0, 0x7f, 0xef,
    0xff, 0xfe, 0x0, 0x0, 0x0, 0xf, 0xff, 0xf0,
    0x0, 0x0, 0x0, 0x1f, 0xff, 0xc0, 0x0, 0x0,
    0x0, 0x1f, 0xfe, 0x0, 0x0, 0x0, 0x0, 0x3f,
    0xf8, 0x0, 0x0, 0x0, 0x0, 0x3f, 0xc0, 0x0,
    0x0, 0x0, 0x0, 0x7e, 0x0, 0x0, 0x0, 0x0,
    0x0, 0x78, 0x0, 0x0, 0x0, 0x0, 0x0, 0xc0,

    /* U+0052 "R" */
    0xff, 0xff, 0xff, 0xfe, 0x0, 0x3f, 0xff, 0xff,
    0xff, 0xf0, 0xf, 0xff, 0xff, 0xff, 0xff, 0x3,
    0xff, 0xff, 0xff, 0xff, 0xe0, 0xff, 0xff, 0xff,
    0xff, 0xfc, 0x3f, 0xff, 0xff, 0xff, 0xff, 0xf,
    0xff, 0xff, 0xff, 0xff, 0xe3, 0xff, 0xff, 0xff,
    0xff, 0xfc, 0xff, 0xff, 0xff, 0xff, 0xff, 0x3f,
    0xff, 0xff, 0xff, 0xff, 0xcf, 0xff, 0xff, 0xff,
    0xff, 0xfb, 0xff, 0xff, 0xff, 0xff, 0xfe, 0xff,
    0xff, 0xff, 0xff, 0xff, 0xbf, 0xff, 0xff, 0xff,
    0xff, 0xef, 0xff, 0xff, 0xff, 0xff, 0xfb, 0xff,
    0xff, 0xff, 0xff, 0xfe, 0xff, 0xff, 0xc1, 0xff,
    0xff, 0xff, 0xff, 0xf0, 0x3f, 0xff, 0xff, 0xff,
    0xfc, 0x7, 0xff, 0xff, 0xff, 0xff, 0x1, 0xff,
    0xff, 0xff, 0xff, 0xc0, 0x7f, 0xff, 0xff, 0xff,
    0xf0, 0x1f, 0xff, 0xff, 0xff, 0xfc, 0x7, 0xff,
    0xff, 0xff, 0xff, 0x1, 0xff, 0xff, 0xff, 0xff,
    0xc0, 0x7f, 0xff, 0xff, 0xff, 0xf0, 0x1f, 0xff,
    0xff, 0xff, 0xfc, 0x7, 0xff, 0xff, 0xff, 0xff,
    0x1, 0xff, 0xff, 0xff, 0xff, 0xc0, 0x7f, 0xff,
    0xff, 0xff, 0xf0, 0x3f, 0xff, 0xff, 0xff, 0xfc,
    0xf, 0xff, 0xff, 0xff, 0xff, 0x7, 0xff, 0xfe,
    0xff, 0xff, 0xff, 0xff, 0xff, 0xbf, 0xff, 0xff,
    0xff, 0xff, 0xef, 0xff, 0xff, 0xff, 0xff, 0xfb,
    0xff, 0xff, 0xff, 0xff, 0xfc, 0xff, 0xff, 0xff,
    0xff, 0xff, 0x3f, 0xff, 0xff, 0xff, 0xff, 0x8f,
    0xff, 0xff, 0xff, 0xff, 0xc3, 0xff, 0xff, 0xff,
    0xff, 0xe0, 0xff, 0xff, 0xff, 0xff, 0xe0, 0x3f,
    0xff, 0xff, 0xff, 0xf0, 0xf, 0xff, 0xff, 0xff,
    0xff, 0x83, 0xff, 0xff, 0xff, 0xff, 0xf0, 0xff,
    0xff, 0xff, 0xff, 0xfe, 0x3f, 0xff, 0xff, 0xff,
    0xff, 0x8f, 0xff, 0xff, 0xff, 0xff, 0xf3, 0xff,
    0xff, 0xf, 0xff, 0xfc, 0xff, 0xff, 0xc1, 0xff,
    0xff, 0x3f, 0xff, 0xf0, 0x3f, 0xff, 0xef, 0xff,
    0xfc, 0xf, 0xff, 0xfb, 0xff, 0xff, 0x3, 0xff,
    0xfe, 0xff, 0xff, 0xc0, 0xff, 0xff, 0xbf, 0xff,
    0xf0, 0x3f, 0xff, 0xef, 0xff, 0xfc, 0xf, 0xff,
    0xfb, 0xff, 0xff, 0x3, 0xff, 0xfe, 0xff, 0xff,
    0xc0, 0xff, 0xff, 0xbf, 0xff, 0xf0, 0x3f, 0xff,
    0xef, 0xff, 0xfc, 0xf, 0xff, 0xfb, 0xff, 0xff,
    0x3, 0xff, 0xfe, 0xff, 0xff, 0xc0, 0xff, 0xff,
    0xbf, 0xff, 0xf0, 0x3f, 0xff, 0xef, 0xff, 0xfc,
    0xf, 0xff, 0xfb, 0xff, 0xff, 0x3, 0xff, 0xfe,
    0xff, 0xff, 0xc0, 0xff, 0xff, 0xbf, 0xff, 0xf0,
    0x3f, 0xff, 0xef, 0xff, 0xfc, 0xf, 0xff, 0xfb,
    0xff, 0xff, 0x3, 0xff, 0xfe, 0xff, 0xff, 0xc0,
    0xff, 0xff, 0xbf, 0xff, 0xf0, 0x3f, 0xff, 0xef,
    0xff, 0xfc, 0xf, 0xff, 0xfb, 0xff, 0xff, 0x3,
    0xff, 0xfe, 0xff, 0xff, 0xc0, 0xff, 0xff, 0xbf,
    0xff, 0xf0, 0x3f, 0xff, 0xef, 0xff, 0xfc, 0xf,
    0xff, 0xfb, 0xff, 0xff, 0x3, 0xff, 0xfe, 0xff,
    0xff, 0xc0, 0xff, 0xff, 0xbf, 0xff, 0xf0, 0x3f,
    0xff, 0xef, 0xff, 0xfc, 0xf, 0xff, 0xfb, 0xff,
    0xff, 0x3, 0xff, 0xfe, 0xff, 0xff, 0xc0, 0xff,
    0xff, 0xbf, 0xff, 0xf0, 0x3f, 0xff, 0xef, 0xff,
    0xfc, 0xf, 0xff, 0xfb, 0xff, 0xff, 0x3, 0xff,
    0xfe, 0xff, 0xff, 0xc0, 0xff, 0xff, 0xbf, 0xff,
    0xf0, 0x3f, 0xff, 0xe0,

    /* U+0053 "S" */
    0x0, 0x1, 0xff, 0xc0, 0x0, 0x0, 0x7, 0xff,
    0xff, 0x0, 0x0, 0x7, 0xff, 0xff, 0xf0, 0x0,
    0x3, 0xff, 0xff, 0xff, 0x0, 0x3, 0xff, 0xff,
    0xff, 0xe0, 0x1, 0xff, 0xff, 0xff, 0xfc, 0x0,
    0x7f, 0xff, 0xff, 0xff, 0x80, 0x3f, 0xff, 0xff,
    0xff, 0xf0, 0x1f, 0xff, 0xff, 0xff, 0xfc, 0x7,
    0xff, 0xff, 0xff, 0xff, 0x83, 0xff, 0xff, 0xff,
    0xff, 0xe0, 0xff, 0xff, 0xff, 0xff, 0xfc, 0x7f,
    0xff, 0xff, 0xff, 0xff, 0x1f, 0xff, 0xff, 0xff,
    0xff, 0xc7, 0xff, 0xff, 0xff, 0xff, 0xf9, 0xff,
    0xff, 0xff, 0xff, 0xfe, 0xff, 0xff, 0xc3, 0xff,
    0xff, 0xbf, 0xff, 0xe0, 0x7f, 0xff, 0xef, 0xff,
    0xf0, 0xf, 0xff, 0xff, 0xff, 0xfc, 0x3, 0xff,
    0xff, 0xff, 0xff, 0x0, 0xff, 0xff, 0xff, 0xff,
    0xc0, 0x3f, 0xff, 0xff, 0xff, 0xf0, 0xf, 0xff,
    0xff, 0xff, 0xfe, 0x3, 0xff, 0xff, 0xff, 0xff,
    0x80, 0xff, 0xff, 0xff, 0xff, 0xf0, 0x3f, 0xff,
    0xff, 0xff, 0xfe, 0x0, 0x0, 0x3, 0xff, 0xff,
    0x80, 0x0, 0x0, 0x7f, 0xff, 0xf0, 0x0, 0x0,
    0x1f, 0xff, 0xff, 0x0, 0x0, 0x7, 0xff, 0xff,
    0xe0, 0x0, 0x0, 0xff, 0xff, 0xfc, 0x0, 0x0,
    0x3f, 0xff, 0xff, 0x80, 0x0, 0x7, 0xff, 0xff,
    0xf0, 0x0, 0x1, 0xff, 0xff, 0xfe, 0x0, 0x0,
    0x3f, 0xff, 0xff, 0xc0, 0x0, 0xf, 0xff, 0xff,
    0xf8, 0x0, 0x1, 0xff, 0xff, 0xff, 0x0, 0x0,
    0x3f, 0xff, 0xff, 0xe0, 0x0, 0x7, 0xff, 0xff,
    0xfc, 0x0, 0x0, 0xff, 0xff, 0xff, 0x80, 0x0,
    0x1f, 0xff, 0xff, 0xf0, 0x0, 0x3, 0xff, 0xff,
    0xfe, 0x0, 0x0, 0x7f, 0xff, 0xff, 0xc0, 0x0,
    0xf, 0xff, 0xff, 0xf0, 0x0, 0x1, 0xff, 0xff,
    0xfe, 0x0, 0x0, 0x3f, 0xff, 0xff, 0xc0, 0x0,
    0x7, 0xff, 0xff, 0xf0, 0x0, 0x0, 0xff, 0xff,
    0xfe, 0x0, 0x0, 0x1f, 0xff, 0xff, 0xc0, 0x0,
    0x3, 0xff, 0xff, 0xf0, 0x0, 0x0, 0x7f, 0xff,
    0xfc, 0x0, 0x0, 0xf, 0xff, 0xff, 0x80, 0x0,
    0x1, 0xff, 0xff, 0xe0, 0x0, 0x0, 0x3f, 0xff,
    0xfb, 0xff, 0xfe, 0xf, 0xff, 0xfe, 0xff, 0xff,
    0x81, 0xff, 0xff, 0xff, 0xff, 0xe0, 0x7f, 0xff,
    0xff, 0xff, 0xf8, 0xf, 0xff, 0xff, 0xff, 0xfe,
    0x3, 0xff, 0xff, 0xff, 0xff, 0x80, 0xff, 0xff,
    0xff, 0xff, 0xe0, 0x1f, 0xff, 0xff, 0xff, 0xf8,
    0x7, 0xff, 0xff, 0xff, 0xfe, 0x1, 0xff, 0xff,
    0xff, 0xff, 0x80, 0x7f, 0xff, 0xff, 0xff, 0xe0,
    0x1f, 0xff, 0xff, 0xff, 0xf8, 0x7, 0xff, 0xff,
    0xff, 0xfe, 0x1, 0xff, 0xff, 0xff, 0xff, 0x80,
    0x7f, 0xff, 0xff, 0xff, 0xf0, 0x1f, 0xff, 0xff,
    0xff, 0xfc, 0xf, 0xff, 0xf9, 0xff, 0xff, 0x87,
    0xff, 0xfe, 0x7f, 0xff, 0xff, 0xff, 0xff, 0x9f,
    0xff, 0xff, 0xff, 0xff, 0xe7, 0xff, 0xff, 0xff,
    0xff, 0xf0, 0xff, 0xff, 0xff, 0xff, 0xfc, 0x3f,
    0xff, 0xff, 0xff, 0xff, 0xf, 0xff, 0xff, 0xff,
    0xff, 0x81, 0xff, 0xff, 0xff, 0xff, 0xe0, 0x7f,
    0xff, 0xff, 0xff, 0xf0, 0xf, 0xff, 0xff, 0xff,
    0xfc, 0x1, 0xff, 0xff, 0xff, 0xfe, 0x0, 0x7f,
    0xff, 0xff, 0xff, 0x80, 0x7, 0xff, 0xff, 0xff,
    0xc0, 0x0, 0xff, 0xff, 0xff, 0xe0, 0x0, 0xf,
    0xff, 0xff, 0xe0, 0x0, 0x0, 0xff, 0xff, 0xe0,
    0x0, 0x0, 0x3, 0xff, 0x80, 0x0,

    /* U+0054 "T" */
    0xff, 0xff, 0xff, 0xff, 0xff, 0xff, 0xff, 0xff,
    0xff, 0xff, 0xff, 0xff, 0xff, 0xff, 0xff, 0xff,
    0xff, 0xff, 0xff, 0xff, 0xff, 0xff, 0xff, 0xff,
    0xff, 0xff, 0xff, 0xff, 0xff, 0xff, 0xff, 0xff,
    0xff, 0xff, 0xff, 0xff, 0xff, 0xff, 0xff, 0xff,
    0xff, 0xff, 0xff, 0xff, 0xff, 0xff, 0xff, 0xff,
    0xff, 0xff, 0xff, 0xff, 0xff, 0xff, 0xff, 0xff,
    0xff, 0xff, 0xff, 0xff, 0xff, 0xff, 0xff, 0xff,
    0xff, 0xff, 0xff, 0xff, 0xff, 0xff, 0xff, 0xff,
    0xff, 0xff, 0xff, 0xff, 0x0, 0x3f, 0xff, 0xe0,
    0x0, 0x0, 0xff, 0xff, 0x80, 0x0, 0x3, 0xff,
    0xfe, 0x0, 0x0, 0xf, 0xff, 0xf8, 0x0, 0x0,
    0x3f, 0xff, 0xe0, 0x0, 0x0, 0xff, 0xff, 0x80,
    0x0, 0x3, 0xff, 0xfe, 0x0, 0x0, 0xf, 0xff,
    0xf8, 0x0, 0x0, 0x3f, 0xff, 0xe0, 0x0, 0x0,
    0xff, 0xff, 0x80, 0x0, 0x3, 0xff, 0xfe, 0x0,
    0x0, 0xf, 0xff, 0xf8, 0x0, 0x0, 0x3f, 0xff,
    0xe0, 0x0, 0x0, 0xff, 0xff, 0x80, 0x0, 0x3,
    0xff, 0xfe, 0x0, 0x0, 0xf, 0xff, 0xf8, 0x0,
    0x0, 0x3f, 0xff, 0xe0, 0x0, 0x0, 0xff, 0xff,
    0x80, 0x0, 0x3, 0xff, 0xfe, 0x0, 0x0, 0xf,
    0xff, 0xf8, 0x0, 0x0, 0x3f, 0xff, 0xe0, 0x0,
    0x0, 0xff, 0xff, 0x80, 0x0, 0x3, 0xff, 0xfe,
    0x0, 0x0, 0xf, 0xff, 0xf8, 0x0, 0x0, 0x3f,
    0xff, 0xe0, 0x0, 0x0, 0xff, 0xff, 0x80, 0x0,
    0x3, 0xff, 0xfe, 0x0, 0x0, 0xf, 0xff, 0xf8,
    0x0, 0x0, 0x3f, 0xff, 0xe0, 0x0, 0x0, 0xff,
    0xff, 0x80, 0x0, 0x3, 0xff, 0xfe, 0x0, 0x0,
    0xf, 0xff, 0xf8, 0x0, 0x0, 0x3f, 0xff, 0xe0,
    0x0, 0x0, 0xff, 0xff, 0x80, 0x0, 0x3, 0xff,
    0xfe, 0x0, 0x0, 0xf, 0xff, 0xf8, 0x0, 0x0,
    0x3f, 0xff, 0xe0, 0x0, 0x0, 0xff, 0xff, 0x80,
    0x0, 0x3, 0xff, 0xfe, 0x0, 0x0, 0xf, 0xff,
    0xf8, 0x0, 0x0, 0x3f, 0xff, 0xe0, 0x0, 0x0,
    0xff, 0xff, 0x80, 0x0, 0x3, 0xff, 0xfe, 0x0,
    0x0, 0xf, 0xff, 0xf8, 0x0, 0x0, 0x3f, 0xff,
    0xe0, 0x0, 0x0, 0xff, 0xff, 0x80, 0x0, 0x3,
    0xff, 0xfe, 0x0, 0x0, 0xf, 0xff, 0xf8, 0x0,
    0x0, 0x3f, 0xff, 0xe0, 0x0, 0x0, 0xff, 0xff,
    0x80, 0x0, 0x3, 0xff, 0xfe, 0x0, 0x0, 0xf,
    0xff, 0xf8, 0x0, 0x0, 0x3f, 0xff, 0xe0, 0x0,
    0x0, 0xff, 0xff, 0x80, 0x0, 0x3, 0xff, 0xfe,
    0x0, 0x0, 0xf, 0xff, 0xf8, 0x0, 0x0, 0x3f,
    0xff, 0xe0, 0x0, 0x0, 0xff, 0xff, 0x80, 0x0,
    0x3, 0xff, 0xfe, 0x0, 0x0, 0xf, 0xff, 0xf8,
    0x0, 0x0, 0x3f, 0xff, 0xe0, 0x0, 0x0, 0xff,
    0xff, 0x80, 0x0, 0x3, 0xff, 0xfe, 0x0, 0x0,
    0xf, 0xff, 0xf8, 0x0, 0x0, 0x3f, 0xff, 0xe0,
    0x0, 0x0, 0xff, 0xff, 0x80, 0x0, 0x3, 0xff,
    0xfe, 0x0, 0x0, 0xf, 0xff, 0xf8, 0x0, 0x0,
    0x3f, 0xff, 0xe0, 0x0, 0x0, 0xff, 0xff, 0x80,
    0x0,

    /* U+0055 "U" */
    0xff, 0xff, 0x80, 0x7f, 0xff, 0xff, 0xff, 0xe0,
    0x1f, 0xff, 0xff, 0xff, 0xf8, 0x7, 0xff, 0xff,
    0xff, 0xfe, 0x1, 0xff, 0xff, 0xff, 0xff, 0x80,
    0x7f, 0xff, 0xff, 0xff, 0xe0, 0x1f, 0xff, 0xff,
    0xff, 0xf8, 0x7, 0xff, 0xff, 0xff, 0xfe, 0x1,
    0xff, 0xff, 0xff, 0xff, 0x80, 0x7f, 0xff, 0xff,
    0xff, 0xe0, 0x1f, 0xff, 0xff, 0xff, 0xf8, 0x7,
    0xff, 0xff, 0xff, 0xfe, 0x1, 0xff, 0xff, 0xff,
    0xff, 0x80, 0x7f, 0xff, 0xff, 0xff, 0xe0, 0x1f,
    0xff, 0xff, 0xff, 0xf8, 0x7, 0xff, 0xff, 0xff,
    0xfe, 0x1, 0xff, 0xff, 0xff, 0xff, 0x80, 0x7f,
    0xff, 0xff, 0xff, 0xe0, 0x1f, 0xff, 0xff, 0xff,
    0xf8, 0x7, 0xff, 0xff, 0xff, 0xfe, 0x1, 0xff,
    0xff, 0xff, 0xff, 0x80, 0x7f, 0xff, 0xff, 0xff,
    0xe0, 0x1f, 0xff, 0xff, 0xff, 0xf8, 0x7, 0xff,
    0xff, 0xff, 0xfe, 0x1, 0xff, 0xff, 0xff, 0xff,
    0x80, 0x7f, 0xff, 0xff, 0xff, 0xe0, 0x1f, 0xff,
    0xff, 0xff, 0xf8, 0x7, 0xff, 0xff, 0xff, 0xfe,
    0x1, 0xff, 0xff, 0xff, 0xff, 0x80, 0x7f, 0xff,
    0xff, 0xff, 0xe0, 0x1f, 0xff, 0xff, 0xff, 0xf8,
    0x7, 0xff, 0xff, 0xff, 0xfe, 0x1, 0xff, 0xff,
    0xff, 0xff, 0x80, 0x7f, 0xff, 0xff, 0xff, 0xe0,
    0x1f, 0xff, 0xff, 0xff, 0xf8, 0x7, 0xff, 0xff,
    0xff, 0xfe, 0x1, 0xff, 0xff, 0xff, 0xff, 0x80,
    0x7f, 0xff, 0xff, 0xff, 0xe0, 0x1f, 0xff, 0xff,
    0xff, 0xf8, 0x7, 0xff, 0xff, 0xff, 0xfe, 0x1,
    0xff, 0xff, 0xff, 0xff, 0x80, 0x7f, 0xff, 0xff,
    0xff, 0xe0, 0x1f, 0xff, 0xff, 0xff, 0xf8, 0x7,
    0xff, 0xff, 0xff, 0xfe, 0x1, 0xff, 0xff, 0xff,
    0xff, 0x80, 0x7f, 0xff, 0xff, 0xff, 0xe0, 0x1f,
    0xff, 0xff, 0xff, 0xf8, 0x7, 0xff, 0xff, 0xff,
    0xfe, 0x1, 0xff, 0xff, 0xff, 0xff, 0x80, 0x7f,
    0xff, 0xff, 0xff, 0xe0, 0x1f, 0xff, 0xff, 0xff,
    0xf8, 0x7, 0xff, 0xff, 0xff, 0xfe, 0x1, 0xff,
    0xff, 0xff, 0xff, 0x80, 0x7f, 0xff, 0xff, 0xff,
    0xe0, 0x1f, 0xff, 0xff, 0xff, 0xf8, 0x7, 0xff,
    0xff, 0xff, 0xfe, 0x1, 0xff, 0xff, 0xff, 0xff,
    0x80, 0x7f, 0xff, 0xff, 0xff, 0xe0, 0x1f, 0xff,
    0xff, 0xff, 0xf8, 0x7, 0xff, 0xff, 0xff, 0xfe,
    0x1, 0xff, 0xff, 0xff, 0xff, 0x80, 0x7f, 0xff,
    0xff, 0xff, 0xe0, 0x1f, 0xff, 0xff, 0xff, 0xf8,
    0x7, 0xff, 0xff, 0xff, 0xfe, 0x1, 0xff, 0xff,
    0xff, 0xff, 0x80, 0x7f, 0xff, 0xff, 0xff, 0xe0,
    0x1f, 0xff, 0xff, 0xff, 0xf8, 0x7, 0xff, 0xff,
    0xff, 0xfe, 0x1, 0xff, 0xff, 0xff, 0xff, 0xc0,
    0xff, 0xff, 0xff, 0xff, 0xf0, 0x3f, 0xff, 0xf7,
    0xff, 0xfe, 0x1f, 0xff, 0xf9, 0xff, 0xff, 0xff,
    0xff, 0xfe, 0x7f, 0xff, 0xff, 0xff, 0xff, 0x9f,
    0xff, 0xff, 0xff, 0xff, 0xe3, 0xff, 0xff, 0xff,
    0xff, 0xf0, 0xff, 0xff, 0xff, 0xff, 0xfc, 0x3f,
    0xff, 0xff, 0xff, 0xff, 0x7, 0xff, 0xff, 0xff,
    0xff, 0x81, 0xff, 0xff, 0xff, 0xff, 0xe0, 0x3f,
    0xff, 0xff, 0xff, 0xf0, 0x7, 0xff, 0xff, 0xff,
    0xf8, 0x0, 0xff, 0xff, 0xff, 0xfc, 0x0, 0x1f,
    0xff, 0xff, 0xfe, 0x0, 0x3, 0xff, 0xff, 0xff,
    0x0, 0x0, 0x7f, 0xff, 0xff, 0x80, 0x0, 0x3,
    0xff, 0xff, 0x0, 0x0, 0x0, 0x1f, 0xfe, 0x0,
    0x0,

    /* U+0056 "V" */
    0xff, 0xff, 0x80, 0xf, 0xff, 0xff, 0xff, 0xfc,
    0x0, 0x7f, 0xff, 0xff, 0xff, 0xe0, 0x3, 0xff,
    0xfc, 0xff, 0xff, 0x0, 0x1f, 0xff, 0xe7, 0xff,
    0xf8, 0x0, 0xff, 0xff, 0x3f, 0xff, 0xc0, 0x7,
    0xff, 0xf9, 0xff, 0xfe, 0x0, 0x3f, 0xff, 0xcf,
    0xff, 0xf0, 0x1, 0xff, 0xfe, 0x7f, 0xff, 0x80,
    0xf, 0xff, 0xf3, 0xff, 0xfe, 0x0, 0xff, 0xff,
    0x9f, 0xff, 0xf0, 0x7, 0xff, 0xf8, 0x7f, 0xff,
    0x80, 0x3f, 0xff, 0xc3, 0xff, 0xfc, 0x1, 0xff,
    0xfe, 0x1f, 0xff, 0xe0, 0xf, 0xff, 0xf0, 0xff,
    0xff, 0x0, 0x7f, 0xff, 0x87, 0xff, 0xf8, 0x3,
    0xff, 0xfc, 0x3f, 0xff, 0xc0, 0x1f, 0xff, 0xe1,
    0xff, 0xfe, 0x0, 0xff, 0xff, 0xf, 0xff, 0xf0,
    0x7, 0xff, 0xf0, 0x3f, 0xff, 0xc0, 0x3f, 0xff,
    0x81, 0xff, 0xfe, 0x3, 0xff, 0xfc, 0xf, 0xff,
    0xf0, 0x1f, 0xff, 0xe0, 0x7f, 0xff, 0x80, 0xff,
    0xff, 0x3, 0xff, 0xfc, 0x7, 0xff, 0xf8, 0x1f,
    0xff, 0xe0, 0x3f, 0xff, 0xc0, 0xff, 0xff, 0x1,
    0xff, 0xfe, 0x7, 0xff, 0xf8, 0xf, 0xff, 0xf0,
    0x1f, 0xff, 0xc0, 0x7f, 0xff, 0x0, 0xff, 0xff,
    0x3, 0xff, 0xf8, 0x7, 0xff, 0xf8, 0x1f, 0xff,
    0xc0, 0x3f, 0xff, 0xc1, 0xff, 0xfe, 0x1, 0xff,
    0xfe, 0xf, 0xff, 0xf0, 0xf, 0xff, 0xf0, 0x7f,
    0xff, 0x80, 0x7f, 0xff, 0x83, 0xff, 0xfc, 0x3,
    0xff, 0xfc, 0x1f, 0xff, 0xe0, 0x1f, 0xff, 0xe0,
    0xff, 0xfe, 0x0, 0x7f, 0xff, 0x7, 0xff, 0xf0,
    0x3, 0xff, 0xfc, 0x3f, 0xff, 0x80, 0x1f, 0xff,
    0xe1, 0xff, 0xfc, 0x0, 0xff, 0xff, 0xf, 0xff,
    0xe0, 0x7, 0xff, 0xf8, 0xff, 0xff, 0x0, 0x3f,
    0xff, 0xc7, 0xff, 0xf8, 0x1, 0xff, 0xfe, 0x3f,
    0xff, 0xc0, 0xf, 0xff, 0xf1, 0xff, 0xfc, 0x0,
    0x3f, 0xff, 0x8f, 0xff, 0xe0, 0x1, 0xff, 0xfc,
    0x7f, 0xff, 0x0, 0xf, 0xff, 0xe3, 0xff, 0xf8,
    0x0, 0x7f, 0xff, 0x9f, 0xff, 0xc0, 0x3, 0xff,
    0xfc, 0xff, 0xfe, 0x0, 0x1f, 0xff, 0xe7, 0xff,
    0xf0, 0x0, 0xff, 0xff, 0x3f, 0xff, 0x80, 0x7,
    0xff, 0xfb, 0xff, 0xf8, 0x0, 0x1f, 0xff, 0xdf,
    0xff, 0xc0, 0x0, 0xff, 0xfe, 0xff, 0xfe, 0x0,
    0x7, 0xff, 0xf7, 0xff, 0xf0, 0x0, 0x3f, 0xff,
    0xbf, 0xff, 0x80, 0x1, 0xff, 0xff, 0xff, 0xfc,
    0x0, 0xf, 0xff, 0xff, 0xff, 0xe0, 0x0, 0x7f,
    0xff, 0xff, 0xff, 0x0, 0x3, 0xff, 0xff, 0xff,
    0xf0, 0x0, 0xf, 0xff, 0xff, 0xff, 0x80, 0x0,
    0x7f, 0xff, 0xff, 0xfc, 0x0, 0x3, 0xff, 0xff,
    0xff, 0xe0, 0x0, 0x1f, 0xff, 0xff, 0xff, 0x0,
    0x0, 0xff, 0xff, 0xff, 0xf8, 0x0, 0x7, 0xff,
    0xff, 0xff, 0xc0, 0x0, 0x3f, 0xff, 0xff, 0xfe,
    0x0, 0x1, 0xff, 0xff, 0xff, 0xe0, 0x0, 0x7,
    0xff, 0xff, 0xff, 0x0, 0x0, 0x3f, 0xff, 0xff,
    0xf8, 0x0, 0x1, 0xff, 0xff, 0xff, 0xc0, 0x0,
    0xf, 0xff, 0xff, 0xfe, 0x0, 0x0, 0x7f, 0xff,
    0xff, 0xf0, 0x0, 0x3, 0xff, 0xff, 0xff, 0x80,
    0x0, 0x1f, 0xff, 0xff, 0xfc, 0x0, 0x0, 0xff,
    0xff, 0xff, 0xc0, 0x0, 0x3, 0xff, 0xff, 0xfe,
    0x0, 0x0, 0x1f, 0xff, 0xff, 0xf0, 0x0, 0x0,
    0xff, 0xff, 0xff, 0x80, 0x0, 0x7, 0xff, 0xff,
    0xfc, 0x0, 0x0, 0x3f, 0xff, 0xff, 0xe0, 0x0,
    0x1, 0xff, 0xff, 0xff, 0x0, 0x0, 0xf, 0xff,
    0xff, 0xf8, 0x0, 0x0, 0x7f, 0xff, 0xff, 0x80,
    0x0, 0x1, 0xff, 0xff, 0xfc, 0x0, 0x0, 0xf,
    0xff, 0xff, 0xe0, 0x0,

    /* U+0057 "W" */
    0xff, 0xff, 0x80, 0x1f, 0xff, 0xe0, 0xf, 0xff,
    0xff, 0xff, 0xfc, 0x0, 0xff, 0xff, 0x0, 0x7f,
    0xff, 0xdf, 0xff, 0xe0, 0xf, 0xff, 0xf8, 0x3,
    0xff, 0xfe, 0xff, 0xff, 0x0, 0x7f, 0xff, 0xc0,
    0x1f, 0xff, 0xf7, 0xff, 0xfc, 0x3, 0xff, 0xfe,
    0x1, 0xff, 0xff, 0x3f, 0xff, 0xe0, 0x1f, 0xff,
    0xf0, 0xf, 0xff, 0xf9, 0xff, 0xff, 0x0, 0xff,
    0xff, 0x80, 0x7f, 0xff, 0xcf, 0xff, 0xf8, 0x7,
    0xff, 0xfc, 0x3, 0xff, 0xfe, 0x7f, 0xff, 0xc0,
    0x3f, 0xff, 0xe0, 0x1f, 0xff, 0xf3, 0xff, 0xfe,
    0x1, 0xff, 0xff, 0x80, 0xff, 0xff, 0x9f, 0xff,
    0xf0, 0xf, 0xff, 0xfc, 0x7, 0xff, 0xfc, 0x7f,
    0xff, 0x80, 0x7f, 0xff, 0xe0, 0x3f, 0xff, 0xe3,
    0xff, 0xfc, 0x3, 0xff, 0xff, 0x1, 0xff, 0xff,
    0x1f, 0xff, 0xe0, 0x3f, 0xff, 0xf8, 0xf, 0xff,
    0xf0, 0xff, 0xff, 0x1, 0xff, 0xff, 0xc0, 0x7f,
    0xff, 0x87, 0xff, 0xf8, 0xf, 0xff, 0xfe, 0x3,
    0xff, 0xfc, 0x3f, 0xff, 0xe0, 0x7f, 0xff, 0xf0,
    0x3f, 0xff, 0xe1, 0xff, 0xff, 0x3, 0xff, 0xff,
    0x81, 0xff, 0xff, 0xf, 0xff, 0xf8, 0x1f, 0xff,
    0xfc, 0xf, 0xff, 0xf8, 0x7f, 0xff, 0xc0, 0xff,
    0xff, 0xe0, 0x7f, 0xff, 0xc1, 0xff, 0xfe, 0x7,
    0xff, 0xff, 0x3, 0xff, 0xfe, 0xf, 0xff, 0xf0,
    0x3f, 0xff, 0xfc, 0x1f, 0xff, 0xf0, 0x7f, 0xff,
    0x81, 0xff, 0xff, 0xe0, 0xff, 0xff, 0x3, 0xff,
    0xfc, 0xf, 0xff, 0xff, 0x7, 0xff, 0xf8, 0x1f,
    0xff, 0xe0, 0xff, 0xff, 0xf8, 0x3f, 0xff, 0xc0,
    0xff, 0xff, 0x7, 0xff, 0xff, 0xc1, 0xff, 0xfe,
    0x7, 0xff, 0xf8, 0x3f, 0xff, 0xfe, 0xf, 0xff,
    0xf0, 0x3f, 0xff, 0xe1, 0xff, 0xff, 0xf0, 0x7f,
    0xff, 0x81, 0xff, 0xff, 0xf, 0xff, 0xff, 0x87,
    0xff, 0xfc, 0xf, 0xff, 0xf8, 0x7f, 0xff, 0xfc,
    0x3f, 0xff, 0xe0, 0x3f, 0xff, 0xc3, 0xff, 0xff,
    0xe1, 0xff, 0xff, 0x1, 0xff, 0xfe, 0x1f, 0xff,
    0xff, 0xf, 0xff, 0xf0, 0xf, 0xff, 0xf0, 0xff,
    0xff, 0xf8, 0x7f, 0xff, 0x80, 0x7f, 0xff, 0x87,
    0xff, 0xff, 0xe3, 0xff, 0xfc, 0x3, 0xff, 0xfc,
    0x3f, 0xff, 0xff, 0x1f, 0xff, 0xe0, 0x1f, 0xff,
    0xe1, 0xff, 0xff, 0xf8, 0xff, 0xff, 0x0, 0xff,
    0xff, 0x1f, 0xff, 0xff, 0xc7, 0xff, 0xf8, 0x7,
    0xff, 0xf8, 0xff, 0xff, 0xfe, 0x3f, 0xff, 0xc0,
    0x3f, 0xff, 0xc7, 0xff, 0xff, 0xf1, 0xff, 0xfe,
    0x0, 0xff, 0xff, 0x3f, 0xff, 0xff, 0x8f, 0xff,
    0xf0, 0x7, 0xff, 0xf9, 0xff, 0xff, 0xfc, 0xff,
    0xff, 0x0, 0x3f, 0xff, 0xcf, 0xff, 0xff, 0xe7,
    0xff, 0xf8, 0x1, 0xff, 0xfe, 0x7f, 0xff, 0xff,
    0x3f, 0xff, 0xc0, 0xf, 0xff, 0xf3, 0xff, 0xff,
    0xf9, 0xff, 0xfe, 0x0, 0x7f, 0xff, 0x9f, 0xff,
    0xff, 0xcf, 0xff, 0xf0, 0x3, 0xff, 0xfc, 0xff,
    0xff, 0xff, 0x7f, 0xff, 0x80, 0x1f, 0xff, 0xe7,
    0xff, 0x7f, 0xfb, 0xff, 0xfc, 0x0, 0xff, 0xff,
    0x7f, 0xfb, 0xff, 0xdf, 0xff, 0xe0, 0x3, 0xff,
    0xfb, 0xff, 0xdf, 0xfe, 0xff, 0xff, 0x0, 0x1f,
    0xff, 0xdf, 0xfe, 0xff, 0xf7, 0xff, 0xf8, 0x0,
    0xff, 0xff, 0xff, 0xf7, 0xff, 0xbf, 0xff, 0x80,
    0x7, 0xff, 0xff, 0xff, 0xbf, 0xfd, 0xff, 0xfc,
    0x0, 0x3f, 0xff, 0xff, 0xfd, 0xff, 0xff, 0xff,
    0xe0, 0x1, 0xff, 0xff, 0xff, 0xe7, 0xff, 0xff,
    0xff, 0x0, 0xf, 0xff, 0xff, 0xff, 0x3f, 0xff,
    0xff, 0xf8, 0x0, 0x7f, 0xff, 0xff, 0xf9, 0xff,
    0xff, 0xff, 0xc0, 0x3, 0xff, 0xff, 0xff, 0x8f,
    0xff, 0xff, 0xfe, 0x0, 0x1f, 0xff, 0xff, 0xfc,
    0x7f, 0xff, 0xff, 0xf0, 0x0, 0x7f, 0xff, 0xff,
    0xe3, 0xff, 0xff, 0xff, 0x80, 0x3, 0xff, 0xff,
    0xff, 0x1f, 0xff, 0xff, 0xf8, 0x0, 0x1f, 0xff,
    0xff, 0xf8, 0xff, 0xff, 0xff, 0xc0, 0x0, 0xff,
    0xff, 0xff, 0xc7, 0xff, 0xff, 0xfe, 0x0, 0x7,
    0xff, 0xff, 0xfe, 0x3f, 0xff, 0xff, 0xf0, 0x0,
    0x3f, 0xff, 0xff, 0xf0, 0xff, 0xff, 0xff, 0x80,
    0x1, 0xff, 0xff, 0xff, 0x87, 0xff, 0xff, 0xfc,
    0x0, 0xf, 0xff, 0xff, 0xfc, 0x3f, 0xff, 0xff,
    0xe0, 0x0, 0x7f, 0xff, 0xff, 0xc1, 0xff, 0xff,
    0xff, 0x0, 0x1, 0xff, 0xff, 0xfe, 0xf, 0xff,
    0xff, 0xf8, 0x0, 0xf, 0xff, 0xff, 0xf0, 0x7f,
    0xff, 0xff, 0x80, 0x0, 0x7f, 0xff, 0xff, 0x83,
    0xff, 0xff, 0xfc, 0x0, 0x3, 0xff, 0xff, 0xfc,
    0x1f, 0xff, 0xff, 0xe0, 0x0, 0x1f, 0xff, 0xff,
    0xe0, 0xff, 0xff, 0xff, 0x0, 0x0, 0xff, 0xff,
    0xff, 0x7, 0xff, 0xff, 0xf8, 0x0, 0x7, 0xff,
    0xff, 0xf8, 0x1f, 0xff, 0xff, 0xc0, 0x0, 0x3f,
    0xff, 0xff, 0xc0, 0xff, 0xff, 0xfe, 0x0, 0x1,
    0xff, 0xff, 0xfe, 0x7, 0xff, 0xff, 0xf0, 0x0,
    0x7, 0xff, 0xff, 0xe0, 0x3f, 0xff, 0xff, 0x80,
    0x0, 0x3f, 0xff, 0xff, 0x1, 0xff, 0xff, 0xf8,
    0x0, 0x1, 0xff, 0xff, 0xf8, 0xf, 0xff, 0xff,
    0xc0, 0x0, 0xf, 0xff, 0xff, 0xc0, 0x7f, 0xff,
    0xfe, 0x0, 0x0, 0x7f, 0xff, 0xfe, 0x3, 0xff,
    0xff, 0xf0, 0x0, 0x3, 0xff, 0xff, 0xf0, 0x1f,
    0xff, 0xff, 0x80, 0x0, 0x1f, 0xff, 0xff, 0x80,
    0x7f, 0xff, 0xfc, 0x0, 0x0, 0xff, 0xff, 0xfc,
    0x3, 0xff, 0xff, 0xe0, 0x0, 0x7, 0xff, 0xff,
    0xe0, 0x1f, 0xff, 0xff, 0x0, 0x0, 0x3f, 0xff,
    0xff, 0x0, 0xff, 0xff, 0xf8, 0x0,

    /* U+0058 "X" */
    0x3f, 0xff, 0xe0, 0x1f, 0xff, 0xf0, 0xff, 0xff,
    0x80, 0x7f, 0xff, 0xc1, 0xff, 0xfe, 0x1, 0xff,
    0xff, 0x7, 0xff, 0xfc, 0x7, 0xff, 0xfc, 0x1f,
    0xff, 0xf0, 0x1f, 0xff, 0xe0, 0x7f, 0xff, 0xc0,
    0x7f, 0xff, 0x81, 0xff, 0xff, 0x1, 0xff, 0xfe,
    0x3, 0xff, 0xfc, 0xf, 0xff, 0xf8, 0xf, 0xff,
    0xf0, 0x3f, 0xff, 0xe0, 0x3f, 0xff, 0xc0, 0xff,
    0xff, 0x80, 0xff, 0xff, 0x83, 0xff, 0xfc, 0x3,
    0xff, 0xfe, 0xf, 0xff, 0xf0, 0xf, 0xff, 0xf8,
    0x3f, 0xff, 0xc0, 0x1f, 0xff, 0xe0, 0xff, 0xff,
    0x0, 0x7f, 0xff, 0x87, 0xff, 0xfc, 0x1, 0xff,
    0xfe, 0x1f, 0xff, 0xe0, 0x7, 0xff, 0xfc, 0x7f,
    0xff, 0x80, 0x1f, 0xff, 0xf1, 0xff, 0xfe, 0x0,
    0x3f, 0xff, 0xc7, 0xff, 0xf8, 0x0, 0xff, 0xff,
    0x1f, 0xff, 0xe0, 0x3, 0xff, 0xfc, 0x7f, 0xff,
    0x80, 0xf, 0xff, 0xf1, 0xff, 0xfc, 0x0, 0x3f,
    0xff, 0xcf, 0xff, 0xf0, 0x0, 0xff, 0xff, 0xbf,
    0xff, 0xc0, 0x1, 0xff, 0xfe, 0xff, 0xff, 0x0,
    0x7, 0xff, 0xfb, 0xff, 0xfc, 0x0, 0x1f, 0xff,
    0xef, 0xff, 0xe0, 0x0, 0x7f, 0xff, 0xbf, 0xff,
    0x80, 0x1, 0xff, 0xfe, 0xff, 0xfe, 0x0, 0x3,
    0xff, 0xff, 0xff, 0xf8, 0x0, 0xf, 0xff, 0xff,
    0xff, 0xe0, 0x0, 0x3f, 0xff, 0xff, 0xff, 0x80,
    0x0, 0xff, 0xff, 0xff, 0xfc, 0x0, 0x3, 0xff,
    0xff, 0xff, 0xf0, 0x0, 0xf, 0xff, 0xff, 0xff,
    0xc0, 0x0, 0x1f, 0xff, 0xff, 0xff, 0x0, 0x0,
    0x7f, 0xff, 0xff, 0xfc, 0x0, 0x1, 0xff, 0xff,
    0xff, 0xe0, 0x0, 0x7, 0xff, 0xff, 0xff, 0x80,
    0x0, 0x1f, 0xff, 0xff, 0xfe, 0x0, 0x0, 0x3f,
    0xff, 0xff, 0xf8, 0x0, 0x1, 0xff, 0xff, 0xff,
    0xe0, 0x0, 0x7, 0xff, 0xff, 0xff, 0x80, 0x0,
    0x1f, 0xff, 0xff, 0xff, 0x0, 0x0, 0x7f, 0xff,
    0xff, 0xfc, 0x0, 0x3, 0xff, 0xff, 0xff, 0xf0,
    0x0, 0xf, 0xff, 0xff, 0xff, 0xc0, 0x0, 0x3f,
    0xff, 0xff, 0xff, 0x0, 0x0, 0xff, 0xff, 0xff,
    0xfe, 0x0, 0x3, 0xff, 0xff, 0xff, 0xf8, 0x0,
    0x1f, 0xff, 0xff, 0xff, 0xe0, 0x0, 0x7f, 0xff,
    0xff, 0xff, 0x80, 0x1, 0xff, 0xff, 0xff, 0xfe,
    0x0, 0x7, 0xff, 0xff, 0xff, 0xfc, 0x0, 0x1f,
    0xff, 0xef, 0xff, 0xf0, 0x0, 0xff, 0xff, 0xbf,
    0xff, 0xc0, 0x3, 0xff, 0xfe, 0xff, 0xff, 0x0,
    0xf, 0xff, 0xf3, 0xff, 0xfc, 0x0, 0x3f, 0xff,
    0xcf, 0xff, 0xf8, 0x0, 0xff, 0xff, 0x3f, 0xff,
    0xe0, 0x7, 0xff, 0xfc, 0x7f, 0xff, 0x80, 0x1f,
    0xff, 0xf1, 0xff, 0xfe, 0x0, 0x7f, 0xff, 0xc7,
    0xff, 0xf8, 0x1, 0xff, 0xfe, 0x1f, 0xff, 0xf0,
    0x7, 0xff, 0xf8, 0x7f, 0xff, 0xc0, 0x3f, 0xff,
    0xe1, 0xff, 0xff, 0x0, 0xff, 0xff, 0x83, 0xff,
    0xfc, 0x3, 0xff, 0xfe, 0xf, 0xff, 0xf0, 0xf,
    0xff, 0xf8, 0x3f, 0xff, 0xe0, 0x3f, 0xff, 0xc0,
    0xff, 0xff, 0x81, 0xff, 0xff, 0x3, 0xff, 0xfe,
    0x7, 0xff, 0xfc, 0xf, 0xff, 0xf8, 0x1f, 0xff,
    0xf0, 0x1f, 0xff, 0xe0, 0x7f, 0xff, 0xc0, 0x7f,
    0xff, 0xc1, 0xff, 0xff, 0x1, 0xff, 0xff, 0xf,
    0xff, 0xfc, 0x7, 0xff, 0xfc, 0x3f, 0xff, 0xe0,
    0x1f, 0xff, 0xf0, 0xff, 0xff, 0x80, 0x7f, 0xff,
    0xc3, 0xff, 0xfe, 0x0, 0xff, 0xff, 0x8f, 0xff,
    0xf8, 0x3, 0xff, 0xfe, 0x7f, 0xff, 0xe0, 0xf,
    0xff, 0xf9, 0xff, 0xff, 0x80, 0x3f, 0xff, 0xe7,
    0xff, 0xfc, 0x0, 0xff, 0xff, 0x9f, 0xff, 0xf0,
    0x3, 0xff, 0xff, 0x7f, 0xff, 0xc0, 0xf, 0xff,
    0xff, 0xff, 0xff, 0x0, 0x1f, 0xff, 0xf0,

    /* U+0059 "Y" */
    0xff, 0xff, 0x80, 0x1f, 0xff, 0xf7, 0xff, 0xfc,
    0x3, 0xff, 0xfe, 0x7f, 0xff, 0xc0, 0x3f, 0xff,
    0xe7, 0xff, 0xfc, 0x3, 0xff, 0xfe, 0x7f, 0xff,
    0xc0, 0x3f, 0xff, 0xe3, 0xff, 0xfc, 0x3, 0xff,
    0xfc, 0x3f, 0xff, 0xc0, 0x3f, 0xff, 0xc3, 0xff,
    0xfc, 0x7, 0xff, 0xfc, 0x3f, 0xff, 0xe0, 0x7f,
    0xff, 0xc1, 0xff, 0xfe, 0x7, 0xff, 0xf8, 0x1f,
    0xff, 0xe0, 0x7f, 0xff, 0x81, 0xff, 0xfe, 0x7,
    0xff, 0xf8, 0x1f, 0xff, 0xe0, 0x7f, 0xff, 0x81,
    0xff, 0xfe, 0x7, 0xff, 0xf0, 0xf, 0xff, 0xf0,
    0xff, 0xff, 0x0, 0xff, 0xff, 0xf, 0xff, 0xf0,
    0xf, 0xff, 0xf0, 0xff, 0xff, 0x0, 0xff, 0xff,
    0xf, 0xff, 0xf0, 0x7, 0xff, 0xf0, 0xff, 0xfe,
    0x0, 0x7f, 0xff, 0xf, 0xff, 0xe0, 0x7, 0xff,
    0xf9, 0xff, 0xfe, 0x0, 0x7f, 0xff, 0x9f, 0xff,
    0xe0, 0x3, 0xff, 0xf9, 0xff, 0xfc, 0x0, 0x3f,
    0xff, 0x9f, 0xff, 0xc0, 0x3, 0xff, 0xf9, 0xff,
    0xfc, 0x0, 0x3f, 0xff, 0x9f, 0xff, 0xc0, 0x1,
    0xff, 0xff, 0xff, 0xf8, 0x0, 0x1f, 0xff, 0xff,
    0xff, 0x80, 0x1, 0xff, 0xff, 0xff, 0xf8, 0x0,
    0x1f, 0xff, 0xff, 0xff, 0x80, 0x0, 0xff, 0xff,
    0xff, 0xf0, 0x0, 0xf, 0xff, 0xff, 0xff, 0x0,
    0x0, 0xff, 0xff, 0xff, 0xf0, 0x0, 0xf, 0xff,
    0xff, 0xff, 0x0, 0x0, 0xff, 0xff, 0xff, 0xf0,
    0x0, 0x7, 0xff, 0xff, 0xfe, 0x0, 0x0, 0x7f,
    0xff, 0xff, 0xe0, 0x0, 0x7, 0xff, 0xff, 0xfe,
    0x0, 0x0, 0x7f, 0xff, 0xff, 0xe0, 0x0, 0x3,
    0xff, 0xff, 0xfc, 0x0, 0x0, 0x3f, 0xff, 0xff,
    0xc0, 0x0, 0x3, 0xff, 0xff, 0xfc, 0x0, 0x0,
    0x3f, 0xff, 0xff, 0xc0, 0x0, 0x1, 0xff, 0xff,
    0xf8, 0x0, 0x0, 0x1f, 0xff, 0xff, 0x80, 0x0,
    0x1, 0xff, 0xff, 0xf8, 0x0, 0x0, 0x1f, 0xff,
    0xff, 0x80, 0x0, 0x0, 0xff, 0xff, 0xf0, 0x0,
    0x0, 0xf, 0xff, 0xff, 0x0, 0x0, 0x0, 0xff,
    0xff, 0xf0, 0x0, 0x0, 0xf, 0xff, 0xff, 0x0,
    0x0, 0x0, 0x7f, 0xff, 0xe0, 0x0, 0x0, 0x7,
    0xff, 0xfe, 0x0, 0x0, 0x0, 0x7f, 0xff, 0xe0,
    0x0, 0x0, 0x7, 0xff, 0xfe, 0x0, 0x0, 0x0,
    0x7f, 0xff, 0xe0, 0x0, 0x0, 0x3, 0xff, 0xfc,
    0x0, 0x0, 0x0, 0x3f, 0xff, 0xc0, 0x0, 0x0,
    0x3, 0xff, 0xfc, 0x0, 0x0, 0x0, 0x3f, 0xff,
    0xc0, 0x0, 0x0, 0x3, 0xff, 0xfc, 0x0, 0x0,
    0x0, 0x3f, 0xff, 0xc0, 0x0, 0x0, 0x3, 0xff,
    0xfc, 0x0, 0x0, 0x0, 0x3f, 0xff, 0xc0, 0x0,
    0x0, 0x3, 0xff, 0xfc, 0x0, 0x0, 0x0, 0x3f,
    0xff, 0xc0, 0x0, 0x0, 0x3, 0xff, 0xfc, 0x0,
    0x0, 0x0, 0x3f, 0xff, 0xc0, 0x0, 0x0, 0x3,
    0xff, 0xfc, 0x0, 0x0, 0x0, 0x3f, 0xff, 0xc0,
    0x0, 0x0, 0x3, 0xff, 0xfc, 0x0, 0x0, 0x0,
    0x3f, 0xff, 0xc0, 0x0, 0x0, 0x3, 0xff, 0xfc,
    0x0, 0x0, 0x0, 0x3f, 0xff, 0xc0, 0x0, 0x0,
    0x3, 0xff, 0xfc, 0x0, 0x0, 0x0, 0x3f, 0xff,
    0xc0, 0x0, 0x0, 0x3, 0xff, 0xfc, 0x0, 0x0,
    0x0, 0x3f, 0xff, 0xc0, 0x0, 0x0, 0x3, 0xff,
    0xfc, 0x0, 0x0, 0x0, 0x3f, 0xff, 0xc0, 0x0,
    0x0, 0x3, 0xff, 0xfc, 0x0, 0x0, 0x0, 0x3f,
    0xff, 0xc0, 0x0, 0x0, 0x3, 0xff, 0xfc, 0x0,
    0x0, 0x0, 0x3f, 0xff, 0xc0, 0x0, 0x0, 0x3,
    0xff, 0xfc, 0x0, 0x0, 0x0, 0x3f, 0xff, 0xc0,
    0x0,

    /* U+005A "Z" */
    0x3f, 0xff, 0xff, 0xff, 0xfc, 0xff, 0xff, 0xff,
    0xff, 0xf3, 0xff, 0xff, 0xff, 0xff, 0xcf, 0xff,
    0xff, 0xff, 0xff, 0x3f, 0xff, 0xff, 0xff, 0xfc,
    0xff, 0xff, 0xff, 0xff, 0xf3, 0xff, 0xff, 0xff,
    0xff, 0xcf, 0xff, 0xff, 0xff, 0xff, 0x3f, 0xff,
    0xff, 0xff, 0xfc, 0xff, 0xff, 0xff, 0xff, 0xf3,
    0xff, 0xff, 0xff, 0xff, 0xcf, 0xff, 0xff, 0xff,
    0xff, 0x3f, 0xff, 0xff, 0xff, 0xfc, 0xff, 0xff,
    0xff, 0xff, 0xf3, 0xff, 0xff, 0xff, 0xff, 0xcf,
    0xff, 0xff, 0xff, 0xff, 0x0, 0x0, 0xf, 0xff,
    0xfc, 0x0, 0x0, 0x7f, 0xff, 0xe0, 0x0, 0x1,
    0xff, 0xff, 0x80, 0x0, 0xf, 0xff, 0xfc, 0x0,
    0x0, 0x3f, 0xff, 0xf0, 0x0, 0x0, 0xff, 0xff,
    0xc0, 0x0, 0x7, 0xff, 0xfe, 0x0, 0x0, 0x1f,
    0xff, 0xf8, 0x0, 0x0, 0x7f, 0xff, 0xe0, 0x0,
    0x3, 0xff, 0xff, 0x0, 0x0, 0xf, 0xff, 0xfc,
    0x0, 0x0, 0x3f, 0xff, 0xe0, 0x0, 0x1, 0xff,
    0xff, 0x80, 0x0, 0x7, 0xff, 0xfe, 0x0, 0x0,
    0x3f, 0xff, 0xf0, 0x0, 0x0, 0xff, 0xff, 0xc0,
    0x0, 0x3, 0xff, 0xff, 0x0, 0x0, 0x1f, 0xff,
    0xf8, 0x0, 0x0, 0x7f, 0xff, 0xe0, 0x0, 0x1,
    0xff, 0xff, 0x80, 0x0, 0xf, 0xff, 0xfc, 0x0,
    0x0, 0x3f, 0xff, 0xf0, 0x0, 0x0, 0xff, 0xff,
    0x80, 0x0, 0x7, 0xff, 0xfe, 0x0, 0x0, 0x1f,
    0xff, 0xf8, 0x0, 0x0, 0xff, 0xff, 0xc0, 0x0,
    0x3, 0xff, 0xff, 0x0, 0x0, 0xf, 0xff, 0xfc,
    0x0, 0x0, 0x7f, 0xff, 0xe0, 0x0, 0x1, 0xff,
    0xff, 0x80, 0x0, 0x7, 0xff, 0xfe, 0x0, 0x0,
    0x3f, 0xff, 0xf0, 0x0, 0x0, 0xff, 0xff, 0xc0,
    0x0, 0x3, 0xff, 0xfe, 0x0, 0x0, 0x1f, 0xff,
    0xf8, 0x0, 0x0, 0x7f, 0xff, 0xe0, 0x0, 0x3,
    0xff, 0xff, 0x0, 0x0, 0xf, 0xff, 0xfc, 0x0,
    0x0, 0x3f, 0xff, 0xf0, 0x0, 0x1, 0xff, 0xff,
    0x80, 0x0, 0x7, 0xff, 0xfe, 0x0, 0x0, 0x1f,
    0xff, 0xf0, 0x0, 0x0, 0xff, 0xff, 0xc0, 0x0,
    0x3, 0xff, 0xff, 0x0, 0x0, 0xf, 0xff, 0xf8,
    0x0, 0x0, 0x7f, 0xff, 0xe0, 0x0, 0x1, 0xff,
    0xff, 0x80, 0x0, 0xf, 0xff, 0xfc, 0x0, 0x0,
    0x3f, 0xff, 0xf0, 0x0, 0x0, 0xff, 0xff, 0xc0,
    0x0, 0x7, 0xff, 0xfe, 0x0, 0x0, 0x1f, 0xff,
    0xf8, 0x0, 0x0, 0x7f, 0xff, 0xc0, 0x0, 0x3,
    0xff, 0xff, 0x0, 0x0, 0xf, 0xff, 0xff, 0xff,
    0xff, 0xbf, 0xff, 0xff, 0xff, 0xfe, 0xff, 0xff,
    0xff, 0xff, 0xfb, 0xff, 0xff, 0xff, 0xff, 0xef,
    0xff, 0xff, 0xff, 0xff, 0xbf, 0xff, 0xff, 0xff,
    0xfe, 0xff, 0xff, 0xff, 0xff, 0xfb, 0xff, 0xff,
    0xff, 0xff, 0xef, 0xff, 0xff, 0xff, 0xff, 0xbf,
    0xff, 0xff, 0xff, 0xfe, 0xff, 0xff, 0xff, 0xff,
    0xfb, 0xff, 0xff, 0xff, 0xff, 0xef, 0xff, 0xff,
    0xff, 0xff, 0xbf, 0xff, 0xff, 0xff, 0xfe, 0xff,
    0xff, 0xff, 0xff, 0xfb, 0xff, 0xff, 0xff, 0xff,
    0xe0,

    /* U+005B "[" */
    0xff, 0xff, 0xff, 0xff, 0xff, 0xff, 0xff, 0xff,
    0xff, 0xff, 0xff, 0xff, 0xff, 0xff, 0xff, 0xff,
    0xff, 0xff, 0xff, 0xff, 0xff, 0xff, 0xff, 0xff,
    0xff, 0xff, 0xff, 0xff, 0xff, 0xff, 0xff, 0xff,
    0xff, 0xff, 0xff, 0xff, 0xff, 0xff, 0xff, 0xff,
    0xff, 0xff, 0xff, 0xff, 0xff, 0xff, 0x0, 0x3f,
    0xff, 0xe0, 0x7, 0xff, 0xfc, 0x0, 0xff, 0xff,
    0x80, 0x1f, 0xff, 0xf0, 0x3, 0xff, 0xfe, 0x0,
    0x7f, 0xff, 0xc0, 0xf, 0xff, 0xf8, 0x1, 0xff,
    0xff, 0x0, 0x3f, 0xff, 0xe0, 0x7, 0xff, 0xfc,
    0x0, 0xff, 0xff, 0x80, 0x1f, 0xff, 0xf0, 0x3,
    0xff, 0xfe, 0x0, 0x7f, 0xff, 0xc0, 0xf, 0xff,
    0xf8, 0x1, 0xff, 0xff, 0x0, 0x3f, 0xff, 0xe0,
    0x7, 0xff, 0xfc, 0x0, 0xff, 0xff, 0x80, 0x1f,
    0xff, 0xf0, 0x3, 0xff, 0xfe, 0x0, 0x7f, 0xff,
    0xc0, 0xf, 0xff, 0xf8, 0x1, 0xff, 0xff, 0x0,
    0x3f, 0xff, 0xe0, 0x7, 0xff, 0xfc, 0x0, 0xff,
    0xff, 0x80, 0x1f, 0xff, 0xf0, 0x3, 0xff, 0xfe,
    0x0, 0x7f, 0xff, 0xc0, 0xf, 0xff, 0xf8, 0x1,
    0xff, 0xff, 0x0, 0x3f, 0xff, 0xe0, 0x7, 0xff,
    0xfc, 0x0, 0xff, 0xff, 0x80, 0x1f, 0xff, 0xf0,
    0x3, 0xff, 0xfe, 0x0, 0x7f, 0xff, 0xc0, 0xf,
    0xff, 0xf8, 0x1, 0xff, 0xff, 0x0, 0x3f, 0xff,
    0xe0, 0x7, 0xff, 0xfc, 0x0, 0xff, 0xff, 0x80,
    0x1f, 0xff, 0xf0, 0x3, 0xff, 0xfe, 0x0, 0x7f,
    0xff, 0xc0, 0xf, 0xff, 0xf8, 0x1, 0xff, 0xff,
    0x0, 0x3f, 0xff, 0xe0, 0x7, 0xff, 0xfc, 0x0,
    0xff, 0xff, 0x80, 0x1f, 0xff, 0xf0, 0x3, 0xff,
    0xfe, 0x0, 0x7f, 0xff, 0xc0, 0xf, 0xff, 0xf8,
    0x1, 0xff, 0xff, 0x0, 0x3f, 0xff, 0xe0, 0x7,
    0xff, 0xfc, 0x0, 0xff, 0xff, 0x80, 0x1f, 0xff,
    0xf0, 0x3, 0xff, 0xfe, 0x0, 0x7f, 0xff, 0xc0,
    0xf, 0xff, 0xf8, 0x1, 0xff, 0xff, 0x0, 0x3f,
    0xff, 0xe0, 0x7, 0xff, 0xfc, 0x0, 0xff, 0xff,
    0x80, 0x1f, 0xff, 0xf0, 0x3, 0xff, 0xfe, 0x0,
    0x7f, 0xff, 0xc0, 0xf, 0xff, 0xf8, 0x1, 0xff,
    0xff, 0xff, 0xff, 0xff, 0xff, 0xff, 0xff, 0xff,
    0xff, 0xff, 0xff, 0xff, 0xff, 0xff, 0xff, 0xff,
    0xff, 0xff, 0xff, 0xff, 0xff, 0xff, 0xff, 0xff,
    0xff, 0xff, 0xff, 0xff, 0xff, 0xff, 0xff, 0xff,
    0xff, 0xff, 0xff, 0xff, 0xff, 0xff, 0xff, 0xff,
    0xff, 0xff, 0xfc,

    /* U+005C "\\" */
    0xff, 0xff, 0xc0, 0x0, 0x1, 0xff, 0xff, 0x0,
    0x0, 0x7, 0xff, 0xfe, 0x0, 0x0, 0x1f, 0xff,
    0xf8, 0x0, 0x0, 0x7f, 0xff, 0xe0, 0x0, 0x1,
    0xff, 0xff, 0x80, 0x0, 0x3, 0xff, 0xfe, 0x0,
    0x0, 0xf, 0xff, 0xfc, 0x0, 0x0, 0x3f, 0xff,
    0xf0, 0x0, 0x0, 0xff, 0xff, 0xc0, 0x0, 0x1,
    0xff, 0xff, 0x0, 0x0, 0x7, 0xff, 0xfe, 0x0,
    0x0, 0x1f, 0xff, 0xf8, 0x0, 0x0, 0x7f, 0xff,
    0xe0, 0x0, 0x0, 0xff, 0xff, 0x80, 0x0, 0x3,
    0xff, 0xff, 0x0, 0x0, 0xf, 0xff, 0xfc, 0x0,
    0x0, 0x3f, 0xff, 0xf0, 0x0, 0x0, 0xff, 0xff,
    0xc0, 0x0, 0x1, 0xff, 0xff, 0x0, 0x0, 0x7,
    0xff, 0xfe, 0x0, 0x0, 0x1f, 0xff, 0xf8, 0x0,
    0x0, 0x7f, 0xff, 0xe0, 0x0, 0x0, 0xff, 0xff,
    0x80, 0x0, 0x3, 0xff, 0xff, 0x0, 0x0, 0xf,
    0xff, 0xfc, 0x0, 0x0, 0x3f, 0xff, 0xf0, 0x0,
    0x0, 0x7f, 0xff, 0xc0, 0x0, 0x1, 0xff, 0xff,
    0x80, 0x0, 0x7, 0xff, 0xfe, 0x0, 0x0, 0x1f,
    0xff, 0xf8, 0x0, 0x0, 0x3f, 0xff, 0xe0, 0x0,
    0x0, 0xff, 0xff, 0xc0, 0x0, 0x3, 0xff, 0xff,
    0x0, 0x0, 0xf, 0xff, 0xfc, 0x0, 0x0, 0x3f,
    0xff, 0xf0, 0x0, 0x0, 0x7f, 0xff, 0xc0, 0x0,
    0x1, 0xff, 0xff, 0x80, 0x0, 0x7, 0xff, 0xfe,
    0x0, 0x0, 0x1f, 0xff, 0xf8, 0x0, 0x0, 0x3f,
    0xff, 0xe0, 0x0, 0x0, 0xff, 0xff, 0xc0, 0x0,
    0x3, 0xff, 0xff, 0x0, 0x0, 0xf, 0xff, 0xfc,
    0x0, 0x0, 0x1f, 0xff, 0xf0, 0x0, 0x0, 0x7f,
    0xff, 0xe0, 0x0, 0x1, 0xff, 0xff, 0x80, 0x0,
    0x7, 0xff, 0xfe, 0x0, 0x0, 0x1f, 0xff, 0xf8,
    0x0, 0x0, 0x3f, 0xff, 0xe0, 0x0, 0x0, 0xff,
    0xff, 0xc0, 0x0, 0x3, 0xff, 0xff, 0x0, 0x0,
    0xf, 0xff, 0xfc, 0x0, 0x0, 0x1f, 0xff, 0xf0,
    0x0, 0x0, 0x7f, 0xff, 0xe0, 0x0, 0x1, 0xff,
    0xff, 0x80, 0x0, 0x7, 0xff, 0xfe, 0x0, 0x0,
    0xf, 0xff, 0xf8, 0x0, 0x0, 0x3f, 0xff, 0xf0,
    0x0, 0x0, 0xff, 0xff, 0xc0, 0x0, 0x3, 0xff,
    0xff, 0x0, 0x0, 0xf, 0xff, 0xfc, 0x0, 0x0,
    0x1f, 0xff, 0xf0, 0x0, 0x0, 0x7f, 0xff, 0xe0,
    0x0, 0x1, 0xff, 0xff, 0x80, 0x0, 0x7, 0xff,
    0xfe, 0x0, 0x0, 0xf, 0xff, 0xf8, 0x0, 0x0,
    0x3f, 0xff, 0xf0, 0x0, 0x0, 0xff, 0xff, 0xc0,
    0x0, 0x3, 0xff, 0xff, 0x0, 0x0, 0x7, 0xff,
    0xfc, 0x0, 0x0, 0x1f, 0xff, 0xf8, 0x0, 0x0,
    0x7f, 0xff, 0xe0, 0x0, 0x1, 0xff, 0xff, 0x80,
    0x0, 0x7, 0xff, 0xfe, 0x0, 0x0, 0xf, 0xff,
    0xf8, 0x0, 0x0, 0x3f, 0xff, 0xf0, 0x0, 0x0,
    0xff, 0xff, 0xc0, 0x0, 0x3, 0xff, 0xff, 0x0,
    0x0, 0x7, 0xff, 0xfc, 0x0, 0x0, 0x1f, 0xff,
    0xf8, 0x0, 0x0, 0x7f, 0xff, 0xe0, 0x0, 0x1,
    0xff, 0xff, 0x80, 0x0, 0x3, 0xff, 0xfe, 0x0,
    0x0, 0xf, 0xff, 0xfc, 0x0, 0x0, 0x3f, 0xff,
    0xf0, 0x0, 0x0, 0xff, 0xff, 0xc0,

    /* U+005D "]" */
    0xff, 0xff, 0xff, 0xff, 0xff, 0xff, 0xff, 0xff,
    0xff, 0xff, 0xff, 0xff, 0xff, 0xff, 0xff, 0xff,
    0xff, 0xff, 0xff, 0xff, 0xff, 0xff, 0xff, 0xff,
    0xff, 0xff, 0xff, 0xff, 0xff, 0xff, 0xff, 0xff,
    0xff, 0xff, 0xff, 0xff, 0xff, 0xff, 0xff, 0xff,
    0xff, 0xff, 0xff, 0xfe, 0x0, 0x7f, 0xff, 0xc0,
    0xf, 0xff, 0xf8, 0x1, 0xff, 0xff, 0x0, 0x3f,
    0xff, 0xe0, 0x7, 0xff, 0xfc, 0x0, 0xff, 0xff,
    0x80, 0x1f, 0xff, 0xf0, 0x3, 0xff, 0xfe, 0x0,
    0x7f, 0xff, 0xc0, 0xf, 0xff, 0xf8, 0x1, 0xff,
    0xff, 0x0, 0x3f, 0xff, 0xe0, 0x7, 0xff, 0xfc,
    0x0, 0xff, 0xff, 0x80, 0x1f, 0xff, 0xf0, 0x3,
    0xff, 0xfe, 0x0, 0x7f, 0xff, 0xc0, 0xf, 0xff,
    0xf8, 0x1, 0xff, 0xff, 0x0, 0x3f, 0xff, 0xe0,
    0x7, 0xff, 0xfc, 0x0, 0xff, 0xff, 0x80, 0x1f,
    0xff, 0xf0, 0x3, 0xff, 0xfe, 0x0, 0x7f, 0xff,
    0xc0, 0xf, 0xff, 0xf8, 0x1, 0xff, 0xff, 0x0,
    0x3f, 0xff, 0xe0, 0x7, 0xff, 0xfc, 0x0, 0xff,
    0xff, 0x80, 0x1f, 0xff, 0xf0, 0x3, 0xff, 0xfe,
    0x0, 0x7f, 0xff, 0xc0, 0xf, 0xff, 0xf8, 0x1,
    0xff, 0xff, 0x0, 0x3f, 0xff, 0xe0, 0x7, 0xff,
    0xfc, 0x0, 0xff, 0xff, 0x80, 0x1f, 0xff, 0xf0,
    0x3, 0xff, 0xfe, 0x0, 0x7f, 0xff, 0xc0, 0xf,
    0xff, 0xf8, 0x1, 0xff, 0xff, 0x0, 0x3f, 0xff,
    0xe0, 0x7, 0xff, 0xfc, 0x0, 0xff, 0xff, 0x80,
    0x1f, 0xff, 0xf0, 0x3, 0xff, 0xfe, 0x0, 0x7f,
    0xff, 0xc0, 0xf, 0xff, 0xf8, 0x1, 0xff, 0xff,
    0x0, 0x3f, 0xff, 0xe0, 0x7, 0xff, 0xfc, 0x0,
    0xff, 0xff, 0x80, 0x1f, 0xff, 0xf0, 0x3, 0xff,
    0xfe, 0x0, 0x7f, 0xff, 0xc0, 0xf, 0xff, 0xf8,
    0x1, 0xff, 0xff, 0x0, 0x3f, 0xff, 0xe0, 0x7,
    0xff, 0xfc, 0x0, 0xff, 0xff, 0x80, 0x1f, 0xff,
    0xf0, 0x3, 0xff, 0xfe, 0x0, 0x7f, 0xff, 0xc0,
    0xf, 0xff, 0xf8, 0x1, 0xff, 0xff, 0x0, 0x3f,
    0xff, 0xe0, 0x7, 0xff, 0xfc, 0x0, 0xff, 0xff,
    0x80, 0x1f, 0xff, 0xf0, 0x3, 0xff, 0xff, 0xff,
    0xff, 0xff, 0xff, 0xff, 0xff, 0xff, 0xff, 0xff,
    0xff, 0xff, 0xff, 0xff, 0xff, 0xff, 0xff, 0xff,
    0xff, 0xff, 0xff, 0xff, 0xff, 0xff, 0xff, 0xff,
    0xff, 0xff, 0xff, 0xff, 0xff, 0xff, 0xff, 0xff,
    0xff, 0xff, 0xff, 0xff, 0xff, 0xff, 0xff, 0xff,
    0xff, 0xff, 0xfc,

    /* U+005E "^" */
    0x0, 0xf, 0xff, 0xff, 0x0, 0x0, 0x3, 0xff,
    0xff, 0xe0, 0x0, 0x0, 0x7f, 0xff, 0xfc, 0x0,
    0x0, 0xf, 0xff, 0xff, 0xc0, 0x0, 0x1, 0xff,
    0xff, 0xf8, 0x0, 0x0, 0x7f, 0xff, 0xff, 0x0,
    0x0, 0xf, 0xff, 0xff, 0xe0, 0x0, 0x1, 0xff,
    0xff, 0xfe, 0x0, 0x0, 0x7f, 0xff, 0xff, 0xc0,
    0x0, 0xf, 0xff, 0xff, 0xf8, 0x0, 0x1, 0xff,
    0xff, 0xff, 0x0, 0x0, 0x3f, 0xff, 0xff, 0xf0,
    0x0, 0xf, 0xff, 0xff, 0xfe, 0x0, 0x1, 0xff,
    0xff, 0xff, 0xc0, 0x0, 0x3f, 0xff, 0xff, 0xf8,
    0x0, 0x7, 0xff, 0xff, 0xff, 0x80, 0x1, 0xff,
    0xff, 0xff, 0xf0, 0x0, 0x3f, 0xff, 0x7f, 0xfe,
    0x0, 0x7, 0xff, 0xef, 0xff, 0xc0, 0x0, 0xff,
    0xfd, 0xff, 0xfc, 0x0, 0x3f, 0xff, 0xbf, 0xff,
    0x80, 0x7, 0xff, 0xf7, 0xff, 0xf0, 0x0, 0xff,
    0xfe, 0x7f, 0xff, 0x0, 0x1f, 0xff, 0xcf, 0xff,
    0xe0, 0x7, 0xff, 0xf1, 0xff, 0xfc, 0x0, 0xff,
    0xfe, 0x3f, 0xff, 0x80, 0x1f, 0xff, 0xc7, 0xff,
    0xf8, 0x3, 0xff, 0xf8, 0xff, 0xff, 0x0, 0xff,
    0xff, 0x1f, 0xff, 0xe0, 0x1f, 0xff, 0xe1, 0xff,
    0xfc, 0x3, 0xff, 0xfc, 0x3f, 0xff, 0xc0, 0xff,
    0xff, 0x7, 0xff, 0xf8, 0x1f, 0xff, 0xe0, 0xff,
    0xff, 0x3, 0xff, 0xfc, 0x1f, 0xff, 0xe0, 0x7f,
    0xff, 0x83, 0xff, 0xfe, 0x1f, 0xff, 0xf0, 0x7f,
    0xff, 0xc3, 0xff, 0xfe, 0x7, 0xff, 0xf8, 0x7f,
    0xff, 0xc0, 0xff, 0xff, 0xf, 0xff, 0xf0, 0x1f,
    0xff, 0xf3, 0xff, 0xfe, 0x3, 0xff, 0xfe, 0x7f,
    0xff, 0xc0, 0x7f, 0xff, 0xcf, 0xff, 0xf8, 0xf,
    0xff, 0xf9, 0xff, 0xff, 0x0, 0xff, 0xff, 0xff,
    0xff, 0xe0, 0x1f, 0xff, 0xff, 0xff, 0xfc, 0x3,
    0xff, 0xfe,

    /* U+005F "_" */
    0xff, 0xff, 0xff, 0xff, 0xff, 0xff, 0xff, 0xff,
    0xff, 0xff, 0xff, 0xff, 0xff, 0xff, 0xff, 0xff,
    0xff, 0xff, 0xff, 0xff, 0xff, 0xff, 0xff, 0xff,
    0xff, 0xff, 0xff, 0xff, 0xff, 0xff, 0xff, 0xff,
    0xff, 0xff, 0xff, 0xff, 0xff, 0xff, 0xff, 0xff,
    0xff, 0xff, 0xff, 0xff,

    /* U+0060 "`" */
    0xc0, 0x0, 0x1, 0xe0, 0x0, 0x3, 0xf0, 0x0,
    0x7, 0xf8, 0x0, 0xf, 0xfc, 0x0, 0x1f, 0xff,
    0x0, 0x3f, 0xff, 0x80, 0x7f, 0xff, 0xc0, 0xff,
    0xff, 0xe1, 0xff, 0xff, 0xf3, 0xff, 0xff, 0xff,
    0xff, 0xff, 0xff, 0xff, 0xff, 0xff, 0xff, 0xff,
    0xff, 0xff, 0xff, 0xff, 0xff, 0xff, 0xff, 0xff,
    0xfe, 0x1f, 0xff, 0xfc, 0x1, 0xff, 0xf8, 0x0,
    0x1f, 0xf0, 0x0, 0x1, 0xe0,

    /* U+0061 "a" */
    0x0, 0x0, 0xff, 0xf0, 0x0, 0x0, 0x1, 0xff,
    0xff, 0xc0, 0x0, 0x1, 0xff, 0xff, 0xff, 0x0,
    0x0, 0x7f, 0xff, 0xff, 0xf8, 0x0, 0x3f, 0xff,
    0xff, 0xff, 0x80, 0xf, 0xff, 0xff, 0xff, 0xf8,
    0x3, 0xff, 0xff, 0xff, 0xff, 0x80, 0x7f, 0xff,
    0xff, 0xff, 0xf8, 0x1f, 0xff, 0xff, 0xff, 0xff,
    0x3, 0xff, 0xff, 0xff, 0xff, 0xf0, 0xff, 0xff,
    0xff, 0xff, 0xff, 0x1f, 0xff, 0xff, 0xff, 0xff,
    0xe3, 0xff, 0xff, 0xff, 0xff, 0xfc, 0x7f, 0xff,
    0xe3, 0xff, 0xff, 0x9f, 0xff, 0xf8, 0x3f, 0xff,
    0xfb, 0xff, 0xfe, 0x3, 0xff, 0xff, 0x7f, 0xff,
    0xc0, 0x7f, 0xff, 0xef, 0xff, 0xf8, 0xf, 0xff,
    0xfd, 0xff, 0xff, 0x1, 0xff, 0xff, 0xbf, 0xff,
    0xe0, 0x3f, 0xff, 0xf7, 0xff, 0xfc, 0x7, 0xff,
    0xfe, 0xff, 0xff, 0x80, 0xff, 0xff, 0xc0, 0x0,
    0x0, 0x1f, 0xff, 0xf8, 0x0, 0x0, 0x3, 0xff,
    0xff, 0x0, 0x0, 0x0, 0x7f, 0xff, 0xe0, 0x0,
    0x0, 0xf, 0xff, 0xfc, 0x0, 0x0, 0x1, 0xff,
    0xff, 0x80, 0x0, 0x0, 0xff, 0xff, 0xf0, 0x0,
    0x0, 0xff, 0xff, 0xfe, 0x0, 0x0, 0xff, 0xff,
    0xff, 0xc0, 0x0, 0xff, 0xff, 0xff, 0xf8, 0x0,
    0x7f, 0xff, 0xff, 0xff, 0x0, 0x3f, 0xff, 0xff,
    0xff, 0xe0, 0x1f, 0xff, 0xff, 0xff, 0xfc, 0xf,
    0xff, 0xff, 0xff, 0xff, 0x83, 0xff, 0xff, 0xff,
    0xff, 0xf0, 0xff, 0xff, 0xe7, 0xff, 0xfe, 0x1f,
    0xff, 0xf0, 0xff, 0xff, 0xc7, 0xff, 0xfc, 0x1f,
    0xff, 0xf9, 0xff, 0xff, 0x83, 0xff, 0xff, 0x3f,
    0xff, 0xe0, 0x7f, 0xff, 0xef, 0xff, 0xfc, 0xf,
    0xff, 0xfd, 0xff, 0xff, 0x1, 0xff, 0xff, 0xbf,
    0xff, 0xe0, 0x3f, 0xff, 0xf7, 0xff, 0xfc, 0x7,
    0xff, 0xff, 0xff, 0xff, 0x80, 0xff, 0xff, 0xff,
    0xff, 0xf0, 0x1f, 0xff, 0xff, 0xff, 0xfe, 0x3,
    0xff, 0xff, 0xff, 0xff, 0xc0, 0x7f, 0xff, 0xff,
    0xff, 0xf8, 0xf, 0xff, 0xff, 0xff, 0xff, 0x1,
    0xff, 0xff, 0xff, 0xff, 0xe0, 0x3f, 0xff, 0xff,
    0xff, 0xfc, 0x7, 0xff, 0xff, 0xff, 0xff, 0x80,
    0xff, 0xff, 0xff, 0xff, 0xf0, 0x1f, 0xff, 0xff,
    0xff, 0xfe, 0x3, 0xff, 0xff, 0xff, 0xff, 0xc0,
    0x7f, 0xff, 0xff, 0xff, 0xf8, 0xf, 0xff, 0xff,
    0xff, 0xff, 0x1, 0xff, 0xff, 0xff, 0xff, 0xf0,
    0x7f, 0xff, 0xff, 0xff, 0xfe, 0xf, 0xff, 0xfe,
    0xff, 0xff, 0xe3, 0xff, 0xff, 0xdf, 0xff, 0xff,
    0xff, 0xff, 0xfb, 0xff, 0xff, 0xff, 0xff, 0xff,
    0x7f, 0xff, 0xff, 0xff, 0xff, 0xef, 0xff, 0xff,
    0xff, 0xff, 0xfc, 0xff, 0xff, 0xff, 0xff, 0xff,
    0x9f, 0xff, 0xff, 0xff, 0xff, 0xf1, 0xff, 0xff,
    0xf7, 0xff, 0xfe, 0x3f, 0xff, 0xfe, 0xff, 0xff,
    0xc3, 0xff, 0xff, 0x9f, 0xff, 0xf8, 0x3f, 0xff,
    0xe3, 0xff, 0xff, 0x3, 0xff, 0xf8, 0x7f, 0xff,
    0xe0, 0x3f, 0xfe, 0xf, 0xff, 0xfc, 0x0, 0xff,
    0x0, 0x0, 0x0, 0x0,

    /* U+0062 "b" */
    0xff, 0xff, 0xc0, 0x0, 0x0, 0xf, 0xff, 0xfc,
    0x0, 0x0, 0x0, 0xff, 0xff, 0xc0, 0x0, 0x0,
    0xf, 0xff, 0xfc, 0x0, 0x0, 0x0, 0xff, 0xff,
    0xc0, 0x0, 0x0, 0xf, 0xff, 0xfc, 0x0, 0x0,
    0x0, 0xff, 0xff, 0xc0, 0x0, 0x0, 0xf, 0xff,
    0xfc, 0x0, 0x0, 0x0, 0xff, 0xff, 0xc0, 0x0,
    0x0, 0xf, 0xff, 0xfc, 0x0, 0x0, 0x0, 0xff,
    0xff, 0xc0, 0x0, 0x0, 0xf, 0xff, 0xfc, 0x0,
    0x0, 0x0, 0xff, 0xff, 0xc0, 0x3f, 0xe0, 0xf,
    0xff, 0xfc, 0xf, 0xff, 0x80, 0xff, 0xff, 0xc3,
    0xff, 0xfe, 0xf, 0xff, 0xfc, 0x7f, 0xff, 0xf0,
    0xff, 0xff, 0xcf, 0xff, 0xff, 0x8f, 0xff, 0xfc,
    0xff, 0xff, 0xf8, 0xff, 0xff, 0xdf, 0xff, 0xff,
    0xcf, 0xff, 0xff, 0xff, 0xff, 0xfc, 0xff, 0xff,
    0xff, 0xff, 0xff, 0xcf, 0xff, 0xff, 0xff, 0xff,
    0xfe, 0xff, 0xff, 0xff, 0xff, 0xff, 0xef, 0xff,
    0xff, 0xff, 0xff, 0xfe, 0xff, 0xff, 0xff, 0xff,
    0xff, 0xef, 0xff, 0xff, 0xff, 0xff, 0xff, 0xff,
    0xff, 0xf0, 0xff, 0xff, 0xff, 0xff, 0xfe, 0x7,
    0xff, 0xff, 0xff, 0xff, 0xe0, 0x7f, 0xff, 0xff,
    0xff, 0xfc, 0x3, 0xff, 0xff, 0xff, 0xff, 0xc0,
    0x3f, 0xff, 0xff, 0xff, 0xfc, 0x3, 0xff, 0xff,
    0xff, 0xff, 0xc0, 0x3f, 0xff, 0xff, 0xff, 0xfc,
    0x3, 0xff, 0xff, 0xff, 0xff, 0xc0, 0x3f, 0xff,
    0xff, 0xff, 0xfc, 0x3, 0xff, 0xff, 0xff, 0xff,
    0xc0, 0x3f, 0xff, 0xff, 0xff, 0xfc, 0x3, 0xff,
    0xff, 0xff, 0xff, 0xc0, 0x3f, 0xff, 0xff, 0xff,
    0xfc, 0x3, 0xff, 0xff, 0xff, 0xff, 0xc0, 0x3f,
    0xff, 0xff, 0xff, 0xfc, 0x3, 0xff, 0xff, 0xff,
    0xff, 0xc0, 0x3f, 0xff, 0xff, 0xff, 0xfc, 0x3,
    0xff, 0xff, 0xff, 0xff, 0xc0, 0x3f, 0xff, 0xff,
    0xff, 0xfc, 0x3, 0xff, 0xff, 0xff, 0xff, 0xc0,
    0x3f, 0xff, 0xff, 0xff, 0xfc, 0x3, 0xff, 0xff,
    0xff, 0xff, 0xc0, 0x3f, 0xff, 0xff, 0xff, 0xfc,
    0x3, 0xff, 0xff, 0xff, 0xff, 0xc0, 0x3f, 0xff,
    0xff, 0xff, 0xfc, 0x3, 0xff, 0xff, 0xff, 0xff,
    0xc0, 0x3f, 0xff, 0xff, 0xff, 0xfc, 0x3, 0xff,
    0xff, 0xff, 0xff, 0xc0, 0x3f, 0xff, 0xff, 0xff,
    0xfc, 0x3, 0xff, 0xff, 0xff, 0xff, 0xc0, 0x3f,
    0xff, 0xff, 0xff, 0xfc, 0x3, 0xff, 0xff, 0xff,
    0xff, 0xc0, 0x3f, 0xff, 0xff, 0xff, 0xfc, 0x3,
    0xff, 0xff, 0xff, 0xff, 0xc0, 0x3f, 0xff, 0xff,
    0xff, 0xfc, 0x3, 0xff, 0xff, 0xff, 0xff, 0xc0,
    0x3f, 0xff, 0xff, 0xff, 0xfc, 0x3, 0xff, 0xff,
    0xff, 0xff, 0xc0, 0x3f, 0xff, 0xff, 0xff, 0xfc,
    0x3, 0xff, 0xff, 0xff, 0xff, 0xc0, 0x3f, 0xff,
    0xff, 0xff, 0xfc, 0x3, 0xff, 0xff, 0xff, 0xff,
    0xc0, 0x3f, 0xff, 0xff, 0xff, 0xfc, 0x3, 0xff,
    0xff, 0xff, 0xff, 0xe0, 0x7f, 0xff, 0xff, 0xff,
    0xfe, 0x7, 0xff, 0xff, 0xff, 0xff, 0xf0, 0xff,
    0xff, 0xff, 0xff, 0xff, 0xff, 0xff, 0xfe, 0xff,
    0xff, 0xff, 0xff, 0xff, 0xef, 0xff, 0xff, 0xff,
    0xff, 0xfe, 0xff, 0xff, 0xff, 0xff, 0xff, 0xef,
    0xff, 0xff, 0xff, 0xff, 0xfc, 0xff, 0xff, 0xff,
    0xff, 0xff, 0xcf, 0xff, 0xfd, 0xff, 0xff, 0xf8,
    0xff, 0xff, 0xdf, 0xff, 0xff, 0x8f, 0xff, 0xfc,
    0xff, 0xff, 0xf0, 0xff, 0xff, 0xcf, 0xff, 0xff,
    0xf, 0xff, 0xfc, 0x7f, 0xff, 0xe0, 0xff, 0xff,
    0xc3, 0xff, 0xfc, 0xf, 0xff, 0xfc, 0x1f, 0xff,
    0x0, 0x0, 0x0, 0x0, 0x3f, 0x80, 0x0,

    /* U+0063 "c" */
    0x0, 0x0, 0xff, 0xf0, 0x0, 0x0, 0x0, 0xff,
    0xff, 0xf0, 0x0, 0x0, 0x3f, 0xff, 0xff, 0xc0,
    0x0, 0xf, 0xff, 0xff, 0xff, 0x0, 0x1, 0xff,
    0xff, 0xff, 0xfc, 0x0, 0x3f, 0xff, 0xff, 0xff,
    0xe0, 0x7, 0xff, 0xff, 0xff, 0xff, 0x0, 0xff,
    0xff, 0xff, 0xff, 0xf8, 0xf, 0xff, 0xff, 0xff,
    0xff, 0x81, 0xff, 0xff, 0xff, 0xff, 0xfc, 0x1f,
    0xff, 0xff, 0xff, 0xff, 0xc3, 0xff, 0xff, 0xff,
    0xff, 0xfe, 0x3f, 0xff, 0xff, 0xff, 0xff, 0xe3,
    0xff, 0xff, 0xf, 0xff, 0xfe, 0x7f, 0xff, 0xe0,
    0x7f, 0xff, 0xf7, 0xff, 0xfe, 0x3, 0xff, 0xff,
    0x7f, 0xff, 0xc0, 0x3f, 0xff, 0xf7, 0xff, 0xfc,
    0x3, 0xff, 0xff, 0x7f, 0xff, 0xc0, 0x3f, 0xff,
    0xff, 0xff, 0xfc, 0x3, 0xff, 0xff, 0xff, 0xff,
    0xc0, 0x3f, 0xff, 0xff, 0xff, 0xfc, 0x3, 0xff,
    0xff, 0xff, 0xff, 0xc0, 0x3f, 0xff, 0xff, 0xff,
    0xfc, 0x3, 0xff, 0xff, 0xff, 0xff, 0xc0, 0x3f,
    0xff, 0xff, 0xff, 0xfc, 0x3, 0xff, 0xff, 0xff,
    0xff, 0xc0, 0x3f, 0xff, 0xff, 0xff, 0xfc, 0x3,
    0xff, 0xff, 0xff, 0xff, 0xc0, 0x3f, 0xff, 0xff,
    0xff, 0xfc, 0x3, 0xff, 0xff, 0xff, 0xff, 0xc0,
    0x0, 0x0, 0xf, 0xff, 0xfc, 0x0, 0x0, 0x0,
    0xff, 0xff, 0xc0, 0x0, 0x0, 0xf, 0xff, 0xfc,
    0x0, 0x0, 0x0, 0xff, 0xff, 0xc0, 0x0, 0x0,
    0xf, 0xff, 0xfc, 0x0, 0x0, 0x0, 0xff, 0xff,
    0xc0, 0x0, 0x0, 0xf, 0xff, 0xfc, 0x0, 0x0,
    0x0, 0xff, 0xff, 0xc0, 0x0, 0x0, 0xf, 0xff,
    0xfc, 0x0, 0x0, 0x0, 0xff, 0xff, 0xc0, 0x0,
    0x0, 0xf, 0xff, 0xfc, 0x0, 0x0, 0x0, 0xff,
    0xff, 0xc0, 0x0, 0x0, 0xf, 0xff, 0xfc, 0x3,
    0xff, 0xff, 0xff, 0xff, 0xc0, 0x3f, 0xff, 0xff,
    0xff, 0xfc, 0x3, 0xff, 0xff, 0xff, 0xff, 0xc0,
    0x3f, 0xff, 0xff, 0xff, 0xfc, 0x3, 0xff, 0xff,
    0xff, 0xff, 0xc0, 0x3f, 0xff, 0xff, 0xff, 0xfc,
    0x3, 0xff, 0xff, 0xff, 0xff, 0xc0, 0x3f, 0xff,
    0xff, 0xff, 0xfc, 0x3, 0xff, 0xff, 0xff, 0xff,
    0xc0, 0x3f, 0xff, 0xff, 0xff, 0xfc, 0x3, 0xff,
    0xff, 0xff, 0xff, 0xc0, 0x3f, 0xff, 0xff, 0xff,
    0xfc, 0x3, 0xff, 0xff, 0xff, 0xff, 0xc0, 0x3f,
    0xff, 0xf7, 0xff, 0xfc, 0x3, 0xff, 0xff, 0x7f,
    0xff, 0xc0, 0x3f, 0xff, 0xf7, 0xff, 0xfe, 0x7,
    0xff, 0xff, 0x7f, 0xff, 0xe0, 0x7f, 0xff, 0xf7,
    0xff, 0xff, 0xf, 0xff, 0xfe, 0x3f, 0xff, 0xff,
    0xff, 0xff, 0xe3, 0xff, 0xff, 0xff, 0xff, 0xfe,
    0x1f, 0xff, 0xff, 0xff, 0xff, 0xc1, 0xff, 0xff,
    0xff, 0xff, 0xfc, 0xf, 0xff, 0xff, 0xff, 0xff,
    0x80, 0xff, 0xff, 0xff, 0xff, 0xf0, 0x7, 0xff,
    0xff, 0xff, 0xfe, 0x0, 0x3f, 0xff, 0xff, 0xff,
    0xc0, 0x1, 0xff, 0xff, 0xff, 0xf8, 0x0, 0xf,
    0xff, 0xff, 0xff, 0x0, 0x0, 0x3f, 0xff, 0xff,
    0xc0, 0x0, 0x0, 0xff, 0xff, 0xf0, 0x0, 0x0,
    0x0, 0xff, 0xf0, 0x0, 0x0,

    /* U+0064 "d" */
    0x0, 0x0, 0x0, 0x3f, 0xff, 0xf0, 0x0, 0x0,
    0x3, 0xff, 0xff, 0x0, 0x0, 0x0, 0x3f, 0xff,
    0xf0, 0x0, 0x0, 0x3, 0xff, 0xff, 0x0, 0x0,
    0x0, 0x3f, 0xff, 0xf0, 0x0, 0x0, 0x3, 0xff,
    0xff, 0x0, 0x0, 0x0, 0x3f, 0xff, 0xf0, 0x0,
    0x0, 0x3, 0xff, 0xff, 0x0, 0x0, 0x0, 0x3f,
    0xff, 0xf0, 0x0, 0x0, 0x3, 0xff, 0xff, 0x0,
    0x0, 0x0, 0x3f, 0xff, 0xf0, 0x0, 0x0, 0x3,
    0xff, 0xff, 0x0, 0x3f, 0x80, 0x3f, 0xff, 0xf0,
    0x1f, 0xff, 0x3, 0xff, 0xff, 0x7, 0xff, 0xfc,
    0x3f, 0xff, 0xf0, 0xff, 0xff, 0xe3, 0xff, 0xff,
    0xf, 0xff, 0xff, 0x3f, 0xff, 0xf1, 0xff, 0xff,
    0xf3, 0xff, 0xff, 0x3f, 0xff, 0xff, 0xbf, 0xff,
    0xf3, 0xff, 0xff, 0xfb, 0xff, 0xff, 0x3f, 0xff,
    0xff, 0xff, 0xff, 0xf7, 0xff, 0xff, 0xff, 0xff,
    0xff, 0x7f, 0xff, 0xff, 0xff, 0xff, 0xf7, 0xff,
    0xff, 0xff, 0xff, 0xff, 0xff, 0xff, 0xff, 0xff,
    0xff, 0xff, 0xff, 0xff, 0xff, 0xff, 0xff, 0xff,
    0xff, 0xf0, 0xff, 0xff, 0xff, 0xff, 0xfe, 0x7,
    0xff, 0xff, 0xff, 0xff, 0xe0, 0x7f, 0xff, 0xff,
    0xff, 0xfc, 0x3, 0xff, 0xff, 0xff, 0xff, 0xc0,
    0x3f, 0xff, 0xff, 0xff, 0xfc, 0x3, 0xff, 0xff,
    0xff, 0xff, 0xc0, 0x3f, 0xff, 0xff, 0xff, 0xfc,
    0x3, 0xff, 0xff, 0xff, 0xff, 0xc0, 0x3f, 0xff,
    0xff, 0xff, 0xfc, 0x3, 0xff, 0xff, 0xff, 0xff,
    0xc0, 0x3f, 0xff, 0xff, 0xff, 0xfc, 0x3, 0xff,
    0xff, 0xff, 0xff, 0xc0, 0x3f, 0xff, 0xff, 0xff,
    0xfc, 0x3, 0xff, 0xff, 0xff, 0xff, 0xc0, 0x3f,
    0xff, 0xff, 0xff, 0xfc, 0x3, 0xff, 0xff, 0xff,
    0xff, 0xc0, 0x3f, 0xff, 0xff, 0xff, 0xfc, 0x3,
    0xff, 0xff, 0xff, 0xff, 0xc0, 0x3f, 0xff, 0xff,
    0xff, 0xfc, 0x3, 0xff, 0xff, 0xff, 0xff, 0xc0,
    0x3f, 0xff, 0xff, 0xff, 0xfc, 0x3, 0xff, 0xff,
    0xff, 0xff, 0xc0, 0x3f, 0xff, 0xff, 0xff, 0xfc,
    0x3, 0xff, 0xff, 0xff, 0xff, 0xc0, 0x3f, 0xff,
    0xff, 0xff, 0xfc, 0x3, 0xff, 0xff, 0xff, 0xff,
    0xc0, 0x3f, 0xff, 0xff, 0xff, 0xfc, 0x3, 0xff,
    0xff, 0xff, 0xff, 0xc0, 0x3f, 0xff, 0xff, 0xff,
    0xfc, 0x3, 0xff, 0xff, 0xff, 0xff, 0xc0, 0x3f,
    0xff, 0xff, 0xff, 0xfc, 0x3, 0xff, 0xff, 0xff,
    0xff, 0xc0, 0x3f, 0xff, 0xff, 0xff, 0xfc, 0x3,
    0xff, 0xff, 0xff, 0xff, 0xc0, 0x3f, 0xff, 0xff,
    0xff, 0xfc, 0x3, 0xff, 0xff, 0xff, 0xff, 0xc0,
    0x3f, 0xff, 0xff, 0xff, 0xfc, 0x3, 0xff, 0xff,
    0xff, 0xff, 0xc0, 0x3f, 0xff, 0xff, 0xff, 0xfc,
    0x3, 0xff, 0xff, 0xff, 0xff, 0xc0, 0x3f, 0xff,
    0xff, 0xff, 0xfc, 0x3, 0xff, 0xff, 0xff, 0xff,
    0xc0, 0x3f, 0xff, 0xff, 0xff, 0xfc, 0x3, 0xff,
    0xff, 0xff, 0xff, 0xe0, 0x3f, 0xff, 0xff, 0xff,
    0xfe, 0x7, 0xff, 0xff, 0xff, 0xff, 0xe0, 0x7f,
    0xff, 0xf7, 0xff, 0xff, 0xf, 0xff, 0xff, 0x7f,
    0xff, 0xff, 0xff, 0xff, 0xf7, 0xff, 0xff, 0xff,
    0xff, 0xff, 0x7f, 0xff, 0xff, 0xff, 0xff, 0xf7,
    0xff, 0xff, 0xff, 0xff, 0xff, 0x3f, 0xff, 0xff,
    0xff, 0xff, 0xf3, 0xff, 0xff, 0xff, 0xff, 0xff,
    0x1f, 0xff, 0xff, 0xbf, 0xff, 0xf1, 0xff, 0xff,
    0xfb, 0xff, 0xff, 0xf, 0xff, 0xff, 0x3f, 0xff,
    0xf0, 0x7f, 0xff, 0xe3, 0xff, 0xff, 0x3, 0xff,
    0xfc, 0x3f, 0xff, 0xf0, 0x1f, 0xff, 0x83, 0xff,
    0xff, 0x0, 0x3f, 0xe0, 0x0, 0x0, 0x0,

    /* U+0065 "e" */
    0x0, 0x0, 0xff, 0xf0, 0x0, 0x0, 0x1, 0xff,
    0xff, 0xe0, 0x0, 0x0, 0xff, 0xff, 0xff, 0x0,
    0x0, 0x7f, 0xff, 0xff, 0xf8, 0x0, 0x1f, 0xff,
    0xff, 0xff, 0x80, 0x7, 0xff, 0xff, 0xff, 0xf8,
    0x1, 0xff, 0xff, 0xff, 0xff, 0x80, 0x7f, 0xff,
    0xff, 0xff, 0xf8, 0x1f, 0xff, 0xff, 0xff, 0xff,
    0x7, 0xff, 0xff, 0xff, 0xff, 0xf0, 0xff, 0xff,
    0xff, 0xff, 0xfe, 0x1f, 0xff, 0xff, 0xff, 0xff,
    0xe7, 0xff, 0xff, 0xff, 0xff, 0xfc, 0xff, 0xff,
    0xe3, 0xff, 0xff, 0x9f, 0xff, 0xf8, 0x3f, 0xff,
    0xf7, 0xff, 0xff, 0x7, 0xff, 0xff, 0xff, 0xff,
    0xc0, 0x7f, 0xff, 0xff, 0xff, 0xf8, 0xf, 0xff,
    0xff, 0xff, 0xff, 0x1, 0xff, 0xff, 0xff, 0xff,
    0xe0, 0x3f, 0xff, 0xff, 0xff, 0xfc, 0x7, 0xff,
    0xff, 0xff, 0xff, 0x80, 0xff, 0xff, 0xff, 0xff,
    0xf0, 0x1f, 0xff, 0xff, 0xff, 0xfe, 0x3, 0xff,
    0xff, 0xff, 0xff, 0xc0, 0x7f, 0xff, 0xff, 0xff,
    0xf8, 0xf, 0xff, 0xff, 0xff, 0xff, 0x1, 0xff,
    0xff, 0xff, 0xff, 0xe0, 0x3f, 0xff, 0xff, 0xff,
    0xfc, 0x7, 0xff, 0xff, 0xff, 0xff, 0x80, 0xff,
    0xff, 0xff, 0xff, 0xf0, 0x1f, 0xff, 0xff, 0xff,
    0xff, 0xff, 0xff, 0xff, 0xff, 0xff, 0xff, 0xff,
    0xff, 0xff, 0xff, 0xff, 0xff, 0xff, 0xff, 0xff,
    0xff, 0xff, 0xff, 0xff, 0xff, 0xff, 0xff, 0xff,
    0xff, 0xff, 0xff, 0xff, 0xff, 0xff, 0xff, 0xff,
    0xff, 0xff, 0xff, 0xff, 0xff, 0xff, 0xff, 0xff,
    0xff, 0xff, 0xff, 0xfe, 0x0, 0x0, 0x0, 0xff,
    0xff, 0xc0, 0x0, 0x0, 0x1f, 0xff, 0xf8, 0x0,
    0x0, 0x3, 0xff, 0xff, 0x0, 0x0, 0x0, 0x7f,
    0xff, 0xe0, 0x0, 0x0, 0xf, 0xff, 0xfc, 0x0,
    0x0, 0x1, 0xff, 0xff, 0x80, 0x0, 0x0, 0x3f,
    0xff, 0xf0, 0x1f, 0xff, 0xff, 0xff, 0xfe, 0x3,
    0xff, 0xff, 0xff, 0xff, 0xc0, 0x7f, 0xff, 0xff,
    0xff, 0xf8, 0xf, 0xff, 0xff, 0xff, 0xff, 0x1,
    0xff, 0xff, 0xff, 0xff, 0xe0, 0x3f, 0xff, 0xff,
    0xff, 0xfc, 0x7, 0xff, 0xff, 0xff, 0xff, 0x80,
    0xff, 0xff, 0xff, 0xff, 0xf0, 0x1f, 0xff, 0xff,
    0xff, 0xfe, 0x3, 0xff, 0xff, 0xff, 0xff, 0xc0,
    0x7f, 0xff, 0xff, 0xff, 0xf8, 0xf, 0xff, 0xfd,
    0xff, 0xff, 0x1, 0xff, 0xff, 0x3f, 0xff, 0xf0,
    0x7f, 0xff, 0xe7, 0xff, 0xfe, 0xf, 0xff, 0xfc,
    0xff, 0xff, 0xe3, 0xff, 0xff, 0x8f, 0xff, 0xff,
    0xff, 0xff, 0xe1, 0xff, 0xff, 0xff, 0xff, 0xfc,
    0x3f, 0xff, 0xff, 0xff, 0xff, 0x83, 0xff, 0xff,
    0xff, 0xff, 0xe0, 0x7f, 0xff, 0xff, 0xff, 0xfc,
    0x7, 0xff, 0xff, 0xff, 0xff, 0x0, 0x7f, 0xff,
    0xff, 0xff, 0xc0, 0x7, 0xff, 0xff, 0xff, 0xf8,
    0x0, 0x7f, 0xff, 0xff, 0xfe, 0x0, 0x7, 0xff,
    0xff, 0xff, 0x0, 0x0, 0x7f, 0xff, 0xff, 0xc0,
    0x0, 0x3, 0xff, 0xff, 0xc0, 0x0, 0x0, 0x7,
    0xff, 0xc0, 0x0, 0x0,

    /* U+0066 "f" */
    0x0, 0x1f, 0xf8, 0x0, 0xff, 0xff, 0x3, 0xff,
    0xff, 0x7, 0xff, 0xff, 0x7, 0xff, 0xff, 0xf,
    0xff, 0xff, 0xf, 0xff, 0xff, 0x1f, 0xff, 0xff,
    0x1f, 0xff, 0xff, 0x1f, 0xff, 0xff, 0x1f, 0xff,
    0xff, 0x1f, 0xff, 0xff, 0x1f, 0xff, 0xf8, 0x1f,
    0xff, 0xf8, 0x1f, 0xff, 0xf8, 0x1f, 0xff, 0xf8,
    0x1f, 0xff, 0xf8, 0xff, 0xff, 0xff, 0xff, 0xff,
    0xff, 0xff, 0xff, 0xff, 0xff, 0xff, 0xff, 0xff,
    0xff, 0xff, 0xff, 0xff, 0xff, 0xff, 0xff, 0xff,
    0xff, 0xff, 0xff, 0xff, 0xff, 0xff, 0xff, 0xff,
    0xff, 0xff, 0xff, 0xff, 0xff, 0xff, 0xff, 0xff,
    0xff, 0xff, 0x1f, 0xff, 0xf8, 0x1f, 0xff, 0xf8,
    0x1f, 0xff, 0xf8, 0x1f, 0xff, 0xf8, 0x1f, 0xff,
    0xf8, 0x1f, 0xff, 0xf8, 0x1f, 0xff, 0xf8, 0x1f,
    0xff, 0xf8, 0x1f, 0xff, 0xf8, 0x1f, 0xff, 0xf8,
    0x1f, 0xff, 0xf8, 0x1f, 0xff, 0xf8, 0x1f, 0xff,
    0xf8, 0x1f, 0xff, 0xf8, 0x1f, 0xff, 0xf8, 0x1f,
    0xff, 0xf8, 0x1f, 0xff, 0xf8, 0x1f, 0xff, 0xf8,
    0x1f, 0xff, 0xf8, 0x1f, 0xff, 0xf8, 0x1f, 0xff,
    0xf8, 0x1f, 0xff, 0xf8, 0x1f, 0xff, 0xf8, 0x1f,
    0xff, 0xf8, 0x1f, 0xff, 0xf8, 0x1f, 0xff, 0xf8,
    0x1f, 0xff, 0xf8, 0x1f, 0xff, 0xf8, 0x1f, 0xff,
    0xf8, 0x1f, 0xff, 0xf8, 0x1f, 0xff, 0xf8, 0x1f,
    0xff, 0xf8, 0x1f, 0xff, 0xf8, 0x1f, 0xff, 0xf8,
    0x1f, 0xff, 0xf8, 0x1f, 0xff, 0xf8, 0x1f, 0xff,
    0xf8, 0x1f, 0xff, 0xf8, 0x1f, 0xff, 0xf8, 0x1f,
    0xff, 0xf8, 0x1f, 0xff, 0xf8, 0x1f, 0xff, 0xf8,
    0x1f, 0xff, 0xf8, 0x1f, 0xff, 0xf8, 0x1f, 0xff,
    0xf8, 0x1f, 0xff, 0xf8, 0x1f, 0xff, 0xf8, 0x1f,
    0xff, 0xf8, 0x1f, 0xff, 0xf8, 0x1f, 0xff, 0xf8,
    0x1f, 0xff, 0xf8, 0x1f, 0xff, 0xf8, 0x1f, 0xff,
    0xf8, 0x1f, 0xff, 0xf8, 0x1f, 0xff, 0xf8, 0x1f,
    0xff, 0xf8, 0x1f, 0xff, 0xf8,

    /* U+0067 "g" */
    0x0, 0x1f, 0xf0, 0x0, 0x0, 0x0, 0x7, 0xff,
    0xe0, 0xff, 0xff, 0xc0, 0x7f, 0xff, 0x87, 0xff,
    0xfe, 0x7, 0xff, 0xfe, 0x3f, 0xff, 0xf0, 0x7f,
    0xff, 0xf9, 0xff, 0xff, 0x87, 0xff, 0xff, 0xef,
    0xff, 0xfc, 0x7f, 0xff, 0xff, 0x7f, 0xff, 0xe3,
    0xff, 0xff, 0xff, 0xff, 0xff, 0x1f, 0xff, 0xff,
    0xff, 0xff, 0xf9, 0xff, 0xff, 0xff, 0xff, 0xff,
    0xcf, 0xff, 0xff, 0xff, 0xff, 0xfe, 0x7f, 0xff,
    0xff, 0xff, 0xff, 0xf3, 0xff, 0xff, 0xff, 0xff,
    0xff, 0xbf, 0xff, 0xfc, 0x7f, 0xff, 0xfd, 0xff,
    0xff, 0xc1, 0xff, 0xff, 0xef, 0xff, 0xfc, 0x7,
    0xff, 0xff, 0x7f, 0xff, 0xe0, 0x3f, 0xff, 0xfb,
    0xff, 0xff, 0x0, 0xff, 0xff, 0xdf, 0xff, 0xf8,
    0x7, 0xff, 0xfe, 0xff, 0xff, 0xc0, 0x3f, 0xff,
    0xf7, 0xff, 0xfe, 0x1, 0xff, 0xff, 0xbf, 0xff,
    0xf0, 0xf, 0xff, 0xfd, 0xff, 0xff, 0x80, 0x7f,
    0xff, 0xef, 0xff, 0xfc, 0x3, 0xff, 0xff, 0x7f,
    0xff, 0xe0, 0x1f, 0xff, 0xfb, 0xff, 0xff, 0x0,
    0xff, 0xff, 0xdf, 0xff, 0xf8, 0x7, 0xff, 0xfe,
    0xff, 0xff, 0xc0, 0x3f, 0xff, 0xf7, 0xff, 0xfe,
    0x1, 0xff, 0xff, 0xbf, 0xff, 0xf0, 0xf, 0xff,
    0xfd, 0xff, 0xff, 0x80, 0x7f, 0xff, 0xef, 0xff,
    0xfc, 0x3, 0xff, 0xff, 0x7f, 0xff, 0xe0, 0x1f,
    0xff, 0xfb, 0xff, 0xff, 0x0, 0xff, 0xff, 0xdf,
    0xff, 0xf8, 0x7, 0xff, 0xfe, 0xff, 0xff, 0xc0,
    0x3f, 0xff, 0xf7, 0xff, 0xfe, 0x1, 0xff, 0xff,
    0xbf, 0xff, 0xf0, 0xf, 0xff, 0xfd, 0xff, 0xff,
    0x80, 0x7f, 0xff, 0xef, 0xff, 0xfc, 0x3, 0xff,
    0xff, 0x7f, 0xff, 0xe0, 0x1f, 0xff, 0xfb, 0xff,
    0xff, 0x0, 0xff, 0xff, 0xdf, 0xff, 0xf8, 0x7,
    0xff, 0xfe, 0xff, 0xff, 0xc0, 0x3f, 0xff, 0xf7,
    0xff, 0xfe, 0x1, 0xff, 0xff, 0xbf, 0xff, 0xf0,
    0xf, 0xff, 0xfd, 0xff, 0xff, 0x80, 0x7f, 0xff,
    0xef, 0xff, 0xfc, 0x3, 0xff, 0xff, 0x7f, 0xff,
    0xe0, 0x1f, 0xff, 0xfb, 0xff, 0xff, 0x81, 0xff,
    0xff, 0xdf, 0xff, 0xfc, 0xf, 0xff, 0xfe, 0xff,
    0xff, 0xf0, 0xff, 0xff, 0xf3, 0xff, 0xff, 0xff,
    0xff, 0xff, 0x9f, 0xff, 0xff, 0xff, 0xff, 0xfc,
    0xff, 0xff, 0xff, 0xff, 0xff, 0xe7, 0xff, 0xff,
    0xff, 0xff, 0xff, 0x1f, 0xff, 0xff, 0xff, 0xff,
    0xf8, 0xff, 0xff, 0xff, 0xff, 0xff, 0xc3, 0xff,
    0xff, 0xff, 0xff, 0xfe, 0x1f, 0xff, 0xff, 0xbf,
    0xff, 0xf0, 0x7f, 0xff, 0xfd, 0xff, 0xff, 0x81,
    0xff, 0xff, 0xcf, 0xff, 0xfc, 0x7, 0xff, 0xfc,
    0x7f, 0xff, 0xe0, 0xf, 0xff, 0xc3, 0xff, 0xff,
    0x0, 0x1f, 0xf0, 0x1f, 0xff, 0xf8, 0x0, 0x0,
    0x0, 0xff, 0xff, 0xc0, 0x0, 0x0, 0x7, 0xff,
    0xfe, 0x0, 0x0, 0x0, 0x3f, 0xff, 0xf0, 0x0,
    0x0, 0x3, 0xff, 0xff, 0x80, 0x0, 0x0, 0x1f,
    0xff, 0xfc, 0x0, 0x0, 0x0, 0xff, 0xff, 0xc0,
    0xe0, 0x0, 0xf, 0xff, 0xfe, 0x7, 0xc0, 0x0,
    0xff, 0xff, 0xf0, 0x7f, 0xe0, 0x1f, 0xff, 0xff,
    0x87, 0xff, 0xff, 0xff, 0xff, 0xfc, 0x3f, 0xff,
    0xff, 0xff, 0xff, 0xc3, 0xff, 0xff, 0xff, 0xff,
    0xfe, 0x1f, 0xff, 0xff, 0xff, 0xff, 0xe1, 0xff,
    0xff, 0xff, 0xff, 0xff, 0x1f, 0xff, 0xff, 0xff,
    0xff, 0xf0, 0xff, 0xff, 0xff, 0xff, 0xff, 0x3,
    0xff, 0xff, 0xff, 0xff, 0xf0, 0xf, 0xff, 0xff,
    0xff, 0xff, 0x0, 0x1f, 0xff, 0xff, 0xff, 0xf0,
    0x0, 0x7f, 0xff, 0xff, 0xfe, 0x0, 0x0, 0x7f,
    0xff, 0xff, 0x80, 0x0, 0x0, 0x3f, 0xff, 0xc0,
    0x0, 0x0,

    /* U+0068 "h" */
    0xff, 0xff, 0xc0, 0x0, 0x0, 0xf, 0xff, 0xfc,
    0x0, 0x0, 0x0, 0xff, 0xff, 0xc0, 0x0, 0x0,
    0xf, 0xff, 0xfc, 0x0, 0x0, 0x0, 0xff, 0xff,
    0xc0, 0x0, 0x0, 0xf, 0xff, 0xfc, 0x0, 0x0,
    0x0, 0xff, 0xff, 0xc0, 0x0, 0x0, 0xf, 0xff,
    0xfc, 0x0, 0x0, 0x0, 0xff, 0xff, 0xc0, 0x0,
    0x0, 0xf, 0xff, 0xfc, 0x0, 0x0, 0x0, 0xff,
    0xff, 0xc0, 0x0, 0x0, 0xf, 0xff, 0xfc, 0x0,
    0x0, 0x0, 0xff, 0xff, 0xc0, 0x3f, 0xc0, 0xf,
    0xff, 0xfc, 0x1f, 0xff, 0x80, 0xff, 0xff, 0xc3,
    0xff, 0xfc, 0xf, 0xff, 0xfc, 0x7f, 0xff, 0xe0,
    0xff, 0xff, 0xcf, 0xff, 0xff, 0xf, 0xff, 0xfd,
    0xff, 0xff, 0xf8, 0xff, 0xff, 0xdf, 0xff, 0xff,
    0xcf, 0xff, 0xff, 0xff, 0xff, 0xfc, 0xff, 0xff,
    0xff, 0xff, 0xff, 0xcf, 0xff, 0xff, 0xff, 0xff,
    0xfe, 0xff, 0xff, 0xff, 0xff, 0xff, 0xef, 0xff,
    0xff, 0xff, 0xff, 0xfe, 0xff, 0xff, 0xff, 0xff,
    0xff, 0xff, 0xff, 0xff, 0x9f, 0xff, 0xff, 0xff,
    0xff, 0xe0, 0x7f, 0xff, 0xff, 0xff, 0xfe, 0x7,
    0xff, 0xff, 0xff, 0xff, 0xc0, 0x3f, 0xff, 0xff,
    0xff, 0xfc, 0x3, 0xff, 0xff, 0xff, 0xff, 0xc0,
    0x3f, 0xff, 0xff, 0xff, 0xfc, 0x3, 0xff, 0xff,
    0xff, 0xff, 0xc0, 0x3f, 0xff, 0xff, 0xff, 0xfc,
    0x3, 0xff, 0xff, 0xff, 0xff, 0xc0, 0x3f, 0xff,
    0xff, 0xff, 0xfc, 0x3, 0xff, 0xff, 0xff, 0xff,
    0xc0, 0x3f, 0xff, 0xff, 0xff, 0xfc, 0x3, 0xff,
    0xff, 0xff, 0xff, 0xc0, 0x3f, 0xff, 0xff, 0xff,
    0xfc, 0x3, 0xff, 0xff, 0xff, 0xff, 0xc0, 0x3f,
    0xff, 0xff, 0xff, 0xfc, 0x3, 0xff, 0xff, 0xff,
    0xff, 0xc0, 0x3f, 0xff, 0xff, 0xff, 0xfc, 0x3,
    0xff, 0xff, 0xff, 0xff, 0xc0, 0x3f, 0xff, 0xff,
    0xff, 0xfc, 0x3, 0xff, 0xff, 0xff, 0xff, 0xc0,
    0x3f, 0xff, 0xff, 0xff, 0xfc, 0x3, 0xff, 0xff,
    0xff, 0xff, 0xc0, 0x3f, 0xff, 0xff, 0xff, 0xfc,
    0x3, 0xff, 0xff, 0xff, 0xff, 0xc0, 0x3f, 0xff,
    0xff, 0xff, 0xfc, 0x3, 0xff, 0xff, 0xff, 0xff,
    0xc0, 0x3f, 0xff, 0xff, 0xff, 0xfc, 0x3, 0xff,
    0xff, 0xff, 0xff, 0xc0, 0x3f, 0xff, 0xff, 0xff,
    0xfc, 0x3, 0xff, 0xff, 0xff, 0xff, 0xc0, 0x3f,
    0xff, 0xff, 0xff, 0xfc, 0x3, 0xff, 0xff, 0xff,
    0xff, 0xc0, 0x3f, 0xff, 0xff, 0xff, 0xfc, 0x3,
    0xff, 0xff, 0xff, 0xff, 0xc0, 0x3f, 0xff, 0xff,
    0xff, 0xfc, 0x3, 0xff, 0xff, 0xff, 0xff, 0xc0,
    0x3f, 0xff, 0xff, 0xff, 0xfc, 0x3, 0xff, 0xff,
    0xff, 0xff, 0xc0, 0x3f, 0xff, 0xff, 0xff, 0xfc,
    0x3, 0xff, 0xff, 0xff, 0xff, 0xc0, 0x3f, 0xff,
    0xff, 0xff, 0xfc, 0x3, 0xff, 0xff, 0xff, 0xff,
    0xc0, 0x3f, 0xff, 0xff, 0xff, 0xfc, 0x3, 0xff,
    0xff, 0xff, 0xff, 0xc0, 0x3f, 0xff, 0xff, 0xff,
    0xfc, 0x3, 0xff, 0xff, 0xff, 0xff, 0xc0, 0x3f,
    0xff, 0xff, 0xff, 0xfc, 0x3, 0xff, 0xff, 0xff,
    0xff, 0xc0, 0x3f, 0xff, 0xff, 0xff, 0xfc, 0x3,
    0xff, 0xff, 0xff, 0xff, 0xc0, 0x3f, 0xff, 0xff,
    0xff, 0xfc, 0x3, 0xff, 0xff, 0xff, 0xff, 0xc0,
    0x3f, 0xff, 0xff, 0xff, 0xfc, 0x3, 0xff, 0xff,
    0xff, 0xff, 0xc0, 0x3f, 0xff, 0xff, 0xff, 0xfc,
    0x3, 0xff, 0xff, 0xff, 0xff, 0xc0, 0x3f, 0xff,
    0xff, 0xff, 0xfc, 0x3, 0xff, 0xff, 0xff, 0xff,
    0xc0, 0x3f, 0xff, 0xff, 0xff, 0xfc, 0x3, 0xff,
    0xff,

    /* U+0069 "i" */
    0xff, 0xff, 0xff, 0xff, 0xff, 0xff, 0xff, 0xff,
    0xff, 0xff, 0xff, 0xff, 0xff, 0xff, 0xff, 0xff,
    0xff, 0xff, 0xff, 0xff, 0xff, 0xff, 0xff, 0xff,
    0xff, 0xff, 0xff, 0xff, 0xff, 0xff, 0xff, 0xf0,
    0x0, 0x0, 0x0, 0x0, 0x0, 0x0, 0x0, 0x0,
    0x0, 0x0, 0x3, 0xff, 0xff, 0xff, 0xff, 0xff,
    0xff, 0xff, 0xff, 0xff, 0xff, 0xff, 0xff, 0xff,
    0xff, 0xff, 0xff, 0xff, 0xff, 0xff, 0xff, 0xff,
    0xff, 0xff, 0xff, 0xff, 0xff, 0xff, 0xff, 0xff,
    0xff, 0xff, 0xff, 0xff, 0xff, 0xff, 0xff, 0xff,
    0xff, 0xff, 0xff, 0xff, 0xff, 0xff, 0xff, 0xff,
    0xff, 0xff, 0xff, 0xff, 0xff, 0xff, 0xff, 0xff,
    0xff, 0xff, 0xff, 0xff, 0xff, 0xff, 0xff, 0xff,
    0xff, 0xff, 0xff, 0xff, 0xff, 0xff, 0xff, 0xff,
    0xff, 0xff, 0xff, 0xff, 0xff, 0xff, 0xff, 0xff,
    0xff, 0xff, 0xff, 0xff, 0xff, 0xff, 0xff, 0xff,
    0xff, 0xff, 0xff, 0xff, 0xff, 0xff, 0xff, 0xff,
    0xff, 0xff, 0xff, 0xff, 0xff, 0xff, 0xff, 0xff,
    0xff, 0xff, 0xff, 0xff, 0xff, 0xff, 0xff, 0xff,
    0xff, 0xff, 0xff, 0xff, 0xff, 0xff, 0xff, 0xff,
    0xff, 0xff, 0xff, 0xff, 0xff, 0xff, 0xff, 0xff,
    0xff, 0xff, 0xff, 0xff, 0xff, 0xff, 0xff, 0xff,
    0xff, 0xff, 0xff, 0xff, 0xff, 0xff, 0xff, 0xff,
    0xff, 0xff, 0xff, 0xff, 0xff, 0xff, 0xff, 0xff,
    0xff, 0xff, 0xff, 0xff, 0xff, 0xff, 0xff, 0xff,
    0xff, 0xff, 0xff, 0xff, 0xff, 0xff, 0xff,

    /* U+006A "j" */
    0xf, 0xff, 0xfc, 0x3f, 0xff, 0xf0, 0xff, 0xff,
    0xc3, 0xff, 0xff, 0xf, 0xff, 0xfc, 0x3f, 0xff,
    0xf0, 0xff, 0xff, 0xc3, 0xff, 0xff, 0xf, 0xff,
    0xfc, 0x3f, 0xff, 0xf0, 0xff, 0xff, 0xc3, 0xff,
    0xff, 0xf, 0xff, 0xfc, 0x3f, 0xff, 0xf0, 0x0,
    0x0, 0x0, 0x0, 0x0, 0x0, 0x0, 0x0, 0x0,
    0x0, 0x0, 0xff, 0xff, 0xc3, 0xff, 0xff, 0xf,
    0xff, 0xfc, 0x3f, 0xff, 0xf0, 0xff, 0xff, 0xc3,
    0xff, 0xff, 0xf, 0xff, 0xfc, 0x3f, 0xff, 0xf0,
    0xff, 0xff, 0xc3, 0xff, 0xff, 0xf, 0xff, 0xfc,
    0x3f, 0xff, 0xf0, 0xff, 0xff, 0xc3, 0xff, 0xff,
    0xf, 0xff, 0xfc, 0x3f, 0xff, 0xf0, 0xff, 0xff,
    0xc3, 0xff, 0xff, 0xf, 0xff, 0xfc, 0x3f, 0xff,
    0xf0, 0xff, 0xff, 0xc3, 0xff, 0xff, 0xf, 0xff,
    0xfc, 0x3f, 0xff, 0xf0, 0xff, 0xff, 0xc3, 0xff,
    0xff, 0xf, 0xff, 0xfc, 0x3f, 0xff, 0xf0, 0xff,
    0xff, 0xc3, 0xff, 0xff, 0xf, 0xff, 0xfc, 0x3f,
    0xff, 0xf0, 0xff, 0xff, 0xc3, 0xff, 0xff, 0xf,
    0xff, 0xfc, 0x3f, 0xff, 0xf0, 0xff, 0xff, 0xc3,
    0xff, 0xff, 0xf, 0xff, 0xfc, 0x3f, 0xff, 0xf0,
    0xff, 0xff, 0xc3, 0xff, 0xff, 0xf, 0xff, 0xfc,
    0x3f, 0xff, 0xf0, 0xff, 0xff, 0xc3, 0xff, 0xff,
    0xf, 0xff, 0xfc, 0x3f, 0xff, 0xf0, 0xff, 0xff,
    0xc3, 0xff, 0xff, 0xf, 0xff, 0xfc, 0x3f, 0xff,
    0xf0, 0xff, 0xff, 0xc3, 0xff, 0xff, 0xf, 0xff,
    0xfc, 0x3f, 0xff, 0xf0, 0xff, 0xff, 0xc3, 0xff,
    0xff, 0xf, 0xff, 0xfc, 0x3f, 0xff, 0xf0, 0xff,
    0xff, 0xc3, 0xff, 0xff, 0xf, 0xff, 0xfc, 0x3f,
    0xff, 0xf0, 0xff, 0xff, 0xc3, 0xff, 0xff, 0xf,
    0xff, 0xfc, 0x3f, 0xff, 0xf0, 0xff, 0xff, 0xc3,
    0xff, 0xff, 0xf, 0xff, 0xfc, 0x3f, 0xff, 0xf0,
    0xff, 0xff, 0xc7, 0xff, 0xff, 0xff, 0xff, 0xff,
    0xff, 0xff, 0xff, 0xff, 0xff, 0xbf, 0xff, 0xfe,
    0xff, 0xff, 0xfb, 0xff, 0xff, 0xcf, 0xff, 0xff,
    0x3f, 0xff, 0xf8, 0xff, 0xff, 0xe3, 0xff, 0xff,
    0xf, 0xff, 0xf8, 0x3f, 0xff, 0x80, 0x1f, 0xf8,
    0x0,

    /* U+006B "k" */
    0xff, 0xff, 0xc0, 0x0, 0x0, 0x0, 0xff, 0xff,
    0xc0, 0x0, 0x0, 0x0, 0xff, 0xff, 0xc0, 0x0,
    0x0, 0x0, 0xff, 0xff, 0xc0, 0x0, 0x0, 0x0,
    0xff, 0xff, 0xc0, 0x0, 0x0, 0x0, 0xff, 0xff,
    0xc0, 0x0, 0x0, 0x0, 0xff, 0xff, 0xc0, 0x0,
    0x0, 0x0, 0xff, 0xff, 0xc0, 0x0, 0x0, 0x0,
    0xff, 0xff, 0xc0, 0x0, 0x0, 0x0, 0xff, 0xff,
    0xc0, 0x0, 0x0, 0x0, 0xff, 0xff, 0xc0, 0x0,
    0x0, 0x0, 0xff, 0xff, 0xc0, 0x0, 0x0, 0x0,
    0xff, 0xff, 0xc0, 0x0, 0x0, 0x0, 0xff, 0xff,
    0xc0, 0x3f, 0xff, 0xf0, 0xff, 0xff, 0xc0, 0x3f,
    0xff, 0xf0, 0xff, 0xff, 0xc0, 0x3f, 0xff, 0xf0,
    0xff, 0xff, 0xc0, 0x7f, 0xff, 0xe0, 0xff, 0xff,
    0xc0, 0x7f, 0xff, 0xe0, 0xff, 0xff, 0xc0, 0x7f,
    0xff, 0xe0, 0xff, 0xff, 0xc0, 0xff, 0xff, 0xc0,
    0xff, 0xff, 0xc0, 0xff, 0xff, 0xc0, 0xff, 0xff,
    0xc0, 0xff, 0xff, 0xc0, 0xff, 0xff, 0xc1, 0xff,
    0xff, 0x80, 0xff, 0xff, 0xc1, 0xff, 0xff, 0x80,
    0xff, 0xff, 0xc1, 0xff, 0xff, 0x80, 0xff, 0xff,
    0xc3, 0xff, 0xff, 0x0, 0xff, 0xff, 0xc3, 0xff,
    0xff, 0x0, 0xff, 0xff, 0xc3, 0xff, 0xff, 0x0,
    0xff, 0xff, 0xc7, 0xff, 0xfe, 0x0, 0xff, 0xff,
    0xc7, 0xff, 0xfe, 0x0, 0xff, 0xff, 0xc7, 0xff,
    0xfc, 0x0, 0xff, 0xff, 0xcf, 0xff, 0xfc, 0x0,
    0xff, 0xff, 0xcf, 0xff, 0xfc, 0x0, 0xff, 0xff,
    0xcf, 0xff, 0xf8, 0x0, 0xff, 0xff, 0xdf, 0xff,
    0xf8, 0x0, 0xff, 0xff, 0xdf, 0xff, 0xf8, 0x0,
    0xff, 0xff, 0xdf, 0xff, 0xf0, 0x0, 0xff, 0xff,
    0xff, 0xff, 0xf0, 0x0, 0xff, 0xff, 0xff, 0xff,
    0xf0, 0x0, 0xff, 0xff, 0xff, 0xff, 0xe0, 0x0,
    0xff, 0xff, 0xff, 0xff, 0xe0, 0x0, 0xff, 0xff,
    0xff, 0xff, 0xe0, 0x0, 0xff, 0xff, 0xff, 0xff,
    0xc0, 0x0, 0xff, 0xff, 0xff, 0xff, 0xc0, 0x0,
    0xff, 0xff, 0xff, 0xff, 0xc0, 0x0, 0xff, 0xff,
    0xff, 0xff, 0xc0, 0x0, 0xff, 0xff, 0xff, 0xff,
    0xc0, 0x0, 0xff, 0xff, 0xff, 0xff, 0xc0, 0x0,
    0xff, 0xff, 0xff, 0xff, 0xe0, 0x0, 0xff, 0xff,
    0xff, 0xff, 0xe0, 0x0, 0xff, 0xff, 0xff, 0xff,
    0xe0, 0x0, 0xff, 0xff, 0xff, 0xff, 0xf0, 0x0,
    0xff, 0xff, 0xff, 0xff, 0xf0, 0x0, 0xff, 0xff,
    0xdf, 0xff, 0xf8, 0x0, 0xff, 0xff, 0xdf, 0xff,
    0xf8, 0x0, 0xff, 0xff, 0xdf, 0xff, 0xf8, 0x0,
    0xff, 0xff, 0xcf, 0xff, 0xfc, 0x0, 0xff, 0xff,
    0xcf, 0xff, 0xfc, 0x0, 0xff, 0xff, 0xcf, 0xff,
    0xfc, 0x0, 0xff, 0xff, 0xcf, 0xff, 0xfe, 0x0,
    0xff, 0xff, 0xc7, 0xff, 0xfe, 0x0, 0xff, 0xff,
    0xc7, 0xff, 0xfe, 0x0, 0xff, 0xff, 0xc7, 0xff,
    0xff, 0x0, 0xff, 0xff, 0xc3, 0xff, 0xff, 0x0,
    0xff, 0xff, 0xc3, 0xff, 0xff, 0x0, 0xff, 0xff,
    0xc3, 0xff, 0xff, 0x80, 0xff, 0xff, 0xc1, 0xff,
    0xff, 0x80, 0xff, 0xff, 0xc1, 0xff, 0xff, 0x80,
    0xff, 0xff, 0xc1, 0xff, 0xff, 0xc0, 0xff, 0xff,
    0xc0, 0xff, 0xff, 0xc0, 0xff, 0xff, 0xc0, 0xff,
    0xff, 0xc0, 0xff, 0xff, 0xc0, 0xff, 0xff, 0xe0,
    0xff, 0xff, 0xc0, 0x7f, 0xff, 0xe0, 0xff, 0xff,
    0xc0, 0x7f, 0xff, 0xe0, 0xff, 0xff, 0xc0, 0x7f,
    0xff, 0xf0, 0xff, 0xff, 0xc0, 0x3f, 0xff, 0xf0,
    0xff, 0xff, 0xc0, 0x3f, 0xff, 0xf0, 0xff, 0xff,
    0xc0, 0x3f, 0xff, 0xf8, 0xff, 0xff, 0xc0, 0x1f,
    0xff, 0xf8, 0xff, 0xff, 0xc0, 0x1f, 0xff, 0xf8,
    0xff, 0xff, 0xc0, 0x1f, 0xff, 0xfc, 0xff, 0xff,
    0xc0, 0x1f, 0xff, 0xfc, 0xff, 0xff, 0xc0, 0xf,
    0xff, 0xfc, 0xff, 0xff, 0xc0, 0xf, 0xff, 0xfe,
    0xff, 0xff, 0xc0, 0xf, 0xff, 0xfe, 0xff, 0xff,
    0xc0, 0x7, 0xff, 0xfe,

    /* U+006C "l" */
    0xff, 0xff, 0xff, 0xff, 0xff, 0xff, 0xff, 0xff,
    0xff, 0xff, 0xff, 0xff, 0xff, 0xff, 0xff, 0xff,
    0xff, 0xff, 0xff, 0xff, 0xff, 0xff, 0xff, 0xff,
    0xff, 0xff, 0xff, 0xff, 0xff, 0xff, 0xff, 0xff,
    0xff, 0xff, 0xff, 0xff, 0xff, 0xff, 0xff, 0xff,
    0xff, 0xff, 0xff, 0xff, 0xff, 0xff, 0xff, 0xff,
    0xff, 0xff, 0xff, 0xff, 0xff, 0xff, 0xff, 0xff,
    0xff, 0xff, 0xff, 0xff, 0xff, 0xff, 0xff, 0xff,
    0xff, 0xff, 0xff, 0xff, 0xff, 0xff, 0xff, 0xff,
    0xff, 0xff, 0xff, 0xff, 0xff, 0xff, 0xff, 0xff,
    0xff, 0xff, 0xff, 0xff, 0xff, 0xff, 0xff, 0xff,
    0xff, 0xff, 0xff, 0xff, 0xff, 0xff, 0xff, 0xff,
    0xff, 0xff, 0xff, 0xff, 0xff, 0xff, 0xff, 0xff,
    0xff, 0xff, 0xff, 0xff, 0xff, 0xff, 0xff, 0xff,
    0xff, 0xff, 0xff, 0xff, 0xff, 0xff, 0xff, 0xff,
    0xff, 0xff, 0xff, 0xff, 0xff, 0xff, 0xff, 0xff,
    0xff, 0xff, 0xff, 0xff, 0xff, 0xff, 0xff, 0xff,
    0xff, 0xff, 0xff, 0xff, 0xff, 0xff, 0xff, 0xff,
    0xff, 0xff, 0xff, 0xff, 0xff, 0xff, 0xff, 0xff,
    0xff, 0xff, 0xff, 0xff, 0xff, 0xff, 0xff, 0xff,
    0xff, 0xff, 0xff, 0xff, 0xff, 0xff, 0xff, 0xff,
    0xff, 0xff, 0xff, 0xff, 0xff, 0xff, 0xff, 0xff,
    0xff, 0xff, 0xff, 0xff, 0xff, 0xff, 0xff, 0xff,
    0xff, 0xff, 0xff, 0xff, 0xff, 0xff, 0xff, 0xff,
    0xff, 0xf0,

    /* U+006D "m" */
    0x0, 0x0, 0x0, 0x7f, 0x80, 0x0, 0x7f, 0xc0,
    0x7, 0xff, 0xfe, 0xf, 0xff, 0x80, 0x1f, 0xff,
    0xc0, 0x3f, 0xff, 0xf1, 0xff, 0xfe, 0x1, 0xff,
    0xff, 0x81, 0xff, 0xff, 0x9f, 0xff, 0xfc, 0x1f,
    0xff, 0xfe, 0xf, 0xff, 0xfc, 0xff, 0xff, 0xe1,
    0xff, 0xff, 0xf8, 0x7f, 0xff, 0xef, 0xff, 0xff,
    0x9f, 0xff, 0xff, 0xe3, 0xff, 0xff, 0x7f, 0xff,
    0xff, 0xff, 0xff, 0xff, 0x1f, 0xff, 0xff, 0xff,
    0xff, 0xff, 0xff, 0xff, 0xfc, 0xff, 0xff, 0xff,
    0xff, 0xff, 0xff, 0xff, 0xff, 0xe7, 0xff, 0xff,
    0xff, 0xff, 0xff, 0xff, 0xff, 0xff, 0xbf, 0xff,
    0xff, 0xff, 0xff, 0xff, 0xff, 0xff, 0xfd, 0xff,
    0xff, 0xff, 0xff, 0xff, 0xff, 0xff, 0xff, 0xef,
    0xff, 0xff, 0xff, 0xff, 0xff, 0xff, 0xff, 0xff,
    0x7f, 0xff, 0xf8, 0x7f, 0xff, 0xfe, 0x3f, 0xff,
    0xfb, 0xff, 0xff, 0xc3, 0xff, 0xff, 0xe0, 0xff,
    0xff, 0xff, 0xff, 0xfc, 0xf, 0xff, 0xfe, 0x7,
    0xff, 0xff, 0xff, 0xff, 0xe0, 0x7f, 0xff, 0xf0,
    0x1f, 0xff, 0xff, 0xff, 0xfe, 0x3, 0xff, 0xff,
    0x0, 0xff, 0xff, 0xff, 0xff, 0xf0, 0x1f, 0xff,
    0xf8, 0x7, 0xff, 0xff, 0xff, 0xff, 0x80, 0xff,
    0xff, 0xc0, 0x3f, 0xff, 0xff, 0xff, 0xfc, 0x7,
    0xff, 0xfe, 0x1, 0xff, 0xff, 0xff, 0xff, 0xe0,
    0x3f, 0xff, 0xf0, 0xf, 0xff, 0xff, 0xff, 0xff,
    0x1, 0xff, 0xff, 0x80, 0x7f, 0xff, 0xff, 0xff,
    0xf8, 0xf, 0xff, 0xfc, 0x3, 0xff, 0xff, 0xff,
    0xff, 0xc0, 0x7f, 0xff, 0xe0, 0x1f, 0xff, 0xff,
    0xff, 0xfe, 0x3, 0xff, 0xff, 0x0, 0xff, 0xff,
    0xff, 0xff, 0xf0, 0x1f, 0xff, 0xf8, 0x7, 0xff,
    0xff, 0xff, 0xff, 0x80, 0xff, 0xff, 0xc0, 0x3f,
    0xff, 0xff, 0xff, 0xfc, 0x7, 0xff, 0xfe, 0x1,
    0xff, 0xff, 0xff, 0xff, 0xe0, 0x3f, 0xff, 0xf0,
    0xf, 0xff, 0xff, 0xff, 0xff, 0x1, 0xff, 0xff,
    0x80, 0x7f, 0xff, 0xff, 0xff, 0xf8, 0xf, 0xff,
    0xfc, 0x3, 0xff, 0xff, 0xff, 0xff, 0xc0, 0x7f,
    0xff, 0xe0, 0x1f, 0xff, 0xff, 0xff, 0xfe, 0x3,
    0xff, 0xff, 0x0, 0xff, 0xff, 0xff, 0xff, 0xf0,
    0x1f, 0xff, 0xf8, 0x7, 0xff, 0xff, 0xff, 0xff,
    0x80, 0xff, 0xff, 0xc0, 0x3f, 0xff, 0xff, 0xff,
    0xfc, 0x7, 0xff, 0xfe, 0x1, 0xff, 0xff, 0xff,
    0xff, 0xe0, 0x3f, 0xff, 0xf0, 0xf, 0xff, 0xff,
    0xff, 0xff, 0x1, 0xff, 0xff, 0x80, 0x7f, 0xff,
    0xff, 0xff, 0xf8, 0xf, 0xff, 0xfc, 0x3, 0xff,
    0xff, 0xff, 0xff, 0xc0, 0x7f, 0xff, 0xe0, 0x1f,
    0xff, 0xff, 0xff, 0xfe, 0x3, 0xff, 0xff, 0x0,
    0xff, 0xff, 0xff, 0xff, 0xf0, 0x1f, 0xff, 0xf8,
    0x7, 0xff, 0xff, 0xff, 0xff, 0x80, 0xff, 0xff,
    0xc0, 0x3f, 0xff, 0xff, 0xff, 0xfc, 0x7, 0xff,
    0xfe, 0x1, 0xff, 0xff, 0xff, 0xff, 0xe0, 0x3f,
    0xff, 0xf0, 0xf, 0xff, 0xff, 0xff, 0xff, 0x1,
    0xff, 0xff, 0x80, 0x7f, 0xff, 0xff, 0xff, 0xf8,
    0xf, 0xff, 0xfc, 0x3, 0xff, 0xff, 0xff, 0xff,
    0xc0, 0x7f, 0xff, 0xe0, 0x1f, 0xff, 0xff, 0xff,
    0xfe, 0x3, 0xff, 0xff, 0x0, 0xff, 0xff, 0xff,
    0xff, 0xf0, 0x1f, 0xff, 0xf8, 0x7, 0xff, 0xff,
    0xff, 0xff, 0x80, 0xff, 0xff, 0xc0, 0x3f, 0xff,
    0xff, 0xff, 0xfc, 0x7, 0xff, 0xfe, 0x1, 0xff,
    0xff, 0xff, 0xff, 0xe0, 0x3f, 0xff, 0xf0, 0xf,
    0xff, 0xff, 0xff, 0xff, 0x1, 0xff, 0xff, 0x80,
    0x7f, 0xff, 0xff, 0xff, 0xf8, 0xf, 0xff, 0xfc,
    0x3, 0xff, 0xff, 0xff, 0xff, 0xc0, 0x7f, 0xff,
    0xe0, 0x1f, 0xff, 0xff, 0xff, 0xfe, 0x3, 0xff,
    0xff, 0x0, 0xff, 0xff, 0xff, 0xff, 0xf0, 0x1f,
    0xff, 0xf8, 0x7, 0xff, 0xff, 0xff, 0xff, 0x80,
    0xff, 0xff, 0xc0, 0x3f, 0xff, 0xff, 0xff, 0xfc,
    0x7, 0xff, 0xfe, 0x1, 0xff, 0xff, 0xff, 0xff,
    0xe0, 0x3f, 0xff, 0xf0, 0xf, 0xff, 0xff, 0xff,
    0xff, 0x1, 0xff, 0xff, 0x80, 0x7f, 0xff, 0xff,
    0xff, 0xf8, 0xf, 0xff, 0xfc, 0x3, 0xff, 0xff,
    0xff, 0xff, 0xc0, 0x7f, 0xff, 0xe0, 0x1f, 0xff,
    0xff, 0xff, 0xfe, 0x3, 0xff, 0xff, 0x0, 0xff,
    0xff, 0xff, 0xff, 0xf0, 0x1f, 0xff, 0xf8, 0x7,
    0xff, 0xff, 0xff, 0xff, 0x80, 0xff, 0xff, 0xc0,
    0x3f, 0xff, 0xff, 0xff, 0xfc, 0x7, 0xff, 0xfe,
    0x1, 0xff, 0xff, 0xff, 0xff, 0xe0, 0x3f, 0xff,
    0xf0, 0xf, 0xff, 0xff, 0xff, 0xff, 0x1, 0xff,
    0xff, 0x80, 0x7f, 0xff, 0xff, 0xff, 0xf8, 0xf,
    0xff, 0xfc, 0x3, 0xff, 0xff, 0xff, 0xff, 0xc0,
    0x7f, 0xff, 0xe0, 0x1f, 0xff, 0xff, 0xff, 0xfe,
    0x3, 0xff, 0xff, 0x0, 0xff, 0xff, 0xc0,

    /* U+006E "n" */
    0x0, 0x0, 0x0, 0x7f, 0x80, 0x1f, 0xff, 0xf8,
    0x3f, 0xfe, 0x3, 0xff, 0xff, 0xf, 0xff, 0xf0,
    0x7f, 0xff, 0xe3, 0xff, 0xff, 0xf, 0xff, 0xfc,
    0xff, 0xff, 0xe1, 0xff, 0xff, 0x9f, 0xff, 0xfe,
    0x3f, 0xff, 0xf7, 0xff, 0xff, 0xe7, 0xff, 0xfe,
    0xff, 0xff, 0xfc, 0xff, 0xff, 0xff, 0xff, 0xff,
    0xdf, 0xff, 0xff, 0xff, 0xff, 0xfb, 0xff, 0xff,
    0xff, 0xff, 0xff, 0x7f, 0xff, 0xff, 0xff, 0xff,
    0xef, 0xff, 0xff, 0xff, 0xff, 0xff, 0xff, 0xff,
    0xff, 0xff, 0xff, 0xff, 0xff, 0xfc, 0x3f, 0xff,
    0xff, 0xff, 0xff, 0x3, 0xff, 0xff, 0xff, 0xff,
    0xe0, 0x3f, 0xff, 0xff, 0xff, 0xf8, 0x7, 0xff,
    0xff, 0xff, 0xff, 0x0, 0xff, 0xff, 0xff, 0xff,
    0xe0, 0x1f, 0xff, 0xff, 0xff, 0xfc, 0x3, 0xff,
    0xff, 0xff, 0xff, 0x80, 0x7f, 0xff, 0xff, 0xff,
    0xf0, 0xf, 0xff, 0xff, 0xff, 0xfe, 0x1, 0xff,
    0xff, 0xff, 0xff, 0xc0, 0x3f, 0xff, 0xff, 0xff,
    0xf8, 0x7, 0xff, 0xff, 0xff, 0xff, 0x0, 0xff,
    0xff, 0xff, 0xff, 0xe0, 0x1f, 0xff, 0xff, 0xff,
    0xfc, 0x3, 0xff, 0xff, 0xff, 0xff, 0x80, 0x7f,
    0xff, 0xff, 0xff, 0xf0, 0xf, 0xff, 0xff, 0xff,
    0xfe, 0x1, 0xff, 0xff, 0xff, 0xff, 0xc0, 0x3f,
    0xff, 0xff, 0xff, 0xf8, 0x7, 0xff, 0xff, 0xff,
    0xff, 0x0, 0xff, 0xff, 0xff, 0xff, 0xe0, 0x1f,
    0xff, 0xff, 0xff, 0xfc, 0x3, 0xff, 0xff, 0xff,
    0xff, 0x80, 0x7f, 0xff, 0xff, 0xff, 0xf0, 0xf,
    0xff, 0xff, 0xff, 0xfe, 0x1, 0xff, 0xff, 0xff,
    0xff, 0xc0, 0x3f, 0xff, 0xff, 0xff, 0xf8, 0x7,
    0xff, 0xff, 0xff, 0xff, 0x0, 0xff, 0xff, 0xff,
    0xff, 0xe0, 0x1f, 0xff, 0xff, 0xff, 0xfc, 0x3,
    0xff, 0xff, 0xff, 0xff, 0x80, 0x7f, 0xff, 0xff,
    0xff, 0xf0, 0xf, 0xff, 0xff, 0xff, 0xfe, 0x1,
    0xff, 0xff, 0xff, 0xff, 0xc0, 0x3f, 0xff, 0xff,
    0xff, 0xf8, 0x7, 0xff, 0xff, 0xff, 0xff, 0x0,
    0xff, 0xff, 0xff, 0xff, 0xe0, 0x1f, 0xff, 0xff,
    0xff, 0xfc, 0x3, 0xff, 0xff, 0xff, 0xff, 0x80,
    0x7f, 0xff, 0xff, 0xff, 0xf0, 0xf, 0xff, 0xff,
    0xff, 0xfe, 0x1, 0xff, 0xff, 0xff, 0xff, 0xc0,
    0x3f, 0xff, 0xff, 0xff, 0xf8, 0x7, 0xff, 0xff,
    0xff, 0xff, 0x0, 0xff, 0xff, 0xff, 0xff, 0xe0,
    0x1f, 0xff, 0xff, 0xff, 0xfc, 0x3, 0xff, 0xff,
    0xff, 0xff, 0x80, 0x7f, 0xff, 0xff, 0xff, 0xf0,
    0xf, 0xff, 0xff, 0xff, 0xfe, 0x1, 0xff, 0xff,
    0xff, 0xff, 0xc0, 0x3f, 0xff, 0xff, 0xff, 0xf8,
    0x7, 0xff, 0xff, 0xff, 0xff, 0x0, 0xff, 0xff,
    0xff, 0xff, 0xe0, 0x1f, 0xff, 0xff, 0xff, 0xfc,
    0x3, 0xff, 0xff, 0xff, 0xff, 0x80, 0x7f, 0xff,
    0xff, 0xff, 0xf0, 0xf, 0xff, 0xff, 0xff, 0xfe,
    0x1, 0xff, 0xff, 0xff, 0xff, 0xc0, 0x3f, 0xff,
    0xff, 0xff, 0xf8, 0x7, 0xff, 0xfc,

    /* U+006F "o" */
    0x0, 0x0, 0x7f, 0xe0, 0x0, 0x0, 0x0, 0x7f,
    0xff, 0xe0, 0x0, 0x0, 0x1f, 0xff, 0xff, 0x80,
    0x0, 0x7, 0xff, 0xff, 0xfe, 0x0, 0x0, 0xff,
    0xff, 0xff, 0xf0, 0x0, 0x1f, 0xff, 0xff, 0xff,
    0x80, 0x3, 0xff, 0xff, 0xff, 0xfc, 0x0, 0x7f,
    0xff, 0xff, 0xff, 0xe0, 0xf, 0xff, 0xff, 0xff,
    0xff, 0x1, 0xff, 0xff, 0xff, 0xff, 0xf8, 0x1f,
    0xff, 0xff, 0xff, 0xff, 0x83, 0xff, 0xff, 0xff,
    0xff, 0xfc, 0x3f, 0xff, 0xff, 0xff, 0xff, 0xc7,
    0xff, 0xff, 0xf, 0xff, 0xfe, 0x7f, 0xff, 0xe0,
    0x7f, 0xff, 0xe7, 0xff, 0xfe, 0x7, 0xff, 0xfe,
    0x7f, 0xff, 0xc0, 0x3f, 0xff, 0xef, 0xff, 0xfc,
    0x3, 0xff, 0xff, 0xff, 0xff, 0xc0, 0x3f, 0xff,
    0xff, 0xff, 0xfc, 0x3, 0xff, 0xff, 0xff, 0xff,
    0xc0, 0x3f, 0xff, 0xff, 0xff, 0xfc, 0x3, 0xff,
    0xff, 0xff, 0xff, 0xc0, 0x3f, 0xff, 0xff, 0xff,
    0xfc, 0x3, 0xff, 0xff, 0xff, 0xff, 0xc0, 0x3f,
    0xff, 0xff, 0xff, 0xfc, 0x3, 0xff, 0xff, 0xff,
    0xff, 0xc0, 0x3f, 0xff, 0xff, 0xff, 0xfc, 0x3,
    0xff, 0xff, 0xff, 0xff, 0xc0, 0x3f, 0xff, 0xff,
    0xff, 0xfc, 0x3, 0xff, 0xff, 0xff, 0xff, 0xc0,
    0x3f, 0xff, 0xff, 0xff, 0xfc, 0x3, 0xff, 0xff,
    0xff, 0xff, 0xc0, 0x3f, 0xff, 0xff, 0xff, 0xfc,
    0x3, 0xff, 0xff, 0xff, 0xff, 0xc0, 0x3f, 0xff,
    0xff, 0xff, 0xfc, 0x3, 0xff, 0xff, 0xff, 0xff,
    0xc0, 0x3f, 0xff, 0xff, 0xff, 0xfc, 0x3, 0xff,
    0xff, 0xff, 0xff, 0xc0, 0x3f, 0xff, 0xff, 0xff,
    0xfc, 0x3, 0xff, 0xff, 0xff, 0xff, 0xc0, 0x3f,
    0xff, 0xff, 0xff, 0xfc, 0x3, 0xff, 0xff, 0xff,
    0xff, 0xc0, 0x3f, 0xff, 0xff, 0xff, 0xfc, 0x3,
    0xff, 0xff, 0xff, 0xff, 0xc0, 0x3f, 0xff, 0xff,
    0xff, 0xfc, 0x3, 0xff, 0xff, 0xff, 0xff, 0xc0,
    0x3f, 0xff, 0xff, 0xff, 0xfc, 0x3, 0xff, 0xff,
    0xff, 0xff, 0xc0, 0x3f, 0xff, 0xff, 0xff, 0xfc,
    0x3, 0xff, 0xff, 0xff, 0xff, 0xc0, 0x3f, 0xff,
    0xff, 0xff, 0xfc, 0x3, 0xff, 0xff, 0xff, 0xff,
    0xc0, 0x3f, 0xff, 0xff, 0xff, 0xfc, 0x3, 0xff,
    0xff, 0xff, 0xff, 0xc0, 0x3f, 0xff, 0xff, 0xff,
    0xfc, 0x3, 0xff, 0xff, 0xff, 0xff, 0xc0, 0x3f,
    0xff, 0xff, 0xff, 0xfc, 0x3, 0xff, 0xff, 0xff,
    0xff, 0xc0, 0x3f, 0xff, 0xe7, 0xff, 0xfe, 0x7,
    0xff, 0xfe, 0x7f, 0xff, 0xe0, 0x7f, 0xff, 0xe7,
    0xff, 0xff, 0xf, 0xff, 0xfe, 0x7f, 0xff, 0xff,
    0xff, 0xff, 0xe3, 0xff, 0xff, 0xff, 0xff, 0xfc,
    0x3f, 0xff, 0xff, 0xff, 0xff, 0xc1, 0xff, 0xff,
    0xff, 0xff, 0xf8, 0x1f, 0xff, 0xff, 0xff, 0xff,
    0x80, 0xff, 0xff, 0xff, 0xff, 0xf0, 0x7, 0xff,
    0xff, 0xff, 0xfe, 0x0, 0x3f, 0xff, 0xff, 0xff,
    0xc0, 0x1, 0xff, 0xff, 0xff, 0xf8, 0x0, 0xf,
    0xff, 0xff, 0xff, 0x0, 0x0, 0x3f, 0xff, 0xff,
    0xc0, 0x0, 0x0, 0xff, 0xff, 0xf0, 0x0, 0x0,
    0x0, 0xff, 0xf0, 0x0, 0x0,

    /* U+0070 "p" */
    0x0, 0x0, 0x0, 0x3f, 0xe0, 0xf, 0xff, 0xfc,
    0xf, 0xff, 0x80, 0xff, 0xff, 0xc3, 0xff, 0xfe,
    0xf, 0xff, 0xfc, 0x7f, 0xff, 0xf0, 0xff, 0xff,
    0xcf, 0xff, 0xff, 0x8f, 0xff, 0xfc, 0xff, 0xff,
    0xf8, 0xff, 0xff, 0xdf, 0xff, 0xff, 0xcf, 0xff,
    0xfd, 0xff, 0xff, 0xfc, 0xff, 0xff, 0xff, 0xff,
    0xff, 0xef, 0xff, 0xff, 0xff, 0xff, 0xfe, 0xff,
    0xff, 0xff, 0xff, 0xff, 0xef, 0xff, 0xff, 0xff,
    0xff, 0xfe, 0xff, 0xff, 0xff, 0xff, 0xff, 0xff,
    0xff, 0xff, 0xff, 0xff, 0xff, 0xff, 0xff, 0xf0,
    0xff, 0xff, 0xff, 0xff, 0xfe, 0x7, 0xff, 0xff,
    0xff, 0xff, 0xe0, 0x7f, 0xff, 0xff, 0xff, 0xfc,
    0x3, 0xff, 0xff, 0xff, 0xff, 0xc0, 0x3f, 0xff,
    0xff, 0xff, 0xfc, 0x3, 0xff, 0xff, 0xff, 0xff,
    0xc0, 0x3f, 0xff, 0xff, 0xff, 0xfc, 0x3, 0xff,
    0xff, 0xff, 0xff, 0xc0, 0x3f, 0xff, 0xff, 0xff,
    0xfc, 0x3, 0xff, 0xff, 0xff, 0xff, 0xc0, 0x3f,
    0xff, 0xff, 0xff, 0xfc, 0x3, 0xff, 0xff, 0xff,
    0xff, 0xc0, 0x3f, 0xff, 0xff, 0xff, 0xfc, 0x3,
    0xff, 0xff, 0xff, 0xff, 0xc0, 0x3f, 0xff, 0xff,
    0xff, 0xfc, 0x3, 0xff, 0xff, 0xff, 0xff, 0xc0,
    0x3f, 0xff, 0xff, 0xff, 0xfc, 0x3, 0xff, 0xff,
    0xff, 0xff, 0xc0, 0x3f, 0xff, 0xff, 0xff, 0xfc,
    0x3, 0xff, 0xff, 0xff, 0xff, 0xc0, 0x3f, 0xff,
    0xff, 0xff, 0xfc, 0x3, 0xff, 0xff, 0xff, 0xff,
    0xc0, 0x3f, 0xff, 0xff, 0xff, 0xfc, 0x3, 0xff,
    0xff, 0xff, 0xff, 0xc0, 0x3f, 0xff, 0xff, 0xff,
    0xfc, 0x3, 0xff, 0xff, 0xff, 0xff, 0xc0, 0x3f,
    0xff, 0xff, 0xff, 0xfc, 0x3, 0xff, 0xff, 0xff,
    0xff, 0xc0, 0x3f, 0xff, 0xff, 0xff, 0xfc, 0x3,
    0xff, 0xff, 0xff, 0xff, 0xc0, 0x3f, 0xff, 0xff,
    0xff, 0xfc, 0x3, 0xff, 0xff, 0xff, 0xff, 0xc0,
    0x3f, 0xff, 0xff, 0xff, 0xfc, 0x3, 0xff, 0xff,
    0xff, 0xff, 0xc0, 0x3f, 0xff, 0xff, 0xff, 0xfc,
    0x3, 0xff, 0xff, 0xff, 0xff, 0xc0, 0x3f, 0xff,
    0xff, 0xff, 0xfc, 0x3, 0xff, 0xff, 0xff, 0xff,
    0xc0, 0x3f, 0xff, 0xff, 0xff, 0xfc, 0x3, 0xff,
    0xff, 0xff, 0xff, 0xc0, 0x3f, 0xff, 0xff, 0xff,
    0xfc, 0x3, 0xff, 0xff, 0xff, 0xff, 0xc0, 0x3f,
    0xff, 0xff, 0xff, 0xfe, 0x3, 0xff, 0xff, 0xff,
    0xff, 0xe0, 0x7f, 0xff, 0xff, 0xff, 0xfe, 0x7,
    0xff, 0xff, 0xff, 0xff, 0xf0, 0xff, 0xff, 0xef,
    0xff, 0xff, 0xff, 0xff, 0xfe, 0xff, 0xff, 0xff,
    0xff, 0xff, 0xef, 0xff, 0xff, 0xff, 0xff, 0xfe,
    0xff, 0xff, 0xff, 0xff, 0xff, 0xcf, 0xff, 0xff,
    0xff, 0xff, 0xfc, 0xff, 0xff, 0xff, 0xff, 0xff,
    0x8f, 0xff, 0xfd, 0xff, 0xff, 0xf8, 0xff, 0xff,
    0xdf, 0xff, 0xff, 0xf, 0xff, 0xfc, 0xff, 0xff,
    0xe0, 0xff, 0xff, 0xc7, 0xff, 0xfc, 0xf, 0xff,
    0xfc, 0x3f, 0xff, 0x80, 0xff, 0xff, 0xc1, 0xff,
    0xf0, 0xf, 0xff, 0xfc, 0x7, 0xf8, 0x0, 0xff,
    0xff, 0xc0, 0x0, 0x0, 0xf, 0xff, 0xfc, 0x0,
    0x0, 0x0, 0xff, 0xff, 0xc0, 0x0, 0x0, 0xf,
    0xff, 0xfc, 0x0, 0x0, 0x0, 0xff, 0xff, 0xc0,
    0x0, 0x0, 0xf, 0xff, 0xfc, 0x0, 0x0, 0x0,
    0xff, 0xff, 0xc0, 0x0, 0x0, 0xf, 0xff, 0xfc,
    0x0, 0x0, 0x0, 0xff, 0xff, 0xc0, 0x0, 0x0,
    0xf, 0xff, 0xfc, 0x0, 0x0, 0x0, 0xff, 0xff,
    0xc0, 0x0, 0x0, 0xf, 0xff, 0xfc, 0x0, 0x0,
    0x0,

    /* U+0071 "q" */
    0x0, 0x7f, 0xc0, 0x0, 0x0, 0x0, 0x1f, 0xff,
    0x3, 0xff, 0xff, 0x7, 0xff, 0xfc, 0x3f, 0xff,
    0xf0, 0xff, 0xff, 0xe3, 0xff, 0xff, 0x1f, 0xff,
    0xff, 0x3f, 0xff, 0xf1, 0xff, 0xff, 0xf3, 0xff,
    0xff, 0x3f, 0xff, 0xff, 0xbf, 0xff, 0xf3, 0xff,
    0xff, 0xfb, 0xff, 0xff, 0x7f, 0xff, 0xff, 0xff,
    0xff, 0xf7, 0xff, 0xff, 0xff, 0xff, 0xff, 0x7f,
    0xff, 0xff, 0xff, 0xff, 0xf7, 0xff, 0xff, 0xff,
    0xff, 0xff, 0xff, 0xff, 0xff, 0xff, 0xff, 0xff,
    0xff, 0xff, 0xff, 0xff, 0xff, 0xff, 0xff, 0xf0,
    0xff, 0xff, 0xff, 0xff, 0xfe, 0x7, 0xff, 0xff,
    0xff, 0xff, 0xe0, 0x7f, 0xff, 0xff, 0xff, 0xfc,
    0x3, 0xff, 0xff, 0xff, 0xff, 0xc0, 0x3f, 0xff,
    0xff, 0xff, 0xfc, 0x3, 0xff, 0xff, 0xff, 0xff,
    0xc0, 0x3f, 0xff, 0xff, 0xff, 0xfc, 0x3, 0xff,
    0xff, 0xff, 0xff, 0xc0, 0x3f, 0xff, 0xff, 0xff,
    0xfc, 0x3, 0xff, 0xff, 0xff, 0xff, 0xc0, 0x3f,
    0xff, 0xff, 0xff, 0xfc, 0x3, 0xff, 0xff, 0xff,
    0xff, 0xc0, 0x3f, 0xff, 0xff, 0xff, 0xfc, 0x3,
    0xff, 0xff, 0xff, 0xff, 0xc0, 0x3f, 0xff, 0xff,
    0xff, 0xfc, 0x3, 0xff, 0xff, 0xff, 0xff, 0xc0,
    0x3f, 0xff, 0xff, 0xff, 0xfc, 0x3, 0xff, 0xff,
    0xff, 0xff, 0xc0, 0x3f, 0xff, 0xff, 0xff, 0xfc,
    0x3, 0xff, 0xff, 0xff, 0xff, 0xc0, 0x3f, 0xff,
    0xff, 0xff, 0xfc, 0x3, 0xff, 0xff, 0xff, 0xff,
    0xc0, 0x3f, 0xff, 0xff, 0xff, 0xfc, 0x3, 0xff,
    0xff, 0xff, 0xff, 0xc0, 0x3f, 0xff, 0xff, 0xff,
    0xfc, 0x3, 0xff, 0xff, 0xff, 0xff, 0xc0, 0x3f,
    0xff, 0xff, 0xff, 0xfc, 0x3, 0xff, 0xff, 0xff,
    0xff, 0xc0, 0x3f, 0xff, 0xff, 0xff, 0xfc, 0x3,
    0xff, 0xff, 0xff, 0xff, 0xc0, 0x3f, 0xff, 0xff,
    0xff, 0xfc, 0x3, 0xff, 0xff, 0xff, 0xff, 0xc0,
    0x3f, 0xff, 0xff, 0xff, 0xfc, 0x3, 0xff, 0xff,
    0xff, 0xff, 0xc0, 0x3f, 0xff, 0xff, 0xff, 0xfc,
    0x3, 0xff, 0xff, 0xff, 0xff, 0xc0, 0x3f, 0xff,
    0xff, 0xff, 0xfc, 0x3, 0xff, 0xff, 0xff, 0xff,
    0xc0, 0x3f, 0xff, 0xff, 0xff, 0xfc, 0x3, 0xff,
    0xff, 0xff, 0xff, 0xc0, 0x3f, 0xff, 0xff, 0xff,
    0xfc, 0x3, 0xff, 0xff, 0xff, 0xff, 0xc0, 0x3f,
    0xff, 0xff, 0xff, 0xfe, 0x7, 0xff, 0xff, 0xff,
    0xff, 0xe0, 0x7f, 0xff, 0xff, 0xff, 0xfe, 0x7,
    0xff, 0xff, 0x7f, 0xff, 0xf0, 0xff, 0xff, 0xf7,
    0xff, 0xff, 0xff, 0xff, 0xff, 0x7f, 0xff, 0xff,
    0xff, 0xff, 0xf7, 0xff, 0xff, 0xff, 0xff, 0xff,
    0x7f, 0xff, 0xff, 0xff, 0xff, 0xf3, 0xff, 0xff,
    0xff, 0xff, 0xff, 0x3f, 0xff, 0xff, 0xff, 0xff,
    0xf1, 0xff, 0xff, 0xfb, 0xff, 0xff, 0x1f, 0xff,
    0xff, 0xbf, 0xff, 0xf0, 0xff, 0xff, 0xf3, 0xff,
    0xff, 0x7, 0xff, 0xfe, 0x3f, 0xff, 0xf0, 0x3f,
    0xff, 0xc3, 0xff, 0xff, 0x1, 0xff, 0xf8, 0x3f,
    0xff, 0xf0, 0x3, 0xfe, 0x3, 0xff, 0xff, 0x0,
    0x0, 0x0, 0x3f, 0xff, 0xf0, 0x0, 0x0, 0x3,
    0xff, 0xff, 0x0, 0x0, 0x0, 0x3f, 0xff, 0xf0,
    0x0, 0x0, 0x3, 0xff, 0xff, 0x0, 0x0, 0x0,
    0x3f, 0xff, 0xf0, 0x0, 0x0, 0x3, 0xff, 0xff,
    0x0, 0x0, 0x0, 0x3f, 0xff, 0xf0, 0x0, 0x0,
    0x3, 0xff, 0xff, 0x0, 0x0, 0x0, 0x3f, 0xff,
    0xf0, 0x0, 0x0, 0x3, 0xff, 0xff, 0x0, 0x0,
    0x0, 0x3f, 0xff, 0xf0, 0x0, 0x0, 0x3, 0xff,
    0xff,

    /* U+0072 "r" */
    0x0, 0x0, 0x0, 0x3f, 0xff, 0xff, 0x81, 0xff,
    0xff, 0xff, 0xf, 0xff, 0xff, 0xfe, 0x3f, 0xff,
    0xff, 0xfc, 0xff, 0xff, 0xff, 0xfb, 0xff, 0xff,
    0xff, 0xf7, 0xff, 0xff, 0xff, 0xff, 0xff, 0xff,
    0xff, 0xff, 0xff, 0xff, 0xff, 0xff, 0xff, 0xff,
    0xff, 0xff, 0xff, 0xff, 0xff, 0xff, 0xff, 0xff,
    0xff, 0xff, 0xff, 0xff, 0xff, 0xff, 0xff, 0xff,
    0xff, 0xe0, 0x7f, 0xff, 0xfc, 0x0, 0xff, 0xff,
    0xe0, 0x1, 0xff, 0xff, 0x80, 0x3, 0xff, 0xff,
    0x0, 0x7, 0xff, 0xfe, 0x0, 0xf, 0xff, 0xfc,
    0x0, 0x1f, 0xff, 0xf8, 0x0, 0x3f, 0xff, 0xf0,
    0x0, 0x7f, 0xff, 0xe0, 0x0, 0xff, 0xff, 0xc0,
    0x1, 0xff, 0xff, 0x80, 0x3, 0xff, 0xff, 0x0,
    0x7, 0xff, 0xfe, 0x0, 0xf, 0xff, 0xfc, 0x0,
    0x1f, 0xff, 0xf8, 0x0, 0x3f, 0xff, 0xf0, 0x0,
    0x7f, 0xff, 0xe0, 0x0, 0xff, 0xff, 0xc0, 0x1,
    0xff, 0xff, 0x80, 0x3, 0xff, 0xff, 0x0, 0x7,
    0xff, 0xfe, 0x0, 0xf, 0xff, 0xfc, 0x0, 0x1f,
    0xff, 0xf8, 0x0, 0x3f, 0xff, 0xf0, 0x0, 0x7f,
    0xff, 0xe0, 0x0, 0xff, 0xff, 0xc0, 0x1, 0xff,
    0xff, 0x80, 0x3, 0xff, 0xff, 0x0, 0x7, 0xff,
    0xfe, 0x0, 0xf, 0xff, 0xfc, 0x0, 0x1f, 0xff,
    0xf8, 0x0, 0x3f, 0xff, 0xf0, 0x0, 0x7f, 0xff,
    0xe0, 0x0, 0xff, 0xff, 0xc0, 0x1, 0xff, 0xff,
    0x80, 0x3, 0xff, 0xff, 0x0, 0x7, 0xff, 0xfe,
    0x0, 0xf, 0xff, 0xfc, 0x0, 0x1f, 0xff, 0xf8,
    0x0, 0x3f, 0xff, 0xf0, 0x0, 0x7f, 0xff, 0xe0,
    0x0, 0xff, 0xff, 0xc0, 0x1, 0xff, 0xff, 0x80,
    0x3, 0xff, 0xff, 0x0, 0x7, 0xff, 0xfe, 0x0,
    0xf, 0xff, 0xfc, 0x0, 0x1f, 0xff, 0xf8, 0x0,
    0x3f, 0xff, 0xf0, 0x0, 0x7f, 0xff, 0xe0, 0x0,
    0xff, 0xff, 0xc0, 0x1, 0xff, 0xff, 0x80, 0x3,
    0xff, 0xff, 0x0, 0x7, 0xff, 0xfe, 0x0, 0xf,
    0xff, 0xfc, 0x0, 0x1f, 0xff, 0xf8, 0x0, 0x3f,
    0xff, 0xf0, 0x0, 0x7f, 0xff, 0xe0, 0x0, 0xff,
    0xff, 0xc0, 0x1, 0xff, 0xff, 0x80, 0x0,

    /* U+0073 "s" */
    0x0, 0x0, 0xff, 0xf0, 0x0, 0x0, 0x0, 0xff,
    0xff, 0xf0, 0x0, 0x0, 0x3f, 0xff, 0xff, 0xc0,
    0x0, 0xf, 0xff, 0xff, 0xff, 0x0, 0x1, 0xff,
    0xff, 0xff, 0xf8, 0x0, 0x7f, 0xff, 0xff, 0xff,
    0xc0, 0xf, 0xff, 0xff, 0xff, 0xfe, 0x1, 0xff,
    0xff, 0xff, 0xff, 0xf0, 0x1f, 0xff, 0xff, 0xff,
    0xff, 0x3, 0xff, 0xff, 0xff, 0xff, 0xf8, 0x3f,
    0xff, 0xff, 0xff, 0xff, 0x87, 0xff, 0xff, 0xff,
    0xff, 0xfc, 0x7f, 0xff, 0xff, 0xff, 0xff, 0xc7,
    0xff, 0xfe, 0x1f, 0xff, 0xfc, 0xff, 0xff, 0xe0,
    0xff, 0xff, 0xcf, 0xff, 0xfc, 0xf, 0xff, 0xfe,
    0xff, 0xff, 0xc0, 0x7f, 0xff, 0xef, 0xff, 0xfc,
    0x7, 0xff, 0xfe, 0xff, 0xff, 0xc0, 0x7f, 0xff,
    0xef, 0xff, 0xfc, 0x7, 0xff, 0xfe, 0xff, 0xff,
    0xe0, 0x7f, 0xff, 0xef, 0xff, 0xfe, 0x7, 0xff,
    0xfe, 0xff, 0xff, 0xf0, 0x0, 0x0, 0xf, 0xff,
    0xff, 0xc0, 0x0, 0x0, 0x7f, 0xff, 0xfe, 0x0,
    0x0, 0x7, 0xff, 0xff, 0xf0, 0x0, 0x0, 0x7f,
    0xff, 0xff, 0xc0, 0x0, 0x7, 0xff, 0xff, 0xfe,
    0x0, 0x0, 0x3f, 0xff, 0xff, 0xf0, 0x0, 0x1,
    0xff, 0xff, 0xff, 0xc0, 0x0, 0x1f, 0xff, 0xff,
    0xfe, 0x0, 0x0, 0xff, 0xff, 0xff, 0xf0, 0x0,
    0x7, 0xff, 0xff, 0xff, 0xc0, 0x0, 0x3f, 0xff,
    0xff, 0xfe, 0x0, 0x1, 0xff, 0xff, 0xff, 0xf0,
    0x0, 0xf, 0xff, 0xff, 0xff, 0x80, 0x0, 0x7f,
    0xff, 0xff, 0xfc, 0x0, 0x1, 0xff, 0xff, 0xff,
    0xe0, 0x0, 0xf, 0xff, 0xff, 0xfe, 0x0, 0x0,
    0x7f, 0xff, 0xff, 0xf0, 0x0, 0x1, 0xff, 0xff,
    0xff, 0x80, 0x0, 0xf, 0xff, 0xff, 0xf8, 0x0,
    0x0, 0x7f, 0xff, 0xff, 0xc0, 0x0, 0x1, 0xff,
    0xff, 0xfc, 0x0, 0x0, 0xf, 0xff, 0xff, 0xe0,
    0x0, 0x0, 0x7f, 0xff, 0xfe, 0x0, 0x0, 0x3,
    0xff, 0xff, 0xef, 0xff, 0xfc, 0x1f, 0xff, 0xfe,
    0xff, 0xff, 0xc0, 0xff, 0xff, 0xff, 0xff, 0xfc,
    0x7, 0xff, 0xff, 0xff, 0xff, 0xc0, 0x7f, 0xff,
    0xff, 0xff, 0xfc, 0x3, 0xff, 0xff, 0xff, 0xff,
    0xc0, 0x3f, 0xff, 0xff, 0xff, 0xfc, 0x3, 0xff,
    0xff, 0xff, 0xff, 0xc0, 0x3f, 0xff, 0xff, 0xff,
    0xfc, 0x3, 0xff, 0xff, 0xff, 0xff, 0xc0, 0x3f,
    0xff, 0xff, 0xff, 0xfc, 0x3, 0xff, 0xff, 0xff,
    0xff, 0xc0, 0x3f, 0xff, 0xf7, 0xff, 0xfe, 0x7,
    0xff, 0xfe, 0x7f, 0xff, 0xf0, 0xff, 0xff, 0xe7,
    0xff, 0xff, 0xff, 0xff, 0xfe, 0x7f, 0xff, 0xff,
    0xff, 0xff, 0xe3, 0xff, 0xff, 0xff, 0xff, 0xfc,
    0x3f, 0xff, 0xff, 0xff, 0xff, 0xc1, 0xff, 0xff,
    0xff, 0xff, 0xf8, 0x1f, 0xff, 0xff, 0xff, 0xff,
    0x80, 0xff, 0xff, 0xff, 0xff, 0xf0, 0x7, 0xff,
    0xff, 0xff, 0xfe, 0x0, 0x7f, 0xff, 0xff, 0xff,
    0xc0, 0x1, 0xff, 0xff, 0xff, 0xf8, 0x0, 0xf,
    0xff, 0xff, 0xfe, 0x0, 0x0, 0x3f, 0xff, 0xff,
    0xc0, 0x0, 0x0, 0xff, 0xff, 0xe0, 0x0, 0x0,
    0x0, 0xff, 0xf0, 0x0, 0x0,

    /* U+0074 "t" */
    0x7, 0xff, 0xfc, 0x0, 0xff, 0xff, 0x80, 0x1f,
    0xff, 0xf0, 0x3, 0xff, 0xfe, 0x0, 0x7f, 0xff,
    0xc0, 0xf, 0xff, 0xf8, 0x1, 0xff, 0xff, 0x0,
    0x3f, 0xff, 0xe0, 0x7, 0xff, 0xfc, 0x0, 0xff,
    0xff, 0x80, 0x1f, 0xff, 0xf0, 0x3, 0xff, 0xfe,
    0x0, 0x7f, 0xff, 0xc0, 0xf, 0xff, 0xf8, 0x1,
    0xff, 0xff, 0x7, 0xff, 0xff, 0xff, 0xff, 0xff,
    0xff, 0xff, 0xff, 0xff, 0xff, 0xff, 0xff, 0xff,
    0xff, 0xff, 0xff, 0xff, 0xff, 0xff, 0xff, 0xff,
    0xff, 0xff, 0xff, 0xff, 0xff, 0xff, 0xff, 0xff,
    0xff, 0xff, 0xff, 0xff, 0xff, 0xff, 0xff, 0xff,
    0xff, 0xff, 0xff, 0xff, 0xff, 0xff, 0xf0, 0x7f,
    0xff, 0xc0, 0xf, 0xff, 0xf8, 0x1, 0xff, 0xff,
    0x0, 0x3f, 0xff, 0xe0, 0x7, 0xff, 0xfc, 0x0,
    0xff, 0xff, 0x80, 0x1f, 0xff, 0xf0, 0x3, 0xff,
    0xfe, 0x0, 0x7f, 0xff, 0xc0, 0xf, 0xff, 0xf8,
    0x1, 0xff, 0xff, 0x0, 0x3f, 0xff, 0xe0, 0x7,
    0xff, 0xfc, 0x0, 0xff, 0xff, 0x80, 0x1f, 0xff,
    0xf0, 0x3, 0xff, 0xfe, 0x0, 0x7f, 0xff, 0xc0,
    0xf, 0xff, 0xf8, 0x1, 0xff, 0xff, 0x0, 0x3f,
    0xff, 0xe0, 0x7, 0xff, 0xfc, 0x0, 0xff, 0xff,
    0x80, 0x1f, 0xff, 0xf0, 0x3, 0xff, 0xfe, 0x0,
    0x7f, 0xff, 0xc0, 0xf, 0xff, 0xf8, 0x1, 0xff,
    0xff, 0x0, 0x3f, 0xff, 0xe0, 0x7, 0xff, 0xfc,
    0x0, 0xff, 0xff, 0x80, 0x1f, 0xff, 0xf0, 0x3,
    0xff, 0xfe, 0x0, 0x7f, 0xff, 0xc0, 0xf, 0xff,
    0xf8, 0x1, 0xff, 0xff, 0x0, 0x3f, 0xff, 0xe0,
    0x7, 0xff, 0xfc, 0x0, 0xff, 0xff, 0x80, 0x1f,
    0xff, 0xf0, 0x3, 0xff, 0xfe, 0x0, 0x7f, 0xff,
    0xc0, 0xf, 0xff, 0xf8, 0x1, 0xff, 0xff, 0x0,
    0x3f, 0xff, 0xe0, 0x7, 0xff, 0xfe, 0x0, 0xff,
    0xff, 0xfc, 0x1f, 0xff, 0xff, 0x83, 0xff, 0xff,
    0xf0, 0x7f, 0xff, 0xfe, 0xf, 0xff, 0xff, 0xc1,
    0xff, 0xff, 0xf8, 0x1f, 0xff, 0xff, 0x3, 0xff,
    0xff, 0xe0, 0x7f, 0xff, 0xfc, 0x7, 0xff, 0xff,
    0x80, 0x7f, 0xff, 0xf0, 0x7, 0xff, 0xfe, 0x0,
    0x1f, 0xfc, 0x0,

    /* U+0075 "u" */
    0xff, 0xff, 0xc0, 0x7f, 0xff, 0xff, 0xff, 0xf8,
    0xf, 0xff, 0xff, 0xff, 0xff, 0x1, 0xff, 0xff,
    0xff, 0xff, 0xe0, 0x3f, 0xff, 0xff, 0xff, 0xfc,
    0x7, 0xff, 0xff, 0xff, 0xff, 0x80, 0xff, 0xff,
    0xff, 0xff, 0xf0, 0x1f, 0xff, 0xff, 0xff, 0xfe,
    0x3, 0xff, 0xff, 0xff, 0xff, 0xc0, 0x7f, 0xff,
    0xff, 0xff, 0xf8, 0xf, 0xff, 0xff, 0xff, 0xff,
    0x1, 0xff, 0xff, 0xff, 0xff, 0xe0, 0x3f, 0xff,
    0xff, 0xff, 0xfc, 0x7, 0xff, 0xff, 0xff, 0xff,
    0x80, 0xff, 0xff, 0xff, 0xff, 0xf0, 0x1f, 0xff,
    0xff, 0xff, 0xfe, 0x3, 0xff, 0xff, 0xff, 0xff,
    0xc0, 0x7f, 0xff, 0xff, 0xff, 0xf8, 0xf, 0xff,
    0xff, 0xff, 0xff, 0x1, 0xff, 0xff, 0xff, 0xff,
    0xe0, 0x3f, 0xff, 0xff, 0xff, 0xfc, 0x7, 0xff,
    0xff, 0xff, 0xff, 0x80, 0xff, 0xff, 0xff, 0xff,
    0xf0, 0x1f, 0xff, 0xff, 0xff, 0xfe, 0x3, 0xff,
    0xff, 0xff, 0xff, 0xc0, 0x7f, 0xff, 0xff, 0xff,
    0xf8, 0xf, 0xff, 0xff, 0xff, 0xff, 0x1, 0xff,
    0xff, 0xff, 0xff, 0xe0, 0x3f, 0xff, 0xff, 0xff,
    0xfc, 0x7, 0xff, 0xff, 0xff, 0xff, 0x80, 0xff,
    0xff, 0xff, 0xff, 0xf0, 0x1f, 0xff, 0xff, 0xff,
    0xfe, 0x3, 0xff, 0xff, 0xff, 0xff, 0xc0, 0x7f,
    0xff, 0xff, 0xff, 0xf8, 0xf, 0xff, 0xff, 0xff,
    0xff, 0x1, 0xff, 0xff, 0xff, 0xff, 0xe0, 0x3f,
    0xff, 0xff, 0xff, 0xfc, 0x7, 0xff, 0xff, 0xff,
    0xff, 0x80, 0xff, 0xff, 0xff, 0xff, 0xf0, 0x1f,
    0xff, 0xff, 0xff, 0xfe, 0x3, 0xff, 0xff, 0xff,
    0xff, 0xc0, 0x7f, 0xff, 0xff, 0xff, 0xf8, 0xf,
    0xff, 0xff, 0xff, 0xff, 0x1, 0xff, 0xff, 0xff,
    0xff, 0xe0, 0x3f, 0xff, 0xff, 0xff, 0xfc, 0x7,
    0xff, 0xff, 0xff, 0xff, 0x80, 0xff, 0xff, 0xff,
    0xff, 0xf0, 0x1f, 0xff, 0xff, 0xff, 0xfe, 0x3,
    0xff, 0xff, 0xff, 0xff, 0xc0, 0x7f, 0xff, 0xff,
    0xff, 0xf8, 0xf, 0xff, 0xff, 0xff, 0xff, 0x1,
    0xff, 0xff, 0xff, 0xff, 0xe0, 0x3f, 0xff, 0xff,
    0xff, 0xfc, 0x7, 0xff, 0xff, 0xff, 0xff, 0x80,
    0xff, 0xff, 0xff, 0xff, 0xf0, 0x1f, 0xff, 0xff,
    0xff, 0xfe, 0x3, 0xff, 0xff, 0xff, 0xff, 0xc0,
    0x7f, 0xff, 0xff, 0xff, 0xf8, 0x1f, 0xff, 0xff,
    0xff, 0xff, 0x83, 0xff, 0xff, 0xff, 0xff, 0xf0,
    0xff, 0xff, 0xff, 0xff, 0xff, 0xff, 0xff, 0xff,
    0xff, 0xff, 0xff, 0xff, 0xff, 0xdf, 0xff, 0xff,
    0xff, 0xff, 0xfb, 0xff, 0xff, 0xff, 0xff, 0xff,
    0x7f, 0xff, 0xff, 0xff, 0xff, 0xef, 0xff, 0xff,
    0xff, 0xff, 0xfc, 0xff, 0xff, 0xfd, 0xff, 0xff,
    0x9f, 0xff, 0xff, 0xbf, 0xff, 0xf1, 0xff, 0xff,
    0xf7, 0xff, 0xfe, 0x3f, 0xff, 0xfc, 0xff, 0xff,
    0xc3, 0xff, 0xff, 0x1f, 0xff, 0xf8, 0x3f, 0xff,
    0xc3, 0xff, 0xff, 0x1, 0xff, 0xf0, 0x7f, 0xff,
    0xe0, 0xf, 0xf8, 0x0, 0x0, 0x0,

    /* U+0076 "v" */
    0xff, 0xff, 0xc0, 0x3f, 0xff, 0xff, 0xff, 0xfc,
    0x3, 0xff, 0xff, 0xff, 0xff, 0xc0, 0x3f, 0xff,
    0xf7, 0xff, 0xfc, 0x3, 0xff, 0xfe, 0x7f, 0xff,
    0xc0, 0x3f, 0xff, 0xe7, 0xff, 0xfc, 0x3, 0xff,
    0xfe, 0x7f, 0xff, 0xc0, 0x3f, 0xff, 0xe7, 0xff,
    0xfc, 0x3, 0xff, 0xfe, 0x7f, 0xff, 0xc0, 0x3f,
    0xff, 0xe3, 0xff, 0xfc, 0x3, 0xff, 0xfc, 0x3f,
    0xff, 0xe0, 0x3f, 0xff, 0xc3, 0xff, 0xfe, 0x7,
    0xff, 0xfc, 0x3f, 0xff, 0xe0, 0x7f, 0xff, 0xc3,
    0xff, 0xfe, 0x7, 0xff, 0xfc, 0x3f, 0xff, 0xe0,
    0x7f, 0xff, 0xc1, 0xff, 0xfe, 0x7, 0xff, 0xf8,
    0x1f, 0xff, 0xe0, 0x7f, 0xff, 0x81, 0xff, 0xfe,
    0x7, 0xff, 0xf8, 0x1f, 0xff, 0xe0, 0x7f, 0xff,
    0x81, 0xff, 0xfe, 0x7, 0xff, 0xf8, 0x1f, 0xff,
    0xe0, 0x7f, 0xff, 0x80, 0xff, 0xfe, 0xf, 0xff,
    0xf8, 0xf, 0xff, 0xf0, 0xff, 0xff, 0x0, 0xff,
    0xff, 0xf, 0xff, 0xf0, 0xf, 0xff, 0xf0, 0xff,
    0xff, 0x0, 0xff, 0xff, 0xf, 0xff, 0xf0, 0xf,
    0xff, 0xf0, 0xff, 0xff, 0x0, 0x7f, 0xff, 0xf,
    0xff, 0xf0, 0x7, 0xff, 0xf0, 0xff, 0xfe, 0x0,
    0x7f, 0xff, 0xf, 0xff, 0xe0, 0x7, 0xff, 0xf0,
    0xff, 0xfe, 0x0, 0x7f, 0xff, 0x1f, 0xff, 0xe0,
    0x7, 0xff, 0xf1, 0xff, 0xfe, 0x0, 0x7f, 0xff,
    0x1f, 0xff, 0xe0, 0x3, 0xff, 0xf9, 0xff, 0xfc,
    0x0, 0x3f, 0xff, 0x9f, 0xff, 0xc0, 0x3, 0xff,
    0xf9, 0xff, 0xfc, 0x0, 0x3f, 0xff, 0x9f, 0xff,
    0xc0, 0x3, 0xff, 0xf9, 0xff, 0xfc, 0x0, 0x3f,
    0xff, 0x9f, 0xff, 0xc0, 0x1, 0xff, 0xf9, 0xff,
    0xf8, 0x0, 0x1f, 0xff, 0xbf, 0xff, 0x80, 0x1,
    0xff, 0xfb, 0xff, 0xf8, 0x0, 0x1f, 0xff, 0xbf,
    0xff, 0x80, 0x1, 0xff, 0xfb, 0xff, 0xf8, 0x0,
    0x1f, 0xff, 0xff, 0xff, 0x80, 0x0, 0xff, 0xff,
    0xff, 0xf0, 0x0, 0xf, 0xff, 0xff, 0xff, 0x0,
    0x0, 0xff, 0xff, 0xff, 0xf0, 0x0, 0xf, 0xff,
    0xff, 0xff, 0x0, 0x0, 0xff, 0xff, 0xff, 0xf0,
    0x0, 0xf, 0xff, 0xff, 0xff, 0x0, 0x0, 0x7f,
    0xff, 0xff, 0xe0, 0x0, 0x7, 0xff, 0xff, 0xfe,
    0x0, 0x0, 0x7f, 0xff, 0xff, 0xe0, 0x0, 0x7,
    0xff, 0xff, 0xfe, 0x0, 0x0, 0x7f, 0xff, 0xff,
    0xe0, 0x0, 0x7, 0xff, 0xff, 0xfe, 0x0, 0x0,
    0x3f, 0xff, 0xff, 0xc0, 0x0, 0x3, 0xff, 0xff,
    0xfc, 0x0, 0x0, 0x3f, 0xff, 0xff, 0xc0, 0x0,
    0x3, 0xff, 0xff, 0xfc, 0x0, 0x0, 0x3f, 0xff,
    0xff, 0xc0, 0x0, 0x3, 0xff, 0xff, 0xfc, 0x0,
    0x0, 0x3f, 0xff, 0xff, 0x80, 0x0, 0x1, 0xff,
    0xff, 0xf8, 0x0, 0x0, 0x1f, 0xff, 0xff, 0x80,
    0x0, 0x1, 0xff, 0xff, 0xf8, 0x0, 0x0, 0x1f,
    0xff, 0xff, 0x80, 0x0, 0x1, 0xff, 0xff, 0xf8,
    0x0, 0x0, 0x1f, 0xff, 0xff, 0x0, 0x0, 0x0,
    0xff, 0xff, 0xf0, 0x0, 0x0, 0xf, 0xff, 0xff,
    0x0, 0x0,

    /* U+0077 "w" */
    0xff, 0xfe, 0x0, 0xff, 0xff, 0x80, 0x3f, 0xff,
    0xbf, 0xff, 0x80, 0x7f, 0xff, 0xc0, 0x1f, 0xff,
    0xdf, 0xff, 0xc0, 0x3f, 0xff, 0xe0, 0xf, 0xff,
    0xef, 0xff, 0xe0, 0x1f, 0xff, 0xf8, 0x7, 0xff,
    0xf7, 0xff, 0xf0, 0xf, 0xff, 0xfc, 0x3, 0xff,
    0xfb, 0xff, 0xf8, 0x7, 0xff, 0xfe, 0x1, 0xff,
    0xfd, 0xff, 0xfc, 0x3, 0xff, 0xff, 0x0, 0xff,
    0xfc, 0xff, 0xfe, 0x1, 0xff, 0xff, 0x80, 0xff,
    0xfe, 0x7f, 0xff, 0x1, 0xff, 0xff, 0xc0, 0x7f,
    0xff, 0x3f, 0xff, 0xc0, 0xff, 0xff, 0xe0, 0x3f,
    0xff, 0x8f, 0xff, 0xe0, 0x7f, 0xff, 0xf8, 0x1f,
    0xff, 0xc7, 0xff, 0xf0, 0x3f, 0xff, 0xfc, 0xf,
    0xff, 0xe3, 0xff, 0xf8, 0x1f, 0xff, 0xfe, 0x7,
    0xff, 0xf1, 0xff, 0xfc, 0xf, 0xff, 0xff, 0x3,
    0xff, 0xf8, 0xff, 0xfe, 0x7, 0xff, 0xff, 0x81,
    0xff, 0xfc, 0x7f, 0xff, 0x3, 0xff, 0xff, 0xc0,
    0xff, 0xfc, 0x3f, 0xff, 0x81, 0xff, 0xff, 0xe0,
    0x7f, 0xfe, 0x1f, 0xff, 0xc0, 0xff, 0xff, 0xf0,
    0x7f, 0xff, 0x7, 0xff, 0xf0, 0xff, 0xff, 0xfc,
    0x3f, 0xff, 0x83, 0xff, 0xf8, 0x7f, 0xff, 0xfe,
    0x1f, 0xff, 0xc1, 0xff, 0xfc, 0x3f, 0xff, 0xff,
    0xf, 0xff, 0xe0, 0xff, 0xfe, 0x1f, 0xff, 0xff,
    0x87, 0xff, 0xf0, 0x7f, 0xff, 0xf, 0xff, 0xff,
    0xc3, 0xff, 0xf8, 0x3f, 0xff, 0x87, 0xff, 0xff,
    0xe1, 0xff, 0xf8, 0x1f, 0xff, 0xc3, 0xff, 0xff,
    0xf0, 0xff, 0xfc, 0xf, 0xff, 0xe1, 0xff, 0xff,
    0xf8, 0x7f, 0xfe, 0x3, 0xff, 0xf8, 0xff, 0xff,
    0xfe, 0x7f, 0xff, 0x1, 0xff, 0xfc, 0xff, 0xff,
    0xff, 0x3f, 0xff, 0x80, 0xff, 0xfe, 0x7f, 0xff,
    0xff, 0x9f, 0xff, 0xc0, 0x7f, 0xff, 0x3f, 0xff,
    0xff, 0xcf, 0xff, 0xe0, 0x3f, 0xff, 0x9f, 0xff,
    0xff, 0xe7, 0xff, 0xf0, 0x1f, 0xff, 0xcf, 0xff,
    0xff, 0xf3, 0xff, 0xf0, 0xf, 0xff, 0xe7, 0xff,
    0xff, 0xf9, 0xff, 0xf8, 0x7, 0xff, 0xf3, 0xff,
    0xbf, 0xfc, 0xff, 0xfc, 0x1, 0xff, 0xfd, 0xff,
    0xdf, 0xff, 0x7f, 0xfe, 0x0, 0xff, 0xfe, 0xff,
    0xef, 0xff, 0xbf, 0xff, 0x0, 0x7f, 0xff, 0xff,
    0xf7, 0xff, 0xff, 0xff, 0x80, 0x3f, 0xff, 0xff,
    0xfb, 0xff, 0xff, 0xff, 0xc0, 0x1f, 0xff, 0xff,
    0xfc, 0xff, 0xff, 0xff, 0xe0, 0xf, 0xff, 0xff,
    0xfe, 0x7f, 0xff, 0xff, 0xe0, 0x7, 0xff, 0xff,
    0xff, 0x3f, 0xff, 0xff, 0xf0, 0x3, 0xff, 0xff,
    0xff, 0x9f, 0xff, 0xff, 0xf8, 0x1, 0xff, 0xff,
    0xff, 0x8f, 0xff, 0xff, 0xfc, 0x0, 0x7f, 0xff,
    0xff, 0xc7, 0xff, 0xff, 0xfe, 0x0, 0x3f, 0xff,
    0xff, 0xe3, 0xff, 0xff, 0xff, 0x0, 0x1f, 0xff,
    0xff, 0xf1, 0xff, 0xff, 0xff, 0x80, 0xf, 0xff,
    0xff, 0xf8, 0x7f, 0xff, 0xff, 0xc0, 0x7, 0xff,
    0xff, 0xfc, 0x3f, 0xff, 0xff, 0xc0, 0x3, 0xff,
    0xff, 0xfe, 0x1f, 0xff, 0xff, 0xe0, 0x1, 0xff,
    0xff, 0xff, 0xf, 0xff, 0xff, 0xf0, 0x0, 0xff,
    0xff, 0xff, 0x87, 0xff, 0xff, 0xf8, 0x0, 0x3f,
    0xff, 0xff, 0x83, 0xff, 0xff, 0xfc, 0x0, 0x1f,
    0xff, 0xff, 0xc1, 0xff, 0xff, 0xfe, 0x0, 0xf,
    0xff, 0xff, 0xe0, 0xff, 0xff, 0xff, 0x0, 0x7,
    0xff, 0xff, 0xf0, 0x3f, 0xff, 0xff, 0x80, 0x3,
    0xff, 0xff, 0xf8, 0x1f, 0xff, 0xff, 0xc0, 0x1,
    0xff, 0xff, 0xfc, 0xf, 0xff, 0xff, 0xc0, 0x0,
    0xff, 0xff, 0xfe, 0x7, 0xff, 0xff, 0xe0, 0x0,
    0x7f, 0xff, 0xff, 0x3, 0xff, 0xff, 0xf0, 0x0,
    0x1f, 0xff, 0xff, 0x81, 0xff, 0xff, 0xf8, 0x0,
    0xf, 0xff, 0xff, 0x80, 0xff, 0xff, 0xfc, 0x0,
    0x7, 0xff, 0xff, 0xc0, 0x7f, 0xff, 0xfe, 0x0,
    0x3, 0xff, 0xff, 0xe0, 0x1f, 0xff, 0xff, 0x0,
    0x1, 0xff, 0xff, 0xf0, 0xf, 0xff, 0xff, 0x80,
    0x0, 0xff, 0xff, 0xf8, 0x7, 0xff, 0xff, 0x80,
    0x0, 0x7f, 0xff, 0xfc, 0x3, 0xff, 0xff, 0xc0,
    0x0, 0x3f, 0xff, 0xfe, 0x1, 0xff, 0xff, 0xe0,
    0x0, 0xf, 0xff, 0xff, 0x0, 0xff, 0xff, 0xf0,
    0x0, 0x7, 0xff, 0xff, 0x80, 0x7f, 0xff, 0xf8,
    0x0, 0x3, 0xff, 0xff, 0x80, 0x3f, 0xff, 0xfc,
    0x0, 0x1, 0xff, 0xff, 0xc0, 0xf, 0xff, 0xfe,
    0x0, 0x0, 0xff, 0xff, 0xe0, 0x7, 0xff, 0xff,
    0x0, 0x0, 0x7f, 0xff, 0xf0, 0x3, 0xff, 0xff,
    0x0, 0x0,

    /* U+0078 "x" */
    0x3f, 0xff, 0xf0, 0x0, 0xff, 0xf8, 0xff, 0xff,
    0xc0, 0x7, 0xff, 0xc1, 0xff, 0xff, 0x0, 0x1f,
    0xff, 0x7, 0xff, 0xfe, 0x0, 0x7f, 0xfc, 0x1f,
    0xff, 0xf8, 0x3, 0xff, 0xe0, 0x3f, 0xff, 0xe0,
    0xf, 0xff, 0x80, 0xff, 0xff, 0xc0, 0x3f, 0xfe,
    0x3, 0xff, 0xff, 0x1, 0xff, 0xf0, 0x7, 0xff,
    0xfc, 0x7, 0xff, 0xc0, 0x1f, 0xff, 0xf8, 0x1f,
    0xff, 0x0, 0x7f, 0xff, 0xe0, 0xff, 0xf8, 0x0,
    0xff, 0xff, 0xc3, 0xff, 0xe0, 0x3, 0xff, 0xff,
    0xf, 0xff, 0x80, 0xf, 0xff, 0xfc, 0x7f, 0xfc,
    0x0, 0x1f, 0xff, 0xf9, 0xff, 0xf0, 0x0, 0x7f,
    0xff, 0xef, 0xff, 0xc0, 0x0, 0xff, 0xff, 0xbf,
    0xfe, 0x0, 0x3, 0xff, 0xff, 0xff, 0xf8, 0x0,
    0xf, 0xff, 0xff, 0xff, 0xc0, 0x0, 0x1f, 0xff,
    0xff, 0xff, 0x0, 0x0, 0x7f, 0xff, 0xff, 0xfc,
    0x0, 0x1, 0xff, 0xff, 0xff, 0xe0, 0x0, 0x3,
    0xff, 0xff, 0xff, 0x80, 0x0, 0xf, 0xff, 0xff,
    0xfe, 0x0, 0x0, 0x3f, 0xff, 0xff, 0xf0, 0x0,
    0x0, 0x7f, 0xff, 0xff, 0xc0, 0x0, 0x1, 0xff,
    0xff, 0xff, 0x0, 0x0, 0x3, 0xff, 0xff, 0xf8,
    0x0, 0x0, 0xf, 0xff, 0xff, 0xe0, 0x0, 0x0,
    0x3f, 0xff, 0xff, 0x80, 0x0, 0x0, 0x7f, 0xff,
    0xfc, 0x0, 0x0, 0x1, 0xff, 0xff, 0xf0, 0x0,
    0x0, 0x7, 0xff, 0xff, 0xc0, 0x0, 0x0, 0xf,
    0xff, 0xfe, 0x0, 0x0, 0x0, 0x3f, 0xff, 0xf8,
    0x0, 0x0, 0x1, 0xff, 0xff, 0xe0, 0x0, 0x0,
    0x7, 0xff, 0xff, 0x0, 0x0, 0x0, 0x1f, 0xff,
    0xfe, 0x0, 0x0, 0x0, 0xff, 0xff, 0xf8, 0x0,
    0x0, 0x3, 0xff, 0xff, 0xf0, 0x0, 0x0, 0xf,
    0xff, 0xff, 0xc0, 0x0, 0x0, 0x7f, 0xff, 0xff,
    0x0, 0x0, 0x1, 0xff, 0xff, 0xfe, 0x0, 0x0,
    0xf, 0xff, 0xff, 0xf8, 0x0, 0x0, 0x3f, 0xff,
    0xff, 0xe0, 0x0, 0x0, 0xff, 0xff, 0xff, 0xc0,
    0x0, 0x7, 0xff, 0xff, 0xff, 0x0, 0x0, 0x1f,
    0xff, 0xff, 0xfc, 0x0, 0x0, 0x7f, 0xff, 0xff,
    0xf8, 0x0, 0x3, 0xff, 0xff, 0xff, 0xe0, 0x0,
    0xf, 0xff, 0xff, 0xff, 0x80, 0x0, 0x3f, 0xff,
    0xff, 0xff, 0x0, 0x1, 0xff, 0xff, 0xff, 0xfc,
    0x0, 0x7, 0xff, 0xdf, 0xff, 0xf8, 0x0, 0x1f,
    0xff, 0x7f, 0xff, 0xe0, 0x0, 0xff, 0xfc, 0xff,
    0xff, 0x80, 0x3, 0xff, 0xe3, 0xff, 0xff, 0x0,
    0xf, 0xff, 0x8f, 0xff, 0xfc, 0x0, 0x7f, 0xfe,
    0x1f, 0xff, 0xf0, 0x1, 0xff, 0xf0, 0x7f, 0xff,
    0xe0, 0x7, 0xff, 0xc1, 0xff, 0xff, 0x80, 0x3f,
    0xff, 0x3, 0xff, 0xfe, 0x0, 0xff, 0xf8, 0xf,
    0xff, 0xfc, 0x3, 0xff, 0xe0, 0x1f, 0xff, 0xf0,
    0x1f, 0xff, 0x80, 0x7f, 0xff, 0xc0, 0x7f, 0xfc,
    0x1, 0xff, 0xff, 0x81, 0xff, 0xf0, 0x3, 0xff,
    0xfe, 0xf, 0xff, 0x80, 0xf, 0xff, 0xfc, 0x3f,
    0xfe, 0x0, 0x3f, 0xff, 0xf0, 0xff, 0xf8, 0x0,
    0x7f, 0xff, 0xc7, 0xff, 0xc0, 0x1, 0xff, 0xff,
    0x9f, 0xff, 0x0, 0x7, 0xff, 0xfe, 0x7f, 0xfc,
    0x0, 0xf, 0xff, 0xf8,

    /* U+0079 "y" */
    0xff, 0xff, 0x80, 0x1f, 0xff, 0xff, 0xff, 0xf8,
    0x1, 0xff, 0xff, 0xff, 0xff, 0x80, 0x1f, 0xff,
    0xff, 0xff, 0xf8, 0x1, 0xff, 0xff, 0xff, 0xff,
    0x80, 0x1f, 0xff, 0xef, 0xff, 0xf8, 0x1, 0xff,
    0xfe, 0x7f, 0xff, 0x80, 0x1f, 0xff, 0xe7, 0xff,
    0xf8, 0x1, 0xff, 0xfe, 0x7f, 0xff, 0x80, 0x3f,
    0xff, 0xe7, 0xff, 0xf8, 0x3, 0xff, 0xfe, 0x7f,
    0xff, 0xc0, 0x3f, 0xff, 0xc7, 0xff, 0xfc, 0x3,
    0xff, 0xfc, 0x3f, 0xff, 0xc0, 0x3f, 0xff, 0xc3,
    0xff, 0xfc, 0x3, 0xff, 0xfc, 0x3f, 0xff, 0xc0,
    0x3f, 0xff, 0xc3, 0xff, 0xfc, 0x3, 0xff, 0xf8,
    0x3f, 0xff, 0xc0, 0x3f, 0xff, 0x83, 0xff, 0xfc,
    0x7, 0xff, 0xf8, 0x1f, 0xff, 0xc0, 0x7f, 0xff,
    0x81, 0xff, 0xfc, 0x7, 0xff, 0xf8, 0x1f, 0xff,
    0xc0, 0x7f, 0xff, 0x81, 0xff, 0xfe, 0x7, 0xff,
    0xf0, 0x1f, 0xff, 0xe0, 0x7f, 0xff, 0x1, 0xff,
    0xfe, 0x7, 0xff, 0xf0, 0xf, 0xff, 0xe0, 0x7f,
    0xff, 0x0, 0xff, 0xfe, 0x7, 0xff, 0xf0, 0xf,
    0xff, 0xe0, 0xff, 0xff, 0x0, 0xff, 0xfe, 0xf,
    0xff, 0xe0, 0xf, 0xff, 0xe0, 0xff, 0xfe, 0x0,
    0xff, 0xfe, 0xf, 0xff, 0xe0, 0x7, 0xff, 0xe0,
    0xff, 0xfe, 0x0, 0x7f, 0xfe, 0xf, 0xff, 0xe0,
    0x7, 0xff, 0xf0, 0xff, 0xfc, 0x0, 0x7f, 0xff,
    0xf, 0xff, 0xc0, 0x7, 0xff, 0xf0, 0xff, 0xfc,
    0x0, 0x7f, 0xff, 0xf, 0xff, 0xc0, 0x3, 0xff,
    0xf1, 0xff, 0xfc, 0x0, 0x3f, 0xff, 0x1f, 0xff,
    0xc0, 0x3, 0xff, 0xf1, 0xff, 0xf8, 0x0, 0x3f,
    0xff, 0x1f, 0xff, 0x80, 0x3, 0xff, 0xf1, 0xff,
    0xf8, 0x0, 0x3f, 0xff, 0x1f, 0xff, 0x80, 0x1,
    0xff, 0xf1, 0xff, 0xf8, 0x0, 0x1f, 0xff, 0x9f,
    0xff, 0x80, 0x1, 0xff, 0xf9, 0xff, 0xf0, 0x0,
    0x1f, 0xff, 0xbf, 0xff, 0x0, 0x1, 0xff, 0xfb,
    0xff, 0xf0, 0x0, 0x1f, 0xff, 0xbf, 0xff, 0x0,
    0x1, 0xff, 0xfb, 0xff, 0xf0, 0x0, 0xf, 0xff,
    0xbf, 0xfe, 0x0, 0x0, 0xff, 0xfb, 0xff, 0xe0,
    0x0, 0xf, 0xff, 0xbf, 0xfe, 0x0, 0x0, 0xff,
    0xfb, 0xff, 0xe0, 0x0, 0xf, 0xff, 0xbf, 0xfe,
    0x0, 0x0, 0xff, 0xff, 0xff, 0xe0, 0x0, 0x7,
    0xff, 0xff, 0xfc, 0x0, 0x0, 0x7f, 0xff, 0xff,
    0xc0, 0x0, 0x7, 0xff, 0xff, 0xfc, 0x0, 0x0,
    0x7f, 0xff, 0xff, 0xc0, 0x0, 0x7, 0xff, 0xff,
    0xfc, 0x0, 0x0, 0x7f, 0xff, 0xff, 0xc0, 0x0,
    0x3, 0xff, 0xff, 0xf8, 0x0, 0x0, 0x3f, 0xff,
    0xff, 0x80, 0x0, 0x3, 0xff, 0xff, 0xf8, 0x0,
    0x0, 0x3f, 0xff, 0xff, 0x80, 0x0, 0x3, 0xff,
    0xff, 0xf8, 0x0, 0x0, 0x3f, 0xff, 0xff, 0x0,
    0x0, 0x1, 0xff, 0xff, 0xf0, 0x0, 0x0, 0x1f,
    0xff, 0xff, 0x0, 0x0, 0x1, 0xff, 0xff, 0xf0,
    0x0, 0x0, 0x1f, 0xff, 0xff, 0x0, 0x0, 0x1,
    0xff, 0xff, 0xf0, 0x0, 0x0, 0x1f, 0xff, 0xfe,
    0x0, 0x0, 0x1, 0xff, 0xff, 0xe0, 0x0, 0x0,
    0x1f, 0xff, 0xfe, 0x0, 0x7, 0xff, 0xff, 0xff,
    0xe0, 0x0, 0x7f, 0xff, 0xff, 0xfe, 0x0, 0x7,
    0xff, 0xff, 0xff, 0xe0, 0x0, 0x7f, 0xff, 0xff,
    0xfc, 0x0, 0x7, 0xff, 0xff, 0xff, 0xc0, 0x0,
    0x7f, 0xff, 0xff, 0xfc, 0x0, 0x7, 0xff, 0xff,
    0xff, 0x80, 0x0, 0x7f, 0xff, 0xff, 0xf8, 0x0,
    0x7, 0xff, 0xff, 0xff, 0x0, 0x0, 0x7f, 0xff,
    0xff, 0xe0, 0x0, 0x7, 0xff, 0xff, 0xf8, 0x0,
    0x0,

    /* U+007A "z" */
    0x7f, 0xff, 0xff, 0xff, 0xfb, 0xff, 0xff, 0xff,
    0xff, 0xdf, 0xff, 0xff, 0xff, 0xfe, 0xff, 0xff,
    0xff, 0xff, 0xf7, 0xff, 0xff, 0xff, 0xff, 0xbf,
    0xff, 0xff, 0xff, 0xfd, 0xff, 0xff, 0xff, 0xff,
    0xef, 0xff, 0xff, 0xff, 0xff, 0x7f, 0xff, 0xff,
    0xff, 0xfb, 0xff, 0xff, 0xff, 0xff, 0xdf, 0xff,
    0xff, 0xff, 0xfe, 0xff, 0xff, 0xff, 0xff, 0xf7,
    0xff, 0xff, 0xff, 0xff, 0xbf, 0xff, 0xff, 0xff,
    0xf8, 0x0, 0x0, 0xff, 0xff, 0xc0, 0x0, 0x7,
    0xff, 0xfe, 0x0, 0x0, 0x3f, 0xff, 0xe0, 0x0,
    0x3, 0xff, 0xff, 0x0, 0x0, 0x1f, 0xff, 0xf8,
    0x0, 0x1, 0xff, 0xff, 0x80, 0x0, 0xf, 0xff,
    0xfc, 0x0, 0x0, 0x7f, 0xff, 0xe0, 0x0, 0x7,
    0xff, 0xfe, 0x0, 0x0, 0x3f, 0xff, 0xf0, 0x0,
    0x1, 0xff, 0xff, 0x0, 0x0, 0x1f, 0xff, 0xf8,
    0x0, 0x0, 0xff, 0xff, 0xc0, 0x0, 0xf, 0xff,
    0xfc, 0x0, 0x0, 0x7f, 0xff, 0xe0, 0x0, 0x3,
    0xff, 0xff, 0x0, 0x0, 0x3f, 0xff, 0xf0, 0x0,
    0x1, 0xff, 0xff, 0x80, 0x0, 0x1f, 0xff, 0xfc,
    0x0, 0x0, 0xff, 0xff, 0xc0, 0x0, 0x7, 0xff,
    0xfe, 0x0, 0x0, 0x7f, 0xff, 0xe0, 0x0, 0x3,
    0xff, 0xff, 0x0, 0x0, 0x1f, 0xff, 0xf8, 0x0,
    0x1, 0xff, 0xff, 0x80, 0x0, 0xf, 0xff, 0xfc,
    0x0, 0x0, 0xff, 0xff, 0xe0, 0x0, 0x7, 0xff,
    0xfe, 0x0, 0x0, 0x3f, 0xff, 0xf0, 0x0, 0x3,
    0xff, 0xff, 0x80, 0x0, 0x1f, 0xff, 0xf8, 0x0,
    0x1, 0xff, 0xff, 0xc0, 0x0, 0xf, 0xff, 0xfc,
    0x0, 0x0, 0x7f, 0xff, 0xe0, 0x0, 0x7, 0xff,
    0xff, 0x0, 0x0, 0x3f, 0xff, 0xf0, 0x0, 0x1,
    0xff, 0xff, 0x80, 0x0, 0x1f, 0xff, 0xfc, 0x0,
    0x0, 0xff, 0xff, 0xc0, 0x0, 0xf, 0xff, 0xfe,
    0x0, 0x0, 0x7f, 0xff, 0xf0, 0x0, 0x3, 0xff,
    0xff, 0x0, 0x0, 0x3f, 0xff, 0xf8, 0x0, 0x1,
    0xff, 0xff, 0x80, 0x0, 0x1f, 0xff, 0xfc, 0x0,
    0x0, 0xff, 0xff, 0xe0, 0x0, 0x7, 0xff, 0xff,
    0xff, 0xff, 0xff, 0xff, 0xff, 0xff, 0xff, 0xff,
    0xff, 0xff, 0xff, 0xff, 0xff, 0xff, 0xff, 0xff,
    0xff, 0xff, 0xff, 0xff, 0xff, 0xff, 0xff, 0xff,
    0xff, 0xff, 0xff, 0xff, 0xff, 0xff, 0xff, 0xff,
    0xff, 0xff, 0xff, 0xff, 0xff, 0xff, 0xff, 0xff,
    0xff, 0xff, 0xff, 0xff, 0xff, 0xff, 0xff, 0xff,
    0xff, 0xff, 0xff, 0xff, 0xff, 0xff, 0xff, 0xff,
    0xff, 0xf8,

    /* U+007B "{" */
    0x0, 0x0, 0x3, 0xfe, 0x0, 0x0, 0xff, 0xfc,
    0x0, 0xf, 0xff, 0xf8, 0x0, 0x7f, 0xff, 0xf0,
    0x1, 0xff, 0xff, 0xe0, 0x7, 0xff, 0xff, 0xc0,
    0x1f, 0xff, 0xff, 0x80, 0x3f, 0xff, 0xff, 0x0,
    0xff, 0xff, 0xfe, 0x1, 0xff, 0xff, 0xfc, 0x3,
    0xff, 0xff, 0xf8, 0x7, 0xff, 0xff, 0xf0, 0x1f,
    0xff, 0xff, 0xe0, 0x3f, 0xff, 0xfc, 0x0, 0x7f,
    0xff, 0xe0, 0x0, 0xff, 0xff, 0x80, 0x1, 0xff,
    0xff, 0x0, 0x3, 0xff, 0xfe, 0x0, 0x7, 0xff,
    0xfc, 0x0, 0xf, 0xff, 0xf8, 0x0, 0x1f, 0xff,
    0xf0, 0x0, 0x3f, 0xff, 0xe0, 0x0, 0x7f, 0xff,
    0xc0, 0x0, 0xff, 0xff, 0x80, 0x1, 0xff, 0xff,
    0x0, 0x3, 0xff, 0xfe, 0x0, 0x7, 0xff, 0xfc,
    0x0, 0xf, 0xff, 0xf8, 0x0, 0x1f, 0xff, 0xf0,
    0x0, 0x3f, 0xff, 0xe0, 0x0, 0x7f, 0xff, 0xc0,
    0x0, 0xff, 0xff, 0x80, 0x1, 0xff, 0xff, 0x0,
    0x3, 0xff, 0xfe, 0x0, 0x7, 0xff, 0xfc, 0x0,
    0xf, 0xff, 0xf8, 0x0, 0x1f, 0xff, 0xf0, 0x0,
    0x3f, 0xff, 0xe0, 0x0, 0x7f, 0xff, 0xc0, 0x1,
    0xff, 0xff, 0x80, 0x3, 0xff, 0xfe, 0x0, 0x7,
    0xff, 0xfc, 0x0, 0x1f, 0xff, 0xf8, 0x0, 0xff,
    0xff, 0xe0, 0xf, 0xff, 0xff, 0x80, 0x1f, 0xff,
    0xff, 0x0, 0x3f, 0xff, 0xf8, 0x0, 0x7f, 0xff,
    0xe0, 0x0, 0xff, 0xfe, 0x0, 0x1, 0xff, 0xfc,
    0x0, 0x3, 0xff, 0xff, 0x0, 0x7, 0xff, 0xff,
    0x0, 0xf, 0xff, 0xff, 0x80, 0x1f, 0xff, 0xff,
    0x0, 0x7, 0xff, 0xff, 0x0, 0x3, 0xff, 0xff,
    0x0, 0x3, 0xff, 0xfe, 0x0, 0x7, 0xff, 0xfc,
    0x0, 0xf, 0xff, 0xfc, 0x0, 0xf, 0xff, 0xf8,
    0x0, 0x1f, 0xff, 0xf0, 0x0, 0x3f, 0xff, 0xe0,
    0x0, 0x7f, 0xff, 0xc0, 0x0, 0xff, 0xff, 0x80,
    0x1, 0xff, 0xff, 0x0, 0x3, 0xff, 0xfe, 0x0,
    0x7, 0xff, 0xfc, 0x0, 0xf, 0xff, 0xf8, 0x0,
    0x1f, 0xff, 0xf0, 0x0, 0x3f, 0xff, 0xe0, 0x0,
    0x7f, 0xff, 0xc0, 0x0, 0xff, 0xff, 0x80, 0x1,
    0xff, 0xff, 0x0, 0x3, 0xff, 0xfe, 0x0, 0x7,
    0xff, 0xfc, 0x0, 0xf, 0xff, 0xf8, 0x0, 0x1f,
    0xff, 0xf0, 0x0, 0x3f, 0xff, 0xe0, 0x0, 0x7f,
    0xff, 0xc0, 0x0, 0xff, 0xff, 0x80, 0x1, 0xff,
    0xff, 0x0, 0x3, 0xff, 0xfe, 0x0, 0x7, 0xff,
    0xfc, 0x0, 0xf, 0xff, 0xfc, 0x0, 0x1f, 0xff,
    0xfe, 0x0, 0x3f, 0xff, 0xff, 0xc0, 0x3f, 0xff,
    0xff, 0x80, 0x7f, 0xff, 0xff, 0x0, 0xff, 0xff,
    0xfe, 0x1, 0xff, 0xff, 0xfc, 0x1, 0xff, 0xff,
    0xf8, 0x1, 0xff, 0xff, 0xf0, 0x3, 0xff, 0xff,
    0xe0, 0x3, 0xff, 0xff, 0xc0, 0x3, 0xff, 0xff,
    0x80, 0x1, 0xff, 0xff, 0x0, 0x0, 0x7f, 0xfe,
    0x0, 0x0, 0x7, 0xfc,

    /* U+007C "|" */
    0xff, 0xff, 0xff, 0xff, 0xff, 0xff, 0xff, 0xff,
    0xff, 0xff, 0xff, 0xff, 0xff, 0xff, 0xff, 0xff,
    0xff, 0xff, 0xff, 0xff, 0xff, 0xff, 0xff, 0xff,
    0xff, 0xff, 0xff, 0xff, 0xff, 0xff, 0xff, 0xff,
    0xff, 0xff, 0xff, 0xff, 0xff, 0xff, 0xff, 0xff,
    0xff, 0xff, 0xff, 0xff, 0xff, 0xff, 0xff, 0xff,
    0xff, 0xff, 0xff, 0xff, 0xff, 0xff, 0xff, 0xff,
    0xff, 0xff, 0xff, 0xff, 0xff, 0xff, 0xff, 0xff,
    0xff, 0xff, 0xff, 0xff, 0xff, 0xff, 0xff, 0xff,
    0xff, 0xff, 0xff, 0xff, 0xff, 0xff, 0xff, 0xff,
    0xff, 0xff, 0xff, 0xff, 0xff, 0xff, 0xff, 0xff,
    0xff, 0xff, 0xff, 0xff, 0xff, 0xff, 0xff, 0xff,
    0xff, 0xff, 0xff, 0xff, 0xff, 0xff, 0xff, 0xff,
    0xff, 0xff, 0xff, 0xff, 0xff, 0xff, 0xff, 0xff,
    0xff, 0xff, 0xff, 0xff, 0xff, 0xff, 0xff, 0xff,
    0xff, 0xff, 0xff, 0xff, 0xff, 0xff, 0xff, 0xff,
    0xff, 0xff, 0xff, 0xff, 0xff, 0xff, 0xff, 0xff,
    0xff, 0xff, 0xff, 0xff, 0xff, 0xff, 0xff, 0xff,
    0xff, 0xff, 0xff, 0xff, 0xff, 0xff, 0xff, 0xff,
    0xff, 0xff, 0xff, 0xff, 0xff, 0xff, 0xff, 0xff,
    0xff, 0xff, 0xff, 0xff, 0xff, 0xff, 0xff, 0xff,
    0xff, 0xff, 0xff, 0xff, 0xff, 0xff, 0xff, 0xff,
    0xff, 0xff, 0xff, 0xff, 0xff, 0xff, 0xff, 0xff,
    0xff, 0xff, 0xff, 0xff, 0xff, 0xff, 0xff, 0xff,
    0xff, 0xff, 0xff, 0xff, 0xff, 0xff,

    /* U+007D "}" */
    0xff, 0x80, 0x0, 0x1, 0xff, 0xf8, 0x0, 0x3,
    0xff, 0xfe, 0x0, 0x7, 0xff, 0xff, 0x0, 0xf,
    0xff, 0xff, 0x0, 0x1f, 0xff, 0xff, 0x0, 0x3f,
    0xff, 0xfe, 0x0, 0x7f, 0xff, 0xfe, 0x0, 0xff,
    0xff, 0xfe, 0x1, 0xff, 0xff, 0xfc, 0x3, 0xff,
    0xff, 0xf8, 0x7, 0xff, 0xff, 0xf0, 0xf, 0xff,
    0xff, 0xf0, 0x1, 0xff, 0xff, 0xe0, 0x0, 0xff,
    0xff, 0xc0, 0x0, 0xff, 0xff, 0x80, 0x1, 0xff,
    0xff, 0x0, 0x3, 0xff, 0xfe, 0x0, 0x7, 0xff,
    0xfc, 0x0, 0xf, 0xff, 0xf8, 0x0, 0x1f, 0xff,
    0xf0, 0x0, 0x3f, 0xff, 0xe0, 0x0, 0x7f, 0xff,
    0xc0, 0x0, 0xff, 0xff, 0x80, 0x1, 0xff, 0xff,
    0x0, 0x3, 0xff, 0xfe, 0x0, 0x7, 0xff, 0xfc,
    0x0, 0xf, 0xff, 0xf8, 0x0, 0x1f, 0xff, 0xf0,
    0x0, 0x3f, 0xff, 0xe0, 0x0, 0x7f, 0xff, 0xc0,
    0x0, 0xff, 0xff, 0x80, 0x1, 0xff, 0xff, 0x0,
    0x3, 0xff, 0xfe, 0x0, 0x7, 0xff, 0xfc, 0x0,
    0xf, 0xff, 0xf8, 0x0, 0x1f, 0xff, 0xf0, 0x0,
    0x3f, 0xff, 0xe0, 0x0, 0x7f, 0xff, 0xc0, 0x0,
    0xff, 0xff, 0xc0, 0x0, 0xff, 0xff, 0x80, 0x1,
    0xff, 0xff, 0x0, 0x3, 0xff, 0xff, 0x0, 0x3,
    0xff, 0xff, 0x80, 0x3, 0xff, 0xff, 0xe0, 0x7,
    0xff, 0xff, 0xc0, 0x3, 0xff, 0xff, 0x80, 0x3,
    0xff, 0xff, 0x0, 0x0, 0xff, 0xfe, 0x0, 0x1,
    0xff, 0xfc, 0x0, 0x1f, 0xff, 0xf8, 0x0, 0x7f,
    0xff, 0xf0, 0x3, 0xff, 0xff, 0xe0, 0x7, 0xff,
    0xff, 0xc0, 0x1f, 0xff, 0xfc, 0x0, 0x7f, 0xff,
    0xe0, 0x0, 0xff, 0xff, 0x80, 0x1, 0xff, 0xff,
    0x0, 0x7, 0xff, 0xfe, 0x0, 0xf, 0xff, 0xf8,
    0x0, 0x1f, 0xff, 0xf0, 0x0, 0x3f, 0xff, 0xe0,
    0x0, 0x7f, 0xff, 0xc0, 0x0, 0xff, 0xff, 0x80,
    0x1, 0xff, 0xff, 0x0, 0x3, 0xff, 0xfe, 0x0,
    0x7, 0xff, 0xfc, 0x0, 0xf, 0xff, 0xf8, 0x0,
    0x1f, 0xff, 0xf0, 0x0, 0x3f, 0xff, 0xe0, 0x0,
    0x7f, 0xff, 0xc0, 0x0, 0xff, 0xff, 0x80, 0x1,
    0xff, 0xff, 0x0, 0x3, 0xff, 0xfe, 0x0, 0x7,
    0xff, 0xfc, 0x0, 0xf, 0xff, 0xf8, 0x0, 0x1f,
    0xff, 0xf0, 0x0, 0x3f, 0xff, 0xe0, 0x0, 0x7f,
    0xff, 0xc0, 0x0, 0xff, 0xff, 0x80, 0x1, 0xff,
    0xff, 0x0, 0x3, 0xff, 0xfe, 0x0, 0x7, 0xff,
    0xfc, 0x0, 0x1f, 0xff, 0xf8, 0x0, 0xff, 0xff,
    0xf0, 0x1f, 0xff, 0xff, 0xe0, 0x3f, 0xff, 0xff,
    0x80, 0x7f, 0xff, 0xff, 0x0, 0xff, 0xff, 0xfe,
    0x1, 0xff, 0xff, 0xfc, 0x3, 0xff, 0xff, 0xf0,
    0x7, 0xff, 0xff, 0xc0, 0xf, 0xff, 0xff, 0x80,
    0x1f, 0xff, 0xfe, 0x0, 0x3f, 0xff, 0xf0, 0x0,
    0x7f, 0xff, 0xc0, 0x0, 0xff, 0xfc, 0x0, 0x1,
    0xff, 0x0, 0x0, 0x0,

    /* U+007E "~" */
    0x0, 0x3f, 0xe0, 0x0, 0x0, 0x0, 0x1, 0xff,
    0xfc, 0x0, 0x7, 0x0, 0xf, 0xff, 0xfe, 0x0,
    0x1f, 0xc0, 0x3f, 0xff, 0xff, 0x80, 0x7f, 0xe0,
    0xff, 0xff, 0xff, 0xc1, 0xff, 0xe1, 0xff, 0xff,
    0xff, 0xff, 0xff, 0x87, 0xff, 0xff, 0xff, 0xff,
    0xff, 0xf, 0xff, 0xff, 0xff, 0xff, 0xfe, 0x3f,
    0xff, 0xff, 0xff, 0xff, 0xf8, 0x7f, 0xff, 0xff,
    0xff, 0xff, 0xf1, 0xff, 0xff, 0xff, 0xff, 0xff,
    0xc3, 0xff, 0xff, 0xff, 0xff, 0xff, 0x8f, 0xff,
    0xff, 0xff, 0xff, 0xfe, 0x7, 0xfc, 0x1f, 0xff,
    0xff, 0xfc, 0x3, 0xf0, 0x7, 0xff, 0xff, 0xf0,
    0x1, 0xc0, 0x1, 0xff, 0xff, 0xc0, 0x0, 0x80,
    0x0, 0x7f, 0xff, 0x0, 0x0, 0x0, 0x0, 0x1f,
    0xf0, 0x0,

    /* U+00A0 " " */
    0x0,

    /* U+00A1 "¡" */
    0xff, 0xff, 0xff, 0xff, 0xff, 0xff, 0xff, 0xff,
    0xff, 0xff, 0xff, 0xff, 0xff, 0xff, 0xff, 0xff,
    0xff, 0xff, 0xff, 0xff, 0xff, 0xff, 0xff, 0xff,
    0xff, 0xff, 0xff, 0xff, 0xff, 0xff, 0xff, 0xf0,
    0x0, 0x0, 0x0, 0x0, 0x0, 0x0, 0x0, 0x0,
    0x0, 0x0, 0x0, 0x0, 0x0, 0x0, 0x0, 0x0,
    0x0, 0x0, 0x0, 0x0, 0x0, 0x0, 0x1f, 0xfe,
    0x7, 0xff, 0x81, 0xff, 0xe0, 0x7f, 0xf8, 0x1f,
    0xfe, 0x7, 0xff, 0x81, 0xff, 0xe0, 0x7f, 0xf8,
    0x1f, 0xfe, 0x7, 0xff, 0x81, 0xff, 0xe0, 0x7f,
    0xf8, 0x1f, 0xfe, 0x7, 0xff, 0x81, 0xff, 0xe0,
    0x7f, 0xf8, 0x1f, 0xfe, 0x7, 0xff, 0x83, 0xff,
    0xf0, 0xff, 0xfc, 0x3f, 0xff, 0xf, 0xff, 0xc3,
    0xff, 0xf0, 0xff, 0xfc, 0x3f, 0xff, 0xf, 0xff,
    0xc3, 0xff, 0xf0, 0xff, 0xfc, 0x3f, 0xff, 0xf,
    0xff, 0xc3, 0xff, 0xf0, 0xff, 0xfc, 0x3f, 0xff,
    0xf, 0xff, 0xc3, 0xff, 0xf1, 0xff, 0xfe, 0x7f,
    0xff, 0x9f, 0xff, 0xe7, 0xff, 0xf9, 0xff, 0xfe,
    0x7f, 0xff, 0x9f, 0xff, 0xe7, 0xff, 0xf9, 0xff,
    0xfe, 0x7f, 0xff, 0x9f, 0xff, 0xe7, 0xff, 0xf9,
    0xff, 0xfe, 0x7f, 0xff, 0x9f, 0xff, 0xe7, 0xff,
    0xf9, 0xff, 0xfe, 0x7f, 0xff, 0xbf, 0xff, 0xff,
    0xff, 0xff, 0xff, 0xff, 0xff, 0xff, 0xff, 0xff,
    0xff, 0xff, 0xff, 0xff, 0xff, 0xff, 0xff, 0xff,
    0xff, 0xf0,

    /* U+00A2 "¢" */
    0x0, 0x0, 0x3f, 0xc0, 0x0, 0x0, 0x0, 0x3,
    0xfc, 0x0, 0x0, 0x0, 0x0, 0x3f, 0xc0, 0x0,
    0x0, 0x0, 0x3, 0xfc, 0x0, 0x0, 0x0, 0x0,
    0x3f, 0xc0, 0x0, 0x0, 0x0, 0x3, 0xfc, 0x0,
    0x0, 0x0, 0x0, 0x3f, 0xc0, 0x0, 0x0, 0x0,
    0x3, 0xfc, 0x0, 0x0, 0x0, 0x3, 0xff, 0xf8,
    0x0, 0x0, 0x1, 0xff, 0xff, 0xf0, 0x0, 0x0,
    0x7f, 0xff, 0xff, 0xc0, 0x0, 0x1f, 0xff, 0xff,
    0xff, 0x0, 0x3, 0xff, 0xff, 0xff, 0xfc, 0x0,
    0x7f, 0xff, 0xff, 0xff, 0xe0, 0x7, 0xff, 0xff,
    0xff, 0xff, 0x0, 0xff, 0xff, 0xff, 0xff, 0xf8,
    0x1f, 0xff, 0xff, 0xff, 0xff, 0x81, 0xff, 0xff,
    0xff, 0xff, 0xfc, 0x3f, 0xff, 0xff, 0xff, 0xff,
    0xc3, 0xff, 0xff, 0xff, 0xff, 0xfe, 0x3f, 0xff,
    0xff, 0xff, 0xff, 0xe7, 0xff, 0xff, 0xf, 0xff,
    0xfe, 0x7f, 0xff, 0xe0, 0x7f, 0xff, 0xf7, 0xff,
    0xfe, 0x3, 0xff, 0xff, 0x7f, 0xff, 0xc0, 0x3f,
    0xff, 0xf7, 0xff, 0xfc, 0x3, 0xff, 0xff, 0xff,
    0xff, 0xc0, 0x3f, 0xff, 0xff, 0xff, 0xfc, 0x3,
    0xff, 0xff, 0xff, 0xff, 0xc0, 0x3f, 0xff, 0xff,
    0xff, 0xfc, 0x3, 0xff, 0xff, 0xff, 0xff, 0xc0,
    0x3f, 0xff, 0xff, 0xff, 0xfc, 0x3, 0xff, 0xff,
    0xff, 0xff, 0xc0, 0x3f, 0xff, 0xff, 0xff, 0xfc,
    0x3, 0xff, 0xff, 0xff, 0xff, 0xc0, 0x3f, 0xff,
    0xff, 0xff, 0xfc, 0x3, 0xff, 0xff, 0xff, 0xff,
    0xc0, 0x3f, 0xff, 0xff, 0xff, 0xfc, 0x3, 0xff,
    0xff, 0xff, 0xff, 0xc0, 0x3f, 0xff, 0xff, 0xff,
    0xfc, 0x0, 0x0, 0x0, 0xff, 0xff, 0xc0, 0x0,
    0x0, 0xf, 0xff, 0xfc, 0x0, 0x0, 0x0, 0xff,
    0xff, 0xc0, 0x0, 0x0, 0xf, 0xff, 0xfc, 0x0,
    0x0, 0x0, 0xff, 0xff, 0xc0, 0x0, 0x0, 0xf,
    0xff, 0xfc, 0x0, 0x0, 0x0, 0xff, 0xff, 0xc0,
    0x0, 0x0, 0xf, 0xff, 0xfc, 0x0, 0x0, 0x0,
    0xff, 0xff, 0xc0, 0x0, 0x0, 0xf, 0xff, 0xfc,
    0x0, 0x0, 0x0, 0xff, 0xff, 0xc0, 0x0, 0x0,
    0xf, 0xff, 0xfc, 0x0, 0x0, 0x0, 0xff, 0xff,
    0xc0, 0x3f, 0xff, 0xff, 0xff, 0xfc, 0x3, 0xff,
    0xff, 0xff, 0xff, 0xc0, 0x3f, 0xff, 0xff, 0xff,
    0xfc, 0x3, 0xff, 0xff, 0xff, 0xff, 0xc0, 0x3f,
    0xff, 0xff, 0xff, 0xfc, 0x3, 0xff, 0xff, 0xff,
    0xff, 0xc0, 0x3f, 0xff, 0xff, 0xff, 0xfc, 0x3,
    0xff, 0xff, 0xff, 0xff, 0xc0, 0x3f, 0xff, 0xff,
    0xff, 0xfc, 0x3, 0xff, 0xff, 0xff, 0xff, 0xc0,
    0x3f, 0xff, 0xff, 0xff, 0xfc, 0x3, 0xff, 0xff,
    0xff, 0xff, 0xc0, 0x3f, 0xff, 0xf7, 0xff, 0xfc,
    0x3, 0xff, 0xff, 0x7f, 0xff, 0xe0, 0x7f, 0xff,
    0xf7, 0xff, 0xfe, 0x7, 0xff, 0xff, 0x7f, 0xff,
    0xf0, 0xff, 0xff, 0xe7, 0xff, 0xff, 0xff, 0xff,
    0xfe, 0x3f, 0xff, 0xff, 0xff, 0xff, 0xe3, 0xff,
    0xff, 0xff, 0xff, 0xfc, 0x1f, 0xff, 0xff, 0xff,
    0xff, 0xc1, 0xff, 0xff, 0xff, 0xff, 0xf8, 0xf,
    0xff, 0xff, 0xff, 0xff, 0x80, 0xff, 0xff, 0xff,
    0xff, 0xf0, 0x7, 0xff, 0xff, 0xff, 0xfe, 0x0,
    0x3f, 0xff, 0xff, 0xff, 0xc0, 0x1, 0xff, 0xff,
    0xff, 0xf8, 0x0, 0xf, 0xff, 0xff, 0xfe, 0x0,
    0x0, 0x3f, 0xff, 0xff, 0x80, 0x0, 0x0, 0x7f,
    0xff, 0xe0, 0x0, 0x0, 0x0, 0x7f, 0xc0, 0x0,
    0x0, 0x0, 0x3, 0xfc, 0x0, 0x0, 0x0, 0x0,
    0x3f, 0xc0, 0x0, 0x0, 0x0, 0x3, 0xfc, 0x0,
    0x0, 0x0, 0x0, 0x3f, 0xc0, 0x0, 0x0, 0x0,
    0x3, 0xfc, 0x0, 0x0, 0x0, 0x0, 0x3f, 0xc0,
    0x0, 0x0, 0x0, 0x3, 0xfc, 0x0, 0x0,

    /* U+00A3 "£" */
    0x0, 0x0, 0x1f, 0xfc, 0x0, 0x0, 0x0, 0x1f,
    0xff, 0xfc, 0x0, 0x0, 0x7, 0xff, 0xff, 0xf0,
    0x0, 0x1, 0xff, 0xff, 0xff, 0x80, 0x0, 0x7f,
    0xff, 0xff, 0xfc, 0x0, 0xf, 0xff, 0xff, 0xff,
    0xe0, 0x1, 0xff, 0xff, 0xff, 0xff, 0x0, 0x1f,
    0xff, 0xff, 0xff, 0xf8, 0x3, 0xff, 0xff, 0xff,
    0xff, 0x80, 0x3f, 0xff, 0xff, 0xff, 0xfc, 0x7,
    0xff, 0xff, 0xff, 0xff, 0xc0, 0x7f, 0xff, 0xff,
    0xff, 0xfc, 0x7, 0xff, 0xff, 0xff, 0xff, 0xe0,
    0xff, 0xff, 0xff, 0xff, 0xfe, 0xf, 0xff, 0xfe,
    0x3f, 0xff, 0xe0, 0xff, 0xff, 0xc1, 0xff, 0xfe,
    0xf, 0xff, 0xfc, 0x1f, 0xff, 0xf0, 0xff, 0xff,
    0xc0, 0xff, 0xff, 0xf, 0xff, 0xfc, 0xf, 0xff,
    0xf0, 0xff, 0xff, 0xc0, 0xff, 0xff, 0xf, 0xff,
    0xfc, 0xf, 0xff, 0xf0, 0xff, 0xff, 0xc0, 0xff,
    0xff, 0xf, 0xff, 0xfc, 0xf, 0xff, 0xf0, 0x7f,
    0xff, 0xc0, 0x0, 0x0, 0x7, 0xff, 0xfe, 0x0,
    0x0, 0x0, 0x7f, 0xff, 0xe0, 0x0, 0x0, 0x7,
    0xff, 0xfe, 0x0, 0x0, 0x0, 0x7f, 0xff, 0xe0,
    0x0, 0x0, 0x3, 0xff, 0xfe, 0x0, 0x0, 0x0,
    0x3f, 0xff, 0xf0, 0x0, 0x0, 0x3, 0xff, 0xff,
    0x0, 0x0, 0x0, 0x3f, 0xff, 0xf0, 0x0, 0x0,
    0x1, 0xff, 0xff, 0x0, 0x0, 0x0, 0x1f, 0xff,
    0xf8, 0x0, 0x0, 0xff, 0xff, 0xff, 0xff, 0xfc,
    0xf, 0xff, 0xff, 0xff, 0xff, 0xc0, 0xff, 0xff,
    0xff, 0xff, 0xfc, 0xf, 0xff, 0xff, 0xff, 0xff,
    0xc0, 0xff, 0xff, 0xff, 0xff, 0xfc, 0xf, 0xff,
    0xff, 0xff, 0xff, 0xc0, 0xff, 0xff, 0xff, 0xff,
    0xfc, 0xf, 0xff, 0xff, 0xff, 0xff, 0xc0, 0xff,
    0xff, 0xff, 0xff, 0xfc, 0xf, 0xff, 0xff, 0xff,
    0xff, 0xc0, 0xff, 0xff, 0xff, 0xff, 0xfc, 0x0,
    0x7, 0xff, 0xfe, 0x0, 0x0, 0x0, 0x7f, 0xff,
    0xe0, 0x0, 0x0, 0x7, 0xff, 0xfe, 0x0, 0x0,
    0x0, 0x7f, 0xff, 0xe0, 0x0, 0x0, 0x7, 0xff,
    0xfe, 0x0, 0x0, 0x0, 0x7f, 0xff, 0xe0, 0x0,
    0x0, 0x7, 0xff, 0xfe, 0x0, 0x0, 0x0, 0x7f,
    0xff, 0xe0, 0x0, 0x0, 0x7, 0xff, 0xfe, 0x0,
    0x0, 0x0, 0x7f, 0xff, 0xe0, 0x0, 0x0, 0xf,
    0xff, 0xfe, 0x0, 0x0, 0x0, 0xff, 0xff, 0xc0,
    0x0, 0x0, 0xf, 0xff, 0xfc, 0x0, 0x0, 0x1,
    0xff, 0xff, 0x80, 0x0, 0x0, 0x3f, 0xff, 0xf8,
    0x0, 0x0, 0x3, 0xff, 0xff, 0x0, 0x0, 0x0,
    0xff, 0xff, 0xe0, 0x0, 0x0, 0x1f, 0xff, 0xfc,
    0x0, 0x0, 0x3, 0xff, 0xff, 0x80, 0x0, 0x0,
    0xff, 0xff, 0xff, 0xff, 0xff, 0xef, 0xff, 0xff,
    0xff, 0xff, 0xfe, 0xff, 0xff, 0xff, 0xff, 0xff,
    0xef, 0xff, 0xff, 0xff, 0xff, 0xfe, 0xff, 0xff,
    0xff, 0xff, 0xff, 0xef, 0xff, 0xff, 0xff, 0xff,
    0xfe, 0xff, 0xff, 0xff, 0xff, 0xff, 0xef, 0xff,
    0xff, 0xff, 0xff, 0xfe, 0xff, 0xff, 0xff, 0xff,
    0xff, 0xef, 0xff, 0xff, 0xff, 0xff, 0xfe, 0xff,
    0xff, 0xff, 0xff, 0xff, 0xef, 0xff, 0xff, 0xff,
    0xff, 0xfe, 0xff, 0xff, 0xff, 0xff, 0xff, 0xef,
    0xff, 0xff, 0xff, 0xff, 0xfe,

    /* U+00A4 "¤" */
    0x0, 0x0, 0x0, 0x0, 0x4, 0x0, 0x18, 0x0,
    0x0, 0x0, 0x70, 0x1, 0xf0, 0x1f, 0xfc, 0x7,
    0xc0, 0x1f, 0xc7, 0xff, 0xfc, 0x7f, 0x1, 0xff,
    0xff, 0xff, 0xff, 0xfc, 0x1f, 0xff, 0xff, 0xff,
    0xff, 0xf1, 0xff, 0xff, 0xff, 0xff, 0xff, 0xdf,
    0xff, 0xff, 0xff, 0xff, 0xfe, 0x7f, 0xff, 0xff,
    0xff, 0xff, 0xe1, 0xff, 0xff, 0xff, 0xff, 0xfe,
    0x3, 0xff, 0xff, 0xff, 0xff, 0xe0, 0x1f, 0xff,
    0xc0, 0x7f, 0xfe, 0x0, 0xff, 0xf8, 0x0, 0xff,
    0xf8, 0x7, 0xff, 0x80, 0x3, 0xff, 0xc0, 0x7f,
    0xf8, 0x0, 0xf, 0xff, 0x3, 0xff, 0x80, 0x0,
    0x3f, 0xf8, 0x1f, 0xf8, 0x0, 0x0, 0xff, 0xc1,
    0xff, 0xc0, 0x0, 0x7, 0xff, 0xf, 0xfe, 0x0,
    0x0, 0x3f, 0xf8, 0x7f, 0xe0, 0x0, 0x0, 0xff,
    0xc3, 0xff, 0x0, 0x0, 0x7, 0xfe, 0x1f, 0xf8,
    0x0, 0x0, 0x3f, 0xf0, 0xff, 0xc0, 0x0, 0x1,
    0xff, 0x87, 0xfe, 0x0, 0x0, 0xf, 0xfc, 0x3f,
    0xf0, 0x0, 0x0, 0x7f, 0xe1, 0xff, 0x80, 0x0,
    0x3, 0xff, 0xf, 0xfe, 0x0, 0x0, 0x3f, 0xf8,
    0x7f, 0xf0, 0x0, 0x1, 0xff, 0xc1, 0xff, 0x80,
    0x0, 0xf, 0xfc, 0xf, 0xfe, 0x0, 0x0, 0xff,
    0xe0, 0x7f, 0xf8, 0x0, 0xf, 0xff, 0x1, 0xff,
    0xe0, 0x0, 0xff, 0xf0, 0xf, 0xff, 0x80, 0xf,
    0xff, 0x80, 0x3f, 0xff, 0x1, 0xff, 0xf8, 0x3,
    0xff, 0xff, 0xff, 0xff, 0xe0, 0x7f, 0xff, 0xff,
    0xff, 0xff, 0x87, 0xff, 0xff, 0xff, 0xff, 0xfe,
    0x7f, 0xff, 0xff, 0xff, 0xff, 0xf9, 0xff, 0xff,
    0xff, 0xff, 0xff, 0xc7, 0xff, 0xff, 0xff, 0xff,
    0xfc, 0x1f, 0xff, 0xff, 0xff, 0xff, 0xc0, 0x7f,
    0x1f, 0xff, 0xf1, 0xfc, 0x1, 0xf0, 0x1f, 0xfc,
    0x7, 0xc0, 0x7, 0x0, 0x0, 0x0, 0x1c, 0x0,
    0x10, 0x0, 0x0, 0x0, 0x40, 0x0,

    /* U+00A5 "¥" */
    0xff, 0xff, 0x80, 0x1f, 0xff, 0xff, 0xff, 0xf0,
    0x3, 0xff, 0xfd, 0xff, 0xff, 0x0, 0xff, 0xff,
    0xbf, 0xff, 0xe0, 0x1f, 0xff, 0xe7, 0xff, 0xfc,
    0x3, 0xff, 0xfc, 0xff, 0xff, 0x80, 0x7f, 0xff,
    0x8f, 0xff, 0xf0, 0xf, 0xff, 0xf1, 0xff, 0xfe,
    0x1, 0xff, 0xfc, 0x3f, 0xff, 0xe0, 0x7f, 0xff,
    0x83, 0xff, 0xfc, 0xf, 0xff, 0xf0, 0x7f, 0xff,
    0x81, 0xff, 0xfe, 0xf, 0xff, 0xf0, 0x3f, 0xff,
    0x81, 0xff, 0xfe, 0x7, 0xff, 0xf0, 0x1f, 0xff,
    0xc0, 0xff, 0xfe, 0x3, 0xff, 0xf8, 0x1f, 0xff,
    0xc0, 0x7f, 0xff, 0x87, 0xff, 0xf0, 0x7, 0xff,
    0xf0, 0xff, 0xfe, 0x0, 0xff, 0xfe, 0x1f, 0xff,
    0xc0, 0x1f, 0xff, 0xc3, 0xff, 0xf0, 0x3, 0xff,
    0xf8, 0x7f, 0xfe, 0x0, 0x3f, 0xff, 0xf, 0xff,
    0xc0, 0x7, 0xff, 0xf3, 0xff, 0xf8, 0x0, 0xff,
    0xfe, 0x7f, 0xfe, 0x0, 0xf, 0xff, 0xcf, 0xff,
    0xc0, 0x1, 0xff, 0xf9, 0xff, 0xf8, 0x0, 0x3f,
    0xff, 0x3f, 0xff, 0x0, 0x7, 0xff, 0xe7, 0xff,
    0xc0, 0x0, 0x7f, 0xfc, 0xff, 0xf8, 0x0, 0xf,
    0xff, 0xff, 0xff, 0x0, 0x1, 0xff, 0xff, 0xff,
    0xc0, 0x0, 0x1f, 0xff, 0xff, 0xf8, 0x0, 0x3,
    0xff, 0xff, 0xff, 0x0, 0x0, 0x7f, 0xff, 0xff,
    0xe0, 0x0, 0xf, 0xff, 0xff, 0xf8, 0x0, 0x0,
    0xff, 0xff, 0xff, 0x0, 0x0, 0x1f, 0xff, 0xff,
    0xe0, 0x0, 0x3, 0xff, 0xff, 0xfc, 0x0, 0x0,
    0x3f, 0xff, 0xff, 0x0, 0x0, 0x7, 0xff, 0xff,
    0xe0, 0x0, 0x0, 0xff, 0xff, 0xfc, 0x0, 0x0,
    0x1f, 0xff, 0xff, 0x0, 0x0, 0x1, 0xff, 0xff,
    0xe0, 0x0, 0x0, 0x3f, 0xff, 0xfc, 0x0, 0x7,
    0xff, 0xff, 0xff, 0xff, 0x0, 0xff, 0xff, 0xff,
    0xff, 0xe0, 0x1f, 0xff, 0xff, 0xff, 0xfc, 0x3,
    0xff, 0xff, 0xff, 0xff, 0x80, 0x7f, 0xff, 0xff,
    0xff, 0xf0, 0xf, 0xff, 0xff, 0xff, 0xfe, 0x1,
    0xff, 0xff, 0xff, 0xff, 0xc0, 0x3f, 0xff, 0xff,
    0xff, 0xf8, 0x0, 0x1, 0xff, 0xfe, 0x0, 0x0,
    0x0, 0x3f, 0xff, 0xc0, 0x0, 0x0, 0x7, 0xff,
    0xf8, 0x0, 0x0, 0x0, 0xff, 0xff, 0x0, 0x0,
    0x0, 0x1f, 0xff, 0xe0, 0x0, 0x0, 0x3, 0xff,
    0xfc, 0x0, 0x1, 0xff, 0xff, 0xff, 0xff, 0xc0,
    0x3f, 0xff, 0xff, 0xff, 0xf8, 0x7, 0xff, 0xff,
    0xff, 0xff, 0x0, 0xff, 0xff, 0xff, 0xff, 0xe0,
    0x1f, 0xff, 0xff, 0xff, 0xfc, 0x3, 0xff, 0xff,
    0xff, 0xff, 0x80, 0x7f, 0xff, 0xff, 0xff, 0xf0,
    0xf, 0xff, 0xff, 0xff, 0xfe, 0x0, 0x0, 0x7f,
    0xff, 0x80, 0x0, 0x0, 0xf, 0xff, 0xf0, 0x0,
    0x0, 0x1, 0xff, 0xfe, 0x0, 0x0, 0x0, 0x3f,
    0xff, 0xc0, 0x0, 0x0, 0x7, 0xff, 0xf8, 0x0,
    0x0, 0x0, 0xff, 0xff, 0x0, 0x0, 0x0, 0x1f,
    0xff, 0xe0, 0x0, 0x0, 0x3, 0xff, 0xfc, 0x0,
    0x0, 0x0, 0x7f, 0xff, 0x80, 0x0, 0x0, 0xf,
    0xff, 0xf0, 0x0, 0x0, 0x1, 0xff, 0xfe, 0x0,
    0x0, 0x0, 0x3f, 0xff, 0xc0, 0x0, 0x0, 0x7,
    0xff, 0xf8, 0x0, 0x0,

    /* U+00A6 "¦" */
    0xff, 0xff, 0xff, 0xff, 0xff, 0xff, 0xff, 0xff,
    0xff, 0xff, 0xff, 0xff, 0xff, 0xff, 0xff, 0xff,
    0xff, 0xff, 0xff, 0xff, 0xff, 0xff, 0xff, 0xff,
    0xff, 0xff, 0xff, 0xff, 0xff, 0xff, 0xff, 0xff,
    0xff, 0xff, 0xff, 0xff, 0xff, 0xff, 0xff, 0xff,
    0xff, 0xff, 0xff, 0xff, 0xff, 0xff, 0xff, 0xff,
    0xff, 0xff, 0xff, 0xff, 0xff, 0xff, 0xff, 0xff,
    0xff, 0xff, 0xff, 0xff, 0xff, 0xff, 0xff, 0xff,
    0xff, 0xff, 0xff, 0xff, 0xff, 0xff, 0xff, 0xff,
    0xff, 0xff, 0xff, 0xff, 0xff, 0xff, 0xff, 0xff,
    0xff, 0xff, 0xff, 0xff, 0xff, 0xff, 0xff, 0xff,
    0x0, 0x0, 0x0, 0x0, 0x0, 0x0, 0x0, 0x0,
    0x0, 0x0, 0x0, 0x0, 0x0, 0x0, 0x0, 0x0,
    0x0, 0x0, 0x0, 0x0, 0x0, 0x0, 0x0, 0x0,
    0xff, 0xff, 0xff, 0xff, 0xff, 0xff, 0xff, 0xff,
    0xff, 0xff, 0xff, 0xff, 0xff, 0xff, 0xff, 0xff,
    0xff, 0xff, 0xff, 0xff, 0xff, 0xff, 0xff, 0xff,
    0xff, 0xff, 0xff, 0xff, 0xff, 0xff, 0xff, 0xff,
    0xff, 0xff, 0xff, 0xff, 0xff, 0xff, 0xff, 0xff,
    0xff, 0xff, 0xff, 0xff, 0xff, 0xff, 0xff, 0xff,
    0xff, 0xff, 0xff, 0xff, 0xff, 0xff, 0xff, 0xff,
    0xff, 0xff, 0xff, 0xff, 0xff, 0xff, 0xff, 0xff,
    0xff, 0xff, 0xff, 0xff, 0xff, 0xff, 0xff, 0xff,
    0xff, 0xff, 0xff, 0xff, 0xff, 0xff, 0xff, 0xff,
    0xff, 0xff, 0xff, 0xff, 0xff, 0xff,

    /* U+00A7 "§" */
    0x0, 0x0, 0xff, 0xe0, 0x0, 0x0, 0x7, 0xff,
    0xff, 0x0, 0x0, 0xf, 0xff, 0xff, 0xe0, 0x0,
    0x1f, 0xff, 0xff, 0xfc, 0x0, 0x1f, 0xff, 0xff,
    0xff, 0x0, 0x1f, 0xff, 0xff, 0xff, 0xc0, 0x1f,
    0xff, 0xff, 0xff, 0xf0, 0x1f, 0xff, 0xff, 0xff,
    0xf8, 0x1f, 0xff, 0xff, 0xff, 0xfe, 0xf, 0xff,
    0xff, 0xff, 0xff, 0xf, 0xff, 0xff, 0xff, 0xff,
    0xc7, 0xff, 0xff, 0xff, 0xff, 0xe7, 0xff, 0xff,
    0xff, 0xff, 0xf3, 0xff, 0xfe, 0xf, 0xff, 0xfd,
    0xff, 0xfe, 0x1, 0xff, 0xfe, 0xff, 0xfe, 0x0,
    0xff, 0xff, 0x7f, 0xff, 0x0, 0x3f, 0xff, 0xbf,
    0xff, 0x80, 0x1f, 0xff, 0xdf, 0xff, 0xe0, 0xf,
    0xff, 0xef, 0xff, 0xf0, 0x0, 0x0, 0x3, 0xff,
    0xfe, 0x0, 0x0, 0x1, 0xff, 0xff, 0x80, 0x0,
    0x0, 0x7f, 0xff, 0xf0, 0x0, 0x0, 0x3f, 0xff,
    0xfe, 0x0, 0x0, 0xf, 0xff, 0xff, 0xe0, 0x0,
    0x3, 0xff, 0xff, 0xfc, 0x0, 0x0, 0xff, 0xff,
    0xff, 0x80, 0x0, 0x3f, 0xff, 0xff, 0xf0, 0x0,
    0x1f, 0xff, 0xff, 0xfe, 0x0, 0x1f, 0xff, 0xff,
    0xff, 0x80, 0x1f, 0xff, 0xff, 0xff, 0xe0, 0x1f,
    0xff, 0xff, 0xff, 0xf8, 0x1f, 0xff, 0xff, 0xff,
    0xfe, 0xf, 0xff, 0xff, 0xff, 0xff, 0xf, 0xff,
    0xc3, 0xff, 0xff, 0xc7, 0xff, 0xe0, 0x3f, 0xff,
    0xe7, 0xff, 0xe0, 0x7, 0xff, 0xfb, 0xff, 0xf0,
    0x1, 0xff, 0xfd, 0xff, 0xf8, 0x0, 0x7f, 0xfe,
    0xff, 0xfc, 0x0, 0x1f, 0xff, 0x7f, 0xff, 0x0,
    0xf, 0xff, 0xbf, 0xff, 0xc0, 0x7, 0xff, 0xdf,
    0xff, 0xf0, 0x7, 0xff, 0xe7, 0xff, 0xfe, 0x3,
    0xff, 0xe3, 0xff, 0xff, 0xe3, 0xff, 0xf0, 0xff,
    0xff, 0xff, 0xff, 0xf0, 0x7f, 0xff, 0xff, 0xff,
    0xf8, 0x1f, 0xff, 0xff, 0xff, 0xf8, 0x7, 0xff,
    0xff, 0xff, 0xf8, 0x1, 0xff, 0xff, 0xff, 0xf8,
    0x0, 0x7f, 0xff, 0xff, 0xf8, 0x0, 0x1f, 0xff,
    0xff, 0xfc, 0x0, 0x3, 0xff, 0xff, 0xff, 0x0,
    0x0, 0x7f, 0xff, 0xff, 0xc0, 0x0, 0xf, 0xff,
    0xff, 0xf0, 0x0, 0x1, 0xff, 0xff, 0xfc, 0x0,
    0x0, 0x1f, 0xff, 0xfe, 0x0, 0x0, 0x3, 0xff,
    0xff, 0x80, 0x0, 0x0, 0xff, 0xff, 0xc0, 0x0,
    0x0, 0x1f, 0xff, 0xff, 0xff, 0xf0, 0xf, 0xff,
    0xff, 0xff, 0xf8, 0x3, 0xff, 0xff, 0xff, 0xfc,
    0x1, 0xff, 0xff, 0xff, 0xff, 0x0, 0xff, 0xff,
    0xff, 0xff, 0x80, 0xff, 0xff, 0xff, 0xff, 0xf0,
    0xff, 0xff, 0xdf, 0xff, 0xff, 0xff, 0xff, 0xef,
    0xff, 0xff, 0xff, 0xff, 0xe7, 0xff, 0xff, 0xff,
    0xff, 0xf1, 0xff, 0xff, 0xff, 0xff, 0xf0, 0xff,
    0xff, 0xff, 0xff, 0xf8, 0x3f, 0xff, 0xff, 0xff,
    0xf8, 0x1f, 0xff, 0xff, 0xff, 0xf8, 0x7, 0xff,
    0xff, 0xff, 0xf8, 0x1, 0xff, 0xff, 0xff, 0xf8,
    0x0, 0x3f, 0xff, 0xff, 0xf8, 0x0, 0x7, 0xff,
    0xff, 0xf0, 0x0, 0x0, 0xff, 0xff, 0xe0, 0x0,
    0x0, 0x7, 0xff, 0x0, 0x0,

    /* U+00A8 "¨" */
    0xff, 0xff, 0xc1, 0xff, 0xff, 0xff, 0xff, 0xe0,
    0xff, 0xff, 0xff, 0xff, 0xf0, 0x7f, 0xff, 0xff,
    0xff, 0xf8, 0x3f, 0xff, 0xff, 0xff, 0xfc, 0x1f,
    0xff, 0xff, 0xff, 0xfe, 0xf, 0xff, 0xff, 0xff,
    0xff, 0x7, 0xff, 0xff, 0xff, 0xff, 0x83, 0xff,
    0xff, 0xff, 0xff, 0xc1, 0xff, 0xff, 0xff, 0xff,
    0xe0, 0xff, 0xff, 0xff, 0xff, 0xf0, 0x7f, 0xff,
    0xff, 0xff, 0xf8, 0x3f, 0xff, 0xff, 0xff, 0xfc,
    0x1f, 0xff, 0xff, 0xff, 0xfe, 0xf, 0xff, 0xfc,

    /* U+00A9 "©" */
    0x0, 0x0, 0x0, 0x3f, 0xfc, 0x0, 0x0, 0x0,
    0x0, 0x0, 0x3, 0xff, 0xff, 0xc0, 0x0, 0x0,
    0x0, 0x0, 0x1f, 0xff, 0xff, 0xf8, 0x0, 0x0,
    0x0, 0x0, 0x7f, 0xff, 0xff, 0xfe, 0x0, 0x0,
    0x0, 0x1, 0xff, 0xff, 0xff, 0xff, 0x80, 0x0,
    0x0, 0x3, 0xff, 0xff, 0xff, 0xff, 0xc0, 0x0,
    0x0, 0xf, 0xff, 0xe0, 0x7, 0xff, 0xf0, 0x0,
    0x0, 0x1f, 0xff, 0x0, 0x0, 0xff, 0xf8, 0x0,
    0x0, 0x3f, 0xf8, 0x0, 0x0, 0x1f, 0xfc, 0x0,
    0x0, 0x7f, 0xf0, 0x0, 0x0, 0xf, 0xfe, 0x0,
    0x0, 0xff, 0xc0, 0x0, 0x0, 0x3, 0xff, 0x0,
    0x1, 0xff, 0x80, 0xf, 0xf0, 0x1, 0xff, 0x80,
    0x3, 0xff, 0x0, 0x7f, 0xfe, 0x0, 0xff, 0xc0,
    0x3, 0xfe, 0x0, 0xff, 0xff, 0x0, 0x7f, 0xc0,
    0x7, 0xfc, 0x1, 0xff, 0xff, 0x80, 0x3f, 0xe0,
    0xf, 0xf8, 0x1, 0xff, 0xff, 0xc0, 0x1f, 0xf0,
    0xf, 0xf8, 0x3, 0xff, 0xff, 0xc0, 0x1f, 0xf0,
    0x1f, 0xf0, 0x3, 0xff, 0xff, 0xe0, 0xf, 0xf8,
    0x1f, 0xe0, 0x7, 0xff, 0xff, 0xe0, 0x7, 0xf8,
    0x3f, 0xe0, 0x7, 0xfe, 0x7f, 0xe0, 0x7, 0xfc,
    0x3f, 0xc0, 0x7, 0xfc, 0x3f, 0xe0, 0x3, 0xfc,
    0x3f, 0xc0, 0x7, 0xfc, 0x3f, 0xe0, 0x3, 0xfc,
    0x7f, 0xc0, 0x7, 0xfc, 0x3f, 0xe0, 0x3, 0xfe,
    0x7f, 0x80, 0x7, 0xfc, 0x3f, 0xe0, 0x1, 0xfe,
    0x7f, 0x80, 0x7, 0xfc, 0x3f, 0xe0, 0x1, 0xfe,
    0x7f, 0x80, 0x7, 0xfc, 0x3f, 0xe0, 0x1, 0xfe,
    0xff, 0x0, 0x7, 0xfc, 0x3f, 0xe0, 0x1, 0xff,
    0xff, 0x0, 0x7, 0xfc, 0x3f, 0xe0, 0x0, 0xff,
    0xff, 0x0, 0x7, 0xfc, 0x0, 0x0, 0x0, 0xff,
    0xff, 0x0, 0x7, 0xfc, 0x0, 0x0, 0x0, 0xff,
    0xff, 0x0, 0x7, 0xfc, 0x0, 0x0, 0x0, 0xff,
    0xff, 0x0, 0x7, 0xfc, 0x0, 0x0, 0x0, 0xff,
    0xff, 0x0, 0x7, 0xfc, 0x0, 0x0, 0x0, 0xff,
    0xff, 0x0, 0x7, 0xfc, 0x0, 0x0, 0x0, 0xff,
    0xff, 0x0, 0x7, 0xfc, 0x0, 0x0, 0x0, 0xff,
    0xff, 0x0, 0x7, 0xfc, 0x3f, 0xe0, 0x0, 0xff,
    0xff, 0x0, 0x7, 0xfc, 0x3f, 0xe0, 0x0, 0xff,
    0xff, 0x0, 0x7, 0xfc, 0x3f, 0xe0, 0x1, 0xff,
    0x7f, 0x80, 0x7, 0xfc, 0x3f, 0xe0, 0x1, 0xfe,
    0x7f, 0x80, 0x7, 0xfc, 0x3f, 0xe0, 0x1, 0xfe,
    0x7f, 0x80, 0x7, 0xfc, 0x3f, 0xe0, 0x1, 0xfe,
    0x7f, 0xc0, 0x7, 0xfc, 0x3f, 0xe0, 0x3, 0xfe,
    0x3f, 0xc0, 0x7, 0xfc, 0x3f, 0xe0, 0x3, 0xfc,
    0x3f, 0xc0, 0x7, 0xfc, 0x3f, 0xe0, 0x3, 0xfc,
    0x3f, 0xe0, 0x7, 0xfe, 0x7f, 0xe0, 0x7, 0xfc,
    0x1f, 0xe0, 0x7, 0xff, 0xff, 0xe0, 0x7, 0xf8,
    0x1f, 0xf0, 0x3, 0xff, 0xff, 0xe0, 0xf, 0xf8,
    0xf, 0xf8, 0x3, 0xff, 0xff, 0xc0, 0x1f, 0xf0,
    0xf, 0xf8, 0x1, 0xff, 0xff, 0xc0, 0x1f, 0xf0,
    0x7, 0xfc, 0x1, 0xff, 0xff, 0x80, 0x3f, 0xe0,
    0x3, 0xfe, 0x0, 0xff, 0xff, 0x0, 0x7f, 0xc0,
    0x3, 0xff, 0x0, 0x3f, 0xfe, 0x0, 0xff, 0xc0,
    0x1, 0xff, 0x80, 0xf, 0xf0, 0x1, 0xff, 0x80,
    0x0, 0xff, 0xc0, 0x0, 0x0, 0x3, 0xff, 0x0,
    0x0, 0x7f, 0xf0, 0x0, 0x0, 0xf, 0xfe, 0x0,
    0x0, 0x3f, 0xf8, 0x0, 0x0, 0x1f, 0xfc, 0x0,
    0x0, 0x1f, 0xff, 0x0, 0x0, 0xff, 0xf8, 0x0,
    0x0, 0xf, 0xff, 0xe0, 0x7, 0xff, 0xf0, 0x0,
    0x0, 0x3, 0xff, 0xff, 0xff, 0xff, 0xc0, 0x0,
    0x0, 0x1, 0xff, 0xff, 0xff, 0xff, 0x80, 0x0,
    0x0, 0x0, 0x7f, 0xff, 0xff, 0xfe, 0x0, 0x0,
    0x0, 0x0, 0x1f, 0xff, 0xff, 0xf8, 0x0, 0x0,
    0x0, 0x0, 0x3, 0xff, 0xff, 0xc0, 0x0, 0x0,
    0x0, 0x0, 0x0, 0x3f, 0xfc, 0x0, 0x0, 0x0,

    /* U+00AA "ª" */
    0x0, 0xf, 0xfe, 0x0, 0x0, 0x1f, 0xff, 0xf0,
    0x0, 0x1f, 0xff, 0xff, 0x0, 0x1f, 0xff, 0xff,
    0xe0, 0xf, 0xff, 0xff, 0xfc, 0x3, 0xff, 0xff,
    0xff, 0x81, 0xff, 0xff, 0xff, 0xf0, 0xff, 0xff,
    0xff, 0xfc, 0x3f, 0xff, 0xff, 0xff, 0x8f, 0xff,
    0xff, 0xff, 0xe3, 0xff, 0xff, 0xff, 0xfd, 0xff,
    0xfc, 0x7f, 0xff, 0x7f, 0xfe, 0xf, 0xff, 0xdf,
    0xff, 0x83, 0xff, 0xf7, 0xff, 0xe0, 0xff, 0xfd,
    0xff, 0xf8, 0x3f, 0xff, 0x7f, 0xfe, 0xf, 0xff,
    0xdf, 0xff, 0x83, 0xff, 0xf0, 0x0, 0x0, 0xff,
    0xfc, 0x0, 0x0, 0x3f, 0xff, 0x0, 0x0, 0xf,
    0xff, 0xc0, 0x0, 0xf, 0xff, 0xf0, 0x0, 0x1f,
    0xff, 0xfc, 0x0, 0x1f, 0xff, 0xff, 0x0, 0x3f,
    0xff, 0xff, 0xc0, 0x3f, 0xff, 0xff, 0xf0, 0x1f,
    0xff, 0xff, 0xfc, 0x1f, 0xff, 0xff, 0xff, 0xf,
    0xff, 0xff, 0xff, 0xc7, 0xff, 0xfb, 0xff, 0xf3,
    0xff, 0xf8, 0xff, 0xfc, 0xff, 0xfc, 0x3f, 0xff,
    0x7f, 0xfe, 0xf, 0xff, 0xdf, 0xff, 0x3, 0xff,
    0xf7, 0xff, 0xc0, 0xff, 0xfd, 0xff, 0xf0, 0x3f,
    0xff, 0xff, 0xfc, 0xf, 0xff, 0xff, 0xff, 0x3,
    0xff, 0xff, 0xff, 0xc0, 0xff, 0xff, 0xff, 0xf0,
    0x3f, 0xff, 0xff, 0xfc, 0xf, 0xff, 0xff, 0xff,
    0x3, 0xff, 0xff, 0xff, 0xc0, 0xff, 0xff, 0xff,
    0xf0, 0x3f, 0xff, 0xff, 0xfc, 0xf, 0xff, 0xff,
    0xff, 0x3, 0xff, 0xff, 0xff, 0xc0, 0xff, 0xff,
    0xff, 0xf8, 0x7f, 0xff, 0xff, 0xff, 0xff, 0xff,
    0xdf, 0xff, 0xff, 0xff, 0xf7, 0xff, 0xff, 0xff,
    0xfd, 0xff, 0xff, 0xff, 0xff, 0x7f, 0xff, 0xff,
    0xff, 0xcf, 0xff, 0xff, 0xff, 0xf3, 0xff, 0xfe,
    0xff, 0xfc, 0x7f, 0xff, 0xbf, 0xff, 0xf, 0xff,
    0xcf, 0xff, 0xc1, 0xff, 0xe3, 0xff, 0xf0, 0x3f,
    0xe0, 0xff, 0xfc, 0x0, 0x40, 0x0, 0x0,

    /* U+00AB "«" */
    0x0, 0x0, 0x0, 0x80, 0x0, 0x0, 0x8, 0x0,
    0x0, 0x1c, 0x0, 0x0, 0x1, 0xc0, 0x0, 0x3,
    0xe0, 0x0, 0x0, 0x3e, 0x0, 0x0, 0x7f, 0x0,
    0x0, 0x7, 0xf0, 0x0, 0xf, 0xf8, 0x0, 0x0,
    0xff, 0x80, 0x0, 0xff, 0xc0, 0x0, 0xf, 0xfc,
    0x0, 0x1f, 0xfe, 0x0, 0x1, 0xff, 0xe0, 0x3,
    0xff, 0xf0, 0x0, 0x3f, 0xff, 0x0, 0x7f, 0xff,
    0x80, 0x7, 0xff, 0xf8, 0xf, 0xff, 0xfc, 0x0,
    0xff, 0xff, 0xc1, 0xff, 0xff, 0xe0, 0x1f, 0xff,
    0xfe, 0x3f, 0xff, 0xff, 0x3, 0xff, 0xff, 0xf7,
    0xff, 0xff, 0xf8, 0x7f, 0xff, 0xff, 0xff, 0xff,
    0xff, 0xc7, 0xff, 0xff, 0xff, 0xff, 0xff, 0xfe,
    0x3f, 0xff, 0xff, 0xff, 0xff, 0xff, 0xf1, 0xff,
    0xff, 0xff, 0xff, 0xff, 0xff, 0x8f, 0xff, 0xff,
    0xff, 0xff, 0xff, 0xfc, 0x7f, 0xff, 0xff, 0xff,
    0xff, 0xff, 0x3, 0xff, 0xff, 0xf1, 0xff, 0xff,
    0xe0, 0x1f, 0xff, 0xfe, 0xf, 0xff, 0xf8, 0x0,
    0xff, 0xff, 0x80, 0x7f, 0xff, 0x0, 0x7, 0xff,
    0xf0, 0x3, 0xff, 0xc0, 0x0, 0x3f, 0xfc, 0x0,
    0x1f, 0xf8, 0x0, 0x1, 0xff, 0x80, 0x0, 0xff,
    0xf0, 0x0, 0xf, 0xff, 0x0, 0x7, 0xff, 0xf0,
    0x0, 0x7f, 0xff, 0x0, 0x3f, 0xff, 0xe0, 0x3,
    0xff, 0xfe, 0x1, 0xff, 0xff, 0xc0, 0x1f, 0xff,
    0xfc, 0xf, 0xff, 0xff, 0xc0, 0xff, 0xff, 0xfc,
    0x7f, 0xff, 0xff, 0x87, 0xff, 0xff, 0xfb, 0xff,
    0xff, 0xfe, 0x3f, 0xff, 0xff, 0xff, 0xff, 0xff,
    0xf1, 0xff, 0xff, 0xff, 0xff, 0xff, 0xff, 0x8f,
    0xff, 0xff, 0xff, 0xff, 0xff, 0xfc, 0x7f, 0xff,
    0xff, 0xcf, 0xff, 0xff, 0xe0, 0xff, 0xff, 0xfe,
    0x1f, 0xff, 0xff, 0x1, 0xff, 0xff, 0xf0, 0x3f,
    0xff, 0xf8, 0x3, 0xff, 0xff, 0x80, 0xff, 0xff,
    0xc0, 0xf, 0xff, 0xfc, 0x1, 0xff, 0xfe, 0x0,
    0x1f, 0xff, 0xe0, 0x3, 0xff, 0xf0, 0x0, 0x3f,
    0xff, 0x0, 0x7, 0xff, 0x80, 0x0, 0x7f, 0xf8,
    0x0, 0xf, 0xfc, 0x0, 0x0, 0xff, 0xc0, 0x0,
    0x3f, 0xe0, 0x0, 0x3, 0xfe, 0x0, 0x0, 0x7f,
    0x0, 0x0, 0x7, 0xf0, 0x0, 0x0, 0xf8, 0x0,
    0x0, 0xf, 0x80, 0x0, 0x1, 0xc0, 0x0, 0x0,
    0x1c, 0x0, 0x0, 0x2, 0x0, 0x0, 0x0, 0x20,

    /* U+00AC "¬" */
    0xff, 0xff, 0xff, 0xff, 0xff, 0xff, 0xff, 0xff,
    0xff, 0xff, 0xff, 0xff, 0xff, 0xff, 0xff, 0xff,
    0xff, 0xff, 0xff, 0xff, 0xff, 0xff, 0xff, 0xff,
    0xff, 0xff, 0xff, 0xff, 0xff, 0xff, 0xff, 0xff,
    0xff, 0xff, 0xff, 0xff, 0x0, 0x0, 0x7, 0xff,
    0xf0, 0x0, 0x0, 0x7f, 0xff, 0x0, 0x0, 0x7,
    0xff, 0xf0, 0x0, 0x0, 0x7f, 0xff, 0x0, 0x0,
    0x7, 0xff, 0xf0, 0x0, 0x0, 0x7f, 0xff, 0x0,
    0x0, 0x7, 0xff, 0xf0, 0x0, 0x0, 0x7f, 0xff,
    0x0, 0x0, 0x7, 0xff, 0xf0, 0x0, 0x0, 0x7f,
    0xff, 0x0, 0x0, 0x7, 0xff, 0xf0, 0x0, 0x0,
    0x7f, 0xff, 0x0, 0x0, 0x7, 0xff, 0xf0, 0x0,
    0x0, 0x7f, 0xff, 0x0, 0x0, 0x7, 0xff, 0xf0,
    0x0, 0x0, 0x7f, 0xff, 0x0, 0x0, 0x7, 0xff,
    0xf0, 0x0, 0x0, 0x7f, 0xff,

    /* U+00AD "­" */
    0xff, 0xff, 0xff, 0xff, 0xff, 0xff, 0xff, 0xff,
    0xff, 0xff, 0xff, 0xff, 0xff, 0xff, 0xff, 0xff,
    0xff, 0xff, 0xff, 0xff, 0xff, 0xff, 0xff, 0xff,
    0xff, 0xff, 0xff, 0xff, 0xff, 0xff, 0xff, 0xff,
    0xff, 0xff, 0xe0,

    /* U+00AE "®" */
    0x0, 0x0, 0x0, 0x3f, 0xfc, 0x0, 0x0, 0x0,
    0x0, 0x0, 0x3, 0xff, 0xff, 0xc0, 0x0, 0x0,
    0x0, 0x0, 0x1f, 0xff, 0xff, 0xf8, 0x0, 0x0,
    0x0, 0x0, 0x7f, 0xff, 0xff, 0xfe, 0x0, 0x0,
    0x0, 0x1, 0xff, 0xff, 0xff, 0xff, 0x80, 0x0,
    0x0, 0x3, 0xff, 0xff, 0xff, 0xff, 0xc0, 0x0,
    0x0, 0xf, 0xff, 0xe0, 0x7, 0xff, 0xf0, 0x0,
    0x0, 0x1f, 0xff, 0x0, 0x0, 0xff, 0xf8, 0x0,
    0x0, 0x3f, 0xf8, 0x0, 0x0, 0x1f, 0xfc, 0x0,
    0x0, 0x7f, 0xf0, 0x0, 0x0, 0xf, 0xfe, 0x0,
    0x0, 0xff, 0xc0, 0x0, 0x0, 0x3, 0xff, 0x0,
    0x1, 0xff, 0x80, 0x0, 0x0, 0x1, 0xff, 0x80,
    0x3, 0xff, 0x7, 0xff, 0xfe, 0x0, 0xff, 0xc0,
    0x3, 0xfe, 0x7, 0xff, 0xff, 0x80, 0x7f, 0xc0,
    0x7, 0xfc, 0x7, 0xff, 0xff, 0xc0, 0x3f, 0xe0,
    0xf, 0xf8, 0x7, 0xff, 0xff, 0xe0, 0x1f, 0xf0,
    0xf, 0xf8, 0x7, 0xff, 0xff, 0xe0, 0x1f, 0xf0,
    0x1f, 0xf0, 0x7, 0xff, 0xff, 0xe0, 0xf, 0xf8,
    0x1f, 0xe0, 0x7, 0xff, 0xff, 0xf0, 0x7, 0xf8,
    0x3f, 0xe0, 0x7, 0xfc, 0x3f, 0xf0, 0x7, 0xfc,
    0x3f, 0xc0, 0x7, 0xfc, 0x1f, 0xf0, 0x3, 0xfc,
    0x3f, 0xc0, 0x7, 0xfc, 0x1f, 0xf0, 0x3, 0xfc,
    0x7f, 0xc0, 0x7, 0xfc, 0x1f, 0xf0, 0x3, 0xfe,
    0x7f, 0x80, 0x7, 0xfc, 0x1f, 0xf0, 0x1, 0xfe,
    0x7f, 0x80, 0x7, 0xfc, 0x1f, 0xf0, 0x1, 0xfe,
    0x7f, 0x80, 0x7, 0xfc, 0x1f, 0xf0, 0x1, 0xfe,
    0xff, 0x0, 0x7, 0xfc, 0x3f, 0xf0, 0x1, 0xff,
    0xff, 0x0, 0x7, 0xff, 0xff, 0xe0, 0x0, 0xff,
    0xff, 0x0, 0x7, 0xff, 0xff, 0xe0, 0x0, 0xff,
    0xff, 0x0, 0x7, 0xff, 0xff, 0xc0, 0x0, 0xff,
    0xff, 0x0, 0x7, 0xff, 0xff, 0x80, 0x0, 0xff,
    0xff, 0x0, 0x7, 0xff, 0xff, 0x0, 0x0, 0xff,
    0xff, 0x0, 0x7, 0xff, 0xff, 0x80, 0x0, 0xff,
    0xff, 0x0, 0x7, 0xff, 0xff, 0xc0, 0x0, 0xff,
    0xff, 0x0, 0x7, 0xfc, 0x7f, 0xe0, 0x0, 0xff,
    0xff, 0x0, 0x7, 0xfc, 0x3f, 0xe0, 0x0, 0xff,
    0xff, 0x0, 0x7, 0xfc, 0x3f, 0xe0, 0x0, 0xff,
    0xff, 0x0, 0x7, 0xfc, 0x3f, 0xe0, 0x1, 0xff,
    0x7f, 0x80, 0x7, 0xfc, 0x3f, 0xe0, 0x1, 0xfe,
    0x7f, 0x80, 0x7, 0xfc, 0x3f, 0xe0, 0x1, 0xfe,
    0x7f, 0x80, 0x7, 0xfc, 0x3f, 0xe0, 0x1, 0xfe,
    0x7f, 0xc0, 0x7, 0xfc, 0x3f, 0xe0, 0x3, 0xfe,
    0x3f, 0xc0, 0x7, 0xfc, 0x3f, 0xe0, 0x3, 0xfc,
    0x3f, 0xc0, 0x7, 0xfc, 0x3f, 0xe0, 0x3, 0xfc,
    0x3f, 0xe0, 0x7, 0xfc, 0x3f, 0xe0, 0x7, 0xfc,
    0x1f, 0xe0, 0x7, 0xfc, 0x3f, 0xe0, 0x7, 0xf8,
    0x1f, 0xf0, 0x7, 0xfc, 0x3f, 0xe0, 0xf, 0xf8,
    0xf, 0xf8, 0x7, 0xfc, 0x3f, 0xe0, 0x1f, 0xf0,
    0xf, 0xf8, 0x7, 0xfc, 0x3f, 0xe0, 0x1f, 0xf0,
    0x7, 0xfc, 0x7, 0xfc, 0x3f, 0xe0, 0x3f, 0xe0,
    0x3, 0xfe, 0x7, 0xfc, 0x3f, 0xe0, 0x7f, 0xc0,
    0x3, 0xff, 0x7, 0xfc, 0x3f, 0xe0, 0xff, 0xc0,
    0x1, 0xff, 0x87, 0xfc, 0x3f, 0xe1, 0xff, 0x80,
    0x0, 0xff, 0xc0, 0x0, 0x0, 0x3, 0xff, 0x0,
    0x0, 0x7f, 0xf0, 0x0, 0x0, 0xf, 0xfe, 0x0,
    0x0, 0x3f, 0xf8, 0x0, 0x0, 0x1f, 0xfc, 0x0,
    0x0, 0x1f, 0xff, 0x0, 0x0, 0xff, 0xf8, 0x0,
    0x0, 0xf, 0xff, 0xe0, 0x7, 0xff, 0xf0, 0x0,
    0x0, 0x3, 0xff, 0xff, 0xff, 0xff, 0xc0, 0x0,
    0x0, 0x1, 0xff, 0xff, 0xff, 0xff, 0x80, 0x0,
    0x0, 0x0, 0x7f, 0xff, 0xff, 0xfe, 0x0, 0x0,
    0x0, 0x0, 0x1f, 0xff, 0xff, 0xf8, 0x0, 0x0,
    0x0, 0x0, 0x3, 0xff, 0xff, 0xc0, 0x0, 0x0,
    0x0, 0x0, 0x0, 0x3f, 0xfc, 0x0, 0x0, 0x0,

    /* U+00AF "¯" */
    0xff, 0xff, 0xff, 0xff, 0xff, 0xff, 0xff, 0xff,
    0xff, 0xff, 0xff, 0xff, 0xff, 0xff, 0xff, 0xff,
    0xff, 0xff, 0xff, 0xff, 0xff, 0xff, 0xff, 0xff,
    0xff, 0xff, 0xff, 0xff,

    /* U+00B0 "°" */
    0x0, 0xf, 0xfc, 0x0, 0x0, 0x1f, 0xff, 0xe0,
    0x0, 0x1f, 0xff, 0xfe, 0x0, 0xf, 0xff, 0xff,
    0xc0, 0x7, 0xff, 0xff, 0xf8, 0x3, 0xff, 0xff,
    0xff, 0x1, 0xff, 0xff, 0xff, 0xe0, 0xff, 0xff,
    0xff, 0xfc, 0x3f, 0xff, 0xff, 0xff, 0x1f, 0xff,
    0x3, 0xff, 0xe7, 0xff, 0x80, 0x7f, 0xf9, 0xff,
    0xc0, 0xf, 0xfe, 0xff, 0xe0, 0x1, 0xff, 0xff,
    0xf8, 0x0, 0x7f, 0xff, 0xfc, 0x0, 0xf, 0xff,
    0xff, 0x0, 0x3, 0xff, 0xff, 0xc0, 0x0, 0xff,
    0xff, 0xf0, 0x0, 0x3f, 0xff, 0xfc, 0x0, 0xf,
    0xff, 0xff, 0x80, 0x7, 0xff, 0xff, 0xe0, 0x1,
    0xff, 0xdf, 0xfc, 0x0, 0xff, 0xe7, 0xff, 0x80,
    0x7f, 0xf9, 0xff, 0xf0, 0x3f, 0xfe, 0x3f, 0xff,
    0xff, 0xff, 0xf, 0xff, 0xff, 0xff, 0xc1, 0xff,
    0xff, 0xff, 0xe0, 0x3f, 0xff, 0xff, 0xf0, 0xf,
    0xff, 0xff, 0xf8, 0x0, 0xff, 0xff, 0xfc, 0x0,
    0x1f, 0xff, 0xfe, 0x0, 0x1, 0xff, 0xfe, 0x0,
    0x0, 0xf, 0xfc, 0x0, 0x0,

    /* U+00B1 "±" */
    0x0, 0x3f, 0xf8, 0x0, 0x0, 0x3f, 0xf8, 0x0,
    0x0, 0x3f, 0xf8, 0x0, 0x0, 0x3f, 0xf8, 0x0,
    0x0, 0x3f, 0xf8, 0x0, 0x0, 0x3f, 0xf8, 0x0,
    0x0, 0x3f, 0xf8, 0x0, 0x0, 0x3f, 0xf8, 0x0,
    0x0, 0x3f, 0xf8, 0x0, 0x0, 0x3f, 0xf8, 0x0,
    0xff, 0xff, 0xff, 0xff, 0xff, 0xff, 0xff, 0xff,
    0xff, 0xff, 0xff, 0xff, 0xff, 0xff, 0xff, 0xff,
    0xff, 0xff, 0xff, 0xff, 0xff, 0xff, 0xff, 0xff,
    0xff, 0xff, 0xff, 0xff, 0xff, 0xff, 0xff, 0xff,
    0xff, 0xff, 0xff, 0xff, 0xff, 0xff, 0xff, 0xff,
    0xff, 0xff, 0xff, 0xff, 0x0, 0x3f, 0xf8, 0x0,
    0x0, 0x3f, 0xf8, 0x0, 0x0, 0x3f, 0xf8, 0x0,
    0x0, 0x3f, 0xf8, 0x0, 0x0, 0x3f, 0xf8, 0x0,
    0x0, 0x3f, 0xf8, 0x0, 0x0, 0x3f, 0xf8, 0x0,
    0x0, 0x3f, 0xf8, 0x0, 0x0, 0x3f, 0xf8, 0x0,
    0x0, 0x3f, 0xf8, 0x0, 0x0, 0x0, 0x0, 0x0,
    0x0, 0x0, 0x0, 0x0, 0x0, 0x0, 0x0, 0x0,
    0x0, 0x0, 0x0, 0x0, 0x0, 0x0, 0x0, 0x0,
    0x0, 0x0, 0x0, 0x0, 0x0, 0x0, 0x0, 0x0,
    0x0, 0x0, 0x0, 0x0, 0x0, 0x0, 0x0, 0x0,
    0x0, 0x0, 0x0, 0x0, 0x3f, 0xff, 0xff, 0xe0,
    0x3f, 0xff, 0xff, 0xe0, 0x3f, 0xff, 0xff, 0xe0,
    0x3f, 0xff, 0xff, 0xe0, 0x3f, 0xff, 0xff, 0xe0,
    0x3f, 0xff, 0xff, 0xe0, 0x3f, 0xff, 0xff, 0xe0,
    0x3f, 0xff, 0xff, 0xe0, 0x3f, 0xff, 0xff, 0xe0,
    0x3f, 0xff, 0xff, 0xe0, 0x3f, 0xff, 0xff, 0xe0,

    /* U+00B2 "²" */
    0x0, 0x7f, 0xc0, 0x0, 0x7f, 0xff, 0x0, 0x3f,
    0xff, 0xf0, 0xf, 0xff, 0xff, 0x1, 0xff, 0xff,
    0xf0, 0x7f, 0xff, 0xff, 0xf, 0xff, 0xff, 0xf3,
    0xff, 0xff, 0xfe, 0x7f, 0xff, 0xff, 0xcf, 0xfe,
    0x3f, 0xff, 0xff, 0x83, 0xff, 0xff, 0xf0, 0x7f,
    0xff, 0xfe, 0xf, 0xff, 0xff, 0xc1, 0xff, 0xff,
    0xf8, 0x3f, 0xff, 0xff, 0x7, 0xff, 0xff, 0xe0,
    0xff, 0xff, 0xfc, 0x1f, 0xff, 0xff, 0x87, 0xff,
    0xff, 0xf0, 0xff, 0xe0, 0x0, 0x1f, 0xfc, 0x0,
    0x7, 0xff, 0x80, 0x0, 0xff, 0xe0, 0x0, 0x3f,
    0xfc, 0x0, 0xf, 0xff, 0x0, 0x1, 0xff, 0xe0,
    0x0, 0x7f, 0xf8, 0x0, 0x1f, 0xfe, 0x0, 0x7,
    0xff, 0xc0, 0x0, 0xff, 0xf0, 0x0, 0x3f, 0xfc,
    0x0, 0xf, 0xff, 0x0, 0x3, 0xff, 0xe0, 0x0,
    0xff, 0xf8, 0x0, 0x1f, 0xfe, 0x0, 0x7, 0xff,
    0x80, 0x1, 0xff, 0xe0, 0x0, 0x3f, 0xfc, 0x0,
    0xf, 0xff, 0x0, 0x1, 0xff, 0xe0, 0x0, 0x7f,
    0xf8, 0x0, 0xf, 0xff, 0xff, 0xf9, 0xff, 0xff,
    0xff, 0x7f, 0xff, 0xff, 0xef, 0xff, 0xff, 0xfd,
    0xff, 0xff, 0xff, 0xbf, 0xff, 0xff, 0xf7, 0xff,
    0xff, 0xfe, 0xff, 0xff, 0xff, 0xdf, 0xff, 0xff,
    0xf8,

    /* U+00B3 "³" */
    0x0, 0x7f, 0xc0, 0x0, 0x7f, 0xff, 0x0, 0x3f,
    0xff, 0xf8, 0xf, 0xff, 0xff, 0x83, 0xff, 0xff,
    0xf8, 0x7f, 0xff, 0xff, 0x1f, 0xff, 0xff, 0xf3,
    0xff, 0xff, 0xfe, 0xff, 0xff, 0xff, 0xdf, 0xfe,
    0x3f, 0xff, 0xff, 0x83, 0xff, 0xff, 0xf0, 0x7f,
    0xff, 0xfe, 0xf, 0xff, 0xff, 0xc1, 0xff, 0xff,
    0xf8, 0x3f, 0xf8, 0x0, 0x7, 0xff, 0x0, 0x1,
    0xff, 0xe0, 0x0, 0x7f, 0xf8, 0x0, 0x7f, 0xff,
    0x0, 0xf, 0xff, 0xe0, 0x1, 0xff, 0xf8, 0x0,
    0x3f, 0xfe, 0x0, 0x7, 0xff, 0x0, 0x0, 0xff,
    0xf8, 0x0, 0x1f, 0xff, 0x80, 0x3, 0xff, 0xf8,
    0x0, 0x7f, 0xff, 0x0, 0x1, 0xff, 0xe0, 0x0,
    0x1f, 0xfe, 0x0, 0x3, 0xff, 0xc0, 0x0, 0x3f,
    0xff, 0xff, 0x7, 0xff, 0xff, 0xe0, 0xff, 0xff,
    0xfc, 0x1f, 0xff, 0xff, 0x83, 0xff, 0xff, 0xf0,
    0x7f, 0xff, 0xfe, 0xf, 0xff, 0xff, 0xc1, 0xff,
    0xff, 0xf8, 0x3f, 0xff, 0xff, 0x7, 0xff, 0xff,
    0xf1, 0xff, 0xdf, 0xff, 0xff, 0xf9, 0xff, 0xff,
    0xff, 0x3f, 0xff, 0xff, 0xc7, 0xff, 0xff, 0xf8,
    0x7f, 0xff, 0xfe, 0x7, 0xff, 0xff, 0xc0, 0x7f,
    0xff, 0xf0, 0x7, 0xff, 0xf8, 0x0, 0x3f, 0xfc,
    0x0, 0x0, 0x30, 0x0, 0x0,

    /* U+00B4 "´" */
    0x0, 0x0, 0x6, 0x0, 0x0, 0x3c, 0x0, 0x1,
    0xf8, 0x0, 0xf, 0xf0, 0x0, 0x7f, 0xe0, 0x7,
    0xff, 0xc0, 0x3f, 0xff, 0x81, 0xff, 0xff, 0xf,
    0xff, 0xfe, 0x7f, 0xff, 0xff, 0xff, 0xff, 0xff,
    0xff, 0xff, 0xff, 0xff, 0xff, 0xff, 0xff, 0xff,
    0xff, 0xff, 0xff, 0xff, 0xff, 0xff, 0xff, 0xff,
    0xff, 0xff, 0xff, 0xc3, 0xff, 0xf0, 0x7, 0xfc,
    0x0, 0xf, 0x0, 0x0, 0x0,

    /* U+00B5 "µ" */
    0xff, 0xff, 0xc0, 0x7f, 0xff, 0xff, 0xff, 0xf8,
    0xf, 0xff, 0xff, 0xff, 0xff, 0x1, 0xff, 0xff,
    0xff, 0xff, 0xe0, 0x3f, 0xff, 0xff, 0xff, 0xfc,
    0x7, 0xff, 0xff, 0xff, 0xff, 0x80, 0xff, 0xff,
    0xff, 0xff, 0xf0, 0x1f, 0xff, 0xff, 0xff, 0xfe,
    0x3, 0xff, 0xff, 0xff, 0xff, 0xc0, 0x7f, 0xff,
    0xff, 0xff, 0xf8, 0xf, 0xff, 0xff, 0xff, 0xff,
    0x1, 0xff, 0xff, 0xff, 0xff, 0xe0, 0x3f, 0xff,
    0xff, 0xff, 0xfc, 0x7, 0xff, 0xff, 0xff, 0xff,
    0x80, 0xff, 0xff, 0xff, 0xff, 0xf0, 0x1f, 0xff,
    0xff, 0xff, 0xfe, 0x3, 0xff, 0xff, 0xff, 0xff,
    0xc0, 0x7f, 0xff, 0xff, 0xff, 0xf8, 0xf, 0xff,
    0xff, 0xff, 0xff, 0x1, 0xff, 0xff, 0xff, 0xff,
    0xe0, 0x3f, 0xff, 0xff, 0xff, 0xfc, 0x7, 0xff,
    0xff, 0xff, 0xff, 0x80, 0xff, 0xff, 0xff, 0xff,
    0xf0, 0x1f, 0xff, 0xff, 0xff, 0xfe, 0x3, 0xff,
    0xff, 0xff, 0xff, 0xc0, 0x7f, 0xff, 0xff, 0xff,
    0xf8, 0xf, 0xff, 0xff, 0xff, 0xff, 0x1, 0xff,
    0xff, 0xff, 0xff, 0xe0, 0x3f, 0xff, 0xff, 0xff,
    0xfc, 0x7, 0xff, 0xff, 0xff, 0xff, 0x80, 0xff,
    0xff, 0xff, 0xff, 0xf0, 0x1f, 0xff, 0xff, 0xff,
    0xfe, 0x3, 0xff, 0xff, 0xff, 0xff, 0xc0, 0x7f,
    0xff, 0xff, 0xff, 0xf8, 0xf, 0xff, 0xff, 0xff,
    0xff, 0x1, 0xff, 0xff, 0xff, 0xff, 0xe0, 0x3f,
    0xff, 0xff, 0xff, 0xfc, 0x7, 0xff, 0xff, 0xff,
    0xff, 0x80, 0xff, 0xff, 0xff, 0xff, 0xf0, 0x1f,
    0xff, 0xff, 0xff, 0xfe, 0x3, 0xff, 0xff, 0xff,
    0xff, 0xc0, 0x7f, 0xff, 0xff, 0xff, 0xf8, 0xf,
    0xff, 0xff, 0xff, 0xff, 0x1, 0xff, 0xff, 0xff,
    0xff, 0xe0, 0x3f, 0xff, 0xff, 0xff, 0xfc, 0x7,
    0xff, 0xff, 0xff, 0xff, 0x80, 0xff, 0xff, 0xff,
    0xff, 0xf0, 0x1f, 0xff, 0xff, 0xff, 0xfe, 0x3,
    0xff, 0xff, 0xff, 0xff, 0xc0, 0x7f, 0xff, 0xff,
    0xff, 0xf8, 0xf, 0xff, 0xff, 0xff, 0xff, 0x1,
    0xff, 0xff, 0xff, 0xff, 0xe0, 0x3f, 0xff, 0xff,
    0xff, 0xfc, 0x7, 0xff, 0xff, 0xff, 0xff, 0x80,
    0xff, 0xff, 0xff, 0xff, 0xf0, 0x1f, 0xff, 0xff,
    0xff, 0xfe, 0x3, 0xff, 0xff, 0xff, 0xff, 0xc0,
    0x7f, 0xff, 0xff, 0xff, 0xf8, 0x1f, 0xff, 0xff,
    0xff, 0xff, 0x83, 0xff, 0xff, 0xff, 0xff, 0xf0,
    0xff, 0xff, 0xff, 0xff, 0xff, 0xff, 0xff, 0xff,
    0xff, 0xff, 0xff, 0xff, 0xff, 0xff, 0xff, 0xff,
    0xff, 0xff, 0xff, 0xff, 0xff, 0xff, 0xff, 0xff,
    0xff, 0xff, 0xff, 0xff, 0xff, 0xff, 0xff, 0xff,
    0xff, 0xff, 0xff, 0xff, 0xff, 0xfd, 0xff, 0xff,
    0xff, 0xff, 0xff, 0xbf, 0xff, 0xff, 0xff, 0xff,
    0xf7, 0xff, 0xff, 0xff, 0xff, 0xfc, 0xff, 0xff,
    0xff, 0xff, 0xff, 0x1f, 0xff, 0xff, 0xff, 0xff,
    0xe3, 0xff, 0xff, 0xff, 0xff, 0xf0, 0x7f, 0xff,
    0xff, 0xff, 0xf8, 0x0, 0x0, 0x3, 0xff, 0xfe,
    0x0, 0x0, 0x0, 0x7f, 0xff, 0xc0, 0x0, 0x0,
    0xf, 0xff, 0xf8, 0x0, 0x0, 0x1, 0xff, 0xff,
    0x0, 0x0, 0x0, 0x3f, 0xff, 0xe0, 0x0, 0x0,
    0x7, 0xff, 0xfc, 0x0, 0x0, 0x0, 0xff, 0xff,
    0x80, 0x0, 0x0, 0x1f, 0xff, 0xf0, 0x0, 0x0,
    0x0,

    /* U+00B6 "¶" */
    0x0, 0x0, 0x1f, 0xff, 0xff, 0xf8, 0x0, 0x1f,
    0xff, 0xff, 0xff, 0xc0, 0xf, 0xff, 0xff, 0xff,
    0xfe, 0x1, 0xff, 0xff, 0xff, 0xff, 0xf0, 0x1f,
    0xff, 0xff, 0xff, 0xff, 0x83, 0xff, 0xff, 0xff,
    0xff, 0xfc, 0x3f, 0xff, 0xff, 0xff, 0xff, 0xe3,
    0xff, 0xff, 0xff, 0xff, 0xff, 0x1f, 0xff, 0xff,
    0xff, 0xff, 0xf9, 0xff, 0xff, 0xff, 0xff, 0xff,
    0xdf, 0xff, 0xff, 0xff, 0xff, 0xfe, 0xff, 0xff,
    0xff, 0xff, 0xff, 0xf7, 0xff, 0xff, 0xff, 0xff,
    0xff, 0xff, 0xff, 0xff, 0xff, 0xff, 0xff, 0xff,
    0xff, 0xff, 0xff, 0xff, 0xff, 0xff, 0xff, 0xff,
    0xf, 0xff, 0xff, 0xff, 0xff, 0xf8, 0x7f, 0xff,
    0xff, 0xff, 0xff, 0xc3, 0xff, 0xff, 0xff, 0xff,
    0xfe, 0x1f, 0xff, 0xff, 0xff, 0xff, 0xf0, 0xff,
    0xff, 0xff, 0xff, 0xff, 0x87, 0xff, 0xff, 0xff,
    0xff, 0xfc, 0x3f, 0xff, 0xff, 0xff, 0xff, 0xe1,
    0xff, 0xff, 0xff, 0xff, 0xff, 0xf, 0xff, 0xff,
    0xff, 0xff, 0xf8, 0x7f, 0xfb, 0xff, 0xff, 0xff,
    0xc3, 0xff, 0xdf, 0xff, 0xff, 0xfe, 0x1f, 0xfe,
    0xff, 0xff, 0xff, 0xf0, 0xff, 0xf7, 0xff, 0xff,
    0xff, 0x87, 0xff, 0x9f, 0xff, 0xff, 0xfc, 0x3f,
    0xfc, 0xff, 0xff, 0xff, 0xe1, 0xff, 0xe3, 0xff,
    0xff, 0xff, 0xf, 0xff, 0xf, 0xff, 0xff, 0xf8,
    0x7f, 0xf8, 0x7f, 0xff, 0xff, 0xc3, 0xff, 0xc1,
    0xff, 0xff, 0xfe, 0x1f, 0xfe, 0x3, 0xff, 0xff,
    0xf0, 0xff, 0xf0, 0xf, 0xff, 0xff, 0x87, 0xff,
    0x80, 0x1f, 0xff, 0xfc, 0x3f, 0xfc, 0x0, 0xf,
    0xff, 0xe1, 0xff, 0xe0, 0x0, 0xf, 0xff, 0xf,
    0xff, 0x0, 0x0, 0x7f, 0xf8, 0x7f, 0xf8, 0x0,
    0x3, 0xff, 0xc3, 0xff, 0xc0, 0x0, 0x1f, 0xfe,
    0x1f, 0xfe, 0x0, 0x0, 0xff, 0xf0, 0xff, 0xf0,
    0x0, 0x7, 0xff, 0x87, 0xff, 0x80, 0x0, 0x3f,
    0xfc, 0x3f, 0xfc, 0x0, 0x1, 0xff, 0xe1, 0xff,
    0xe0, 0x0, 0xf, 0xff, 0xf, 0xff, 0x0, 0x0,
    0x7f, 0xf8, 0x7f, 0xf8, 0x0, 0x3, 0xff, 0xc3,
    0xff, 0xc0, 0x0, 0x1f, 0xfe, 0x1f, 0xfe, 0x0,
    0x0, 0xff, 0xf0, 0xff, 0xf0, 0x0, 0x7, 0xff,
    0x87, 0xff, 0x80, 0x0, 0x3f, 0xfc, 0x3f, 0xfc,
    0x0, 0x1, 0xff, 0xe1, 0xff, 0xe0, 0x0, 0xf,
    0xff, 0xf, 0xff, 0x0, 0x0, 0x7f, 0xf8, 0x7f,
    0xf8, 0x0, 0x3, 0xff, 0xc3, 0xff, 0xc0, 0x0,
    0x1f, 0xfe, 0x1f, 0xfe, 0x0, 0x0, 0xff, 0xf0,
    0xff, 0xf0, 0x0, 0x7, 0xff, 0x87, 0xff, 0x80,
    0x0, 0x3f, 0xfc, 0x3f, 0xfc, 0x0, 0x1, 0xff,
    0xe1, 0xff, 0xe0, 0x0, 0xf, 0xff, 0xf, 0xff,
    0x0, 0x0, 0x7f, 0xf8, 0x7f, 0xf8, 0x0, 0x3,
    0xff, 0xc3, 0xff, 0xc0, 0x0, 0x1f, 0xfe, 0x1f,
    0xfe, 0x0, 0x0, 0xff, 0xf0, 0xff, 0xf0, 0x0,
    0x7, 0xff, 0x87, 0xff, 0x80, 0x0, 0x3f, 0xfc,
    0x3f, 0xfc, 0x0, 0x1, 0xff, 0xe1, 0xff, 0xe0,
    0x0, 0xf, 0xff, 0xf, 0xff, 0x0, 0x0, 0x7f,
    0xf8, 0x7f, 0xf8, 0x0, 0x3, 0xff, 0xc3, 0xff,
    0xc0, 0x0, 0x1f, 0xfe, 0x1f, 0xfe, 0x0, 0x0,
    0xff, 0xf0, 0xff, 0xf0, 0x0, 0x7, 0xff, 0x87,
    0xff, 0x80, 0x0, 0x3f, 0xfc, 0x3f, 0xfc,

    /* U+00B7 "·" */
    0xff, 0xff, 0xff, 0xff, 0xff, 0xff, 0xff, 0xff,
    0xff, 0xff, 0xff, 0xff, 0xff, 0xff, 0xff, 0xff,
    0xff, 0xff, 0xff, 0xff, 0xff, 0xff, 0xff, 0xff,
    0xff, 0xff, 0xff, 0xff,

    /* U+00B8 "¸" */
    0x1, 0xfe, 0x0, 0x1, 0xff, 0x0, 0x0, 0xff,
    0x80, 0x0, 0xff, 0xc0, 0x0, 0x7f, 0xc0, 0x0,
    0x7f, 0xe0, 0x0, 0x3f, 0xf0, 0x0, 0x3f, 0xf0,
    0x0, 0x3f, 0xf8, 0x0, 0x1f, 0xfc, 0x0, 0x1f,
    0xfc, 0x0, 0x1f, 0xfc, 0x0, 0x1f, 0xfe, 0x0,
    0x1f, 0xfe, 0x0, 0x1f, 0xfe, 0x0, 0x1f, 0xff,
    0x0, 0x1f, 0xff, 0x0, 0x1f, 0xff, 0x0, 0x3f,
    0xff, 0xc0, 0xff, 0xff, 0xff, 0xff, 0xff, 0xff,
    0xff, 0xff, 0xff, 0xff, 0xff, 0xff, 0xff, 0xfe,
    0xff, 0xff, 0xfe, 0xff, 0xff, 0xfc, 0xff, 0xff,
    0xf8, 0xff, 0xff, 0xf8, 0xff, 0xff, 0xe0, 0x7f,
    0xff, 0xc0, 0xf, 0xfe, 0x0,

    /* U+00B9 "¹" */
    0x0, 0xff, 0x80, 0x7f, 0xc0, 0x7f, 0xe0, 0x7f,
    0xf0, 0x7f, 0xf8, 0xff, 0xff, 0xff, 0xff, 0xff,
    0xff, 0xff, 0xff, 0xff, 0xff, 0xff, 0xff, 0xff,
    0xff, 0xff, 0xbf, 0xff, 0x1f, 0xfc, 0xf, 0xfe,
    0x7, 0xff, 0x3, 0xff, 0x81, 0xff, 0xc0, 0xff,
    0xe0, 0x7f, 0xf0, 0x3f, 0xf8, 0x1f, 0xfc, 0xf,
    0xfe, 0x7, 0xff, 0x3, 0xff, 0x81, 0xff, 0xc0,
    0xff, 0xe0, 0x7f, 0xf0, 0x3f, 0xf8, 0x1f, 0xfc,
    0xf, 0xfe, 0x7, 0xff, 0x3, 0xff, 0x81, 0xff,
    0xc0, 0xff, 0xe0, 0x7f, 0xf0, 0x3f, 0xf8, 0x1f,
    0xfc, 0xf, 0xfe, 0x7, 0xff, 0x3, 0xff, 0x81,
    0xff, 0xc0, 0xff, 0xe0, 0x7f, 0xf0, 0x3f, 0xf8,
    0x1f, 0xfc, 0xf, 0xfe, 0x7, 0xff, 0x3, 0xff,
    0x81, 0xff, 0xc0,

    /* U+00BA "º" */
    0x0, 0x7, 0xfc, 0x0, 0x0, 0x7, 0xff, 0xf8,
    0x0, 0x3, 0xff, 0xff, 0x80, 0x1, 0xff, 0xff,
    0xfc, 0x0, 0x7f, 0xff, 0xff, 0xc0, 0x1f, 0xff,
    0xff, 0xfc, 0x7, 0xff, 0xff, 0xff, 0xc0, 0xff,
    0xff, 0xff, 0xf8, 0x3f, 0xff, 0xff, 0xff, 0x87,
    0xff, 0xff, 0xff, 0xf1, 0xff, 0xff, 0xff, 0xff,
    0x3f, 0xff, 0x8f, 0xff, 0xe7, 0xff, 0xe0, 0xff,
    0xfd, 0xff, 0xf8, 0xf, 0xff, 0xff, 0xff, 0x1,
    0xff, 0xff, 0xff, 0xe0, 0x3f, 0xff, 0xff, 0xfc,
    0x7, 0xff, 0xff, 0xff, 0x80, 0xff, 0xff, 0xff,
    0xf0, 0x1f, 0xff, 0xff, 0xfe, 0x3, 0xff, 0xff,
    0xff, 0xc0, 0x7f, 0xff, 0xff, 0xf8, 0xf, 0xff,
    0xff, 0xff, 0x1, 0xff, 0xff, 0xff, 0xe0, 0x3f,
    0xff, 0xff, 0xfc, 0x7, 0xff, 0xff, 0xff, 0x80,
    0xff, 0xff, 0xff, 0xf0, 0x1f, 0xff, 0xff, 0xfe,
    0x3, 0xff, 0xff, 0xff, 0xc0, 0x7f, 0xff, 0xff,
    0xf8, 0xf, 0xff, 0xff, 0xff, 0x1, 0xff, 0xff,
    0xff, 0xe0, 0x3f, 0xff, 0xff, 0xfc, 0x7, 0xff,
    0xff, 0xff, 0x80, 0xff, 0xff, 0xff, 0xf0, 0x1f,
    0xff, 0xff, 0xfe, 0x3, 0xff, 0xff, 0xff, 0xc0,
    0x7f, 0xff, 0xff, 0xf8, 0xf, 0xff, 0xff, 0xff,
    0x1, 0xff, 0xff, 0xff, 0xe0, 0x3f, 0xff, 0xff,
    0xfc, 0x7, 0xff, 0xff, 0xff, 0x80, 0xff, 0xff,
    0xff, 0xf0, 0x1f, 0xff, 0xff, 0xfe, 0x3, 0xff,
    0xff, 0xff, 0xc0, 0x7f, 0xff, 0xff, 0xf8, 0xf,
    0xff, 0xff, 0xff, 0x1, 0xff, 0xfb, 0xff, 0xf0,
    0x7f, 0xfe, 0x7f, 0xff, 0xff, 0xff, 0xcf, 0xff,
    0xff, 0xff, 0xf9, 0xff, 0xff, 0xff, 0xfe, 0x1f,
    0xff, 0xff, 0xff, 0xc3, 0xff, 0xff, 0xff, 0xf0,
    0x3f, 0xff, 0xff, 0xfe, 0x3, 0xff, 0xff, 0xff,
    0x80, 0x3f, 0xff, 0xff, 0xe0, 0x3, 0xff, 0xff,
    0xf8, 0x0, 0x1f, 0xff, 0xfc, 0x0, 0x0, 0xff,
    0xfe, 0x0, 0x0, 0x0, 0x60, 0x0, 0x0,

    /* U+00BB "»" */
    0x80, 0x0, 0x0, 0x8, 0x0, 0x0, 0x7, 0x0,
    0x0, 0x0, 0x70, 0x0, 0x0, 0x3e, 0x0, 0x0,
    0x3, 0xe0, 0x0, 0x1, 0xfc, 0x0, 0x0, 0x1f,
    0xc0, 0x0, 0xf, 0xf8, 0x0, 0x0, 0xff, 0x80,
    0x0, 0x7f, 0xe0, 0x0, 0x7, 0xfe, 0x0, 0x3,
    0xff, 0xc0, 0x0, 0x3f, 0xfc, 0x0, 0x1f, 0xff,
    0x80, 0x1, 0xff, 0xf8, 0x0, 0xff, 0xff, 0x0,
    0xf, 0xff, 0xf0, 0x7, 0xff, 0xfe, 0x0, 0x7f,
    0xff, 0xe0, 0x3f, 0xff, 0xfc, 0x3, 0xff, 0xff,
    0xc1, 0xff, 0xff, 0xf8, 0x1f, 0xff, 0xff, 0x8f,
    0xff, 0xff, 0xf0, 0xff, 0xff, 0xff, 0x7f, 0xff,
    0xff, 0xc7, 0xff, 0xff, 0xff, 0xff, 0xff, 0xfe,
    0x3f, 0xff, 0xff, 0xff, 0xff, 0xff, 0xf1, 0xff,
    0xff, 0xff, 0xff, 0xff, 0xff, 0x8f, 0xff, 0xff,
    0xff, 0xff, 0xff, 0xfc, 0x7f, 0xff, 0xff, 0xc7,
    0xff, 0xff, 0xe0, 0x7f, 0xff, 0xfe, 0xf, 0xff,
    0xff, 0x0, 0xff, 0xff, 0xf0, 0xf, 0xff, 0xf8,
    0x0, 0xff, 0xff, 0x80, 0x1f, 0xff, 0xc0, 0x1,
    0xff, 0xfc, 0x0, 0x1f, 0xfe, 0x0, 0x1, 0xff,
    0xe0, 0x0, 0x3f, 0xf0, 0x0, 0x3, 0xff, 0x0,
    0x7, 0xff, 0x80, 0x0, 0x7f, 0xf8, 0x1, 0xff,
    0xfc, 0x0, 0x1f, 0xff, 0xc0, 0x3f, 0xff, 0xe0,
    0x3, 0xff, 0xfe, 0x7, 0xff, 0xff, 0x0, 0x7f,
    0xff, 0xf1, 0xff, 0xff, 0xf8, 0x1f, 0xff, 0xff,
    0xbf, 0xff, 0xff, 0xc3, 0xff, 0xff, 0xff, 0xff,
    0xff, 0xfe, 0x3f, 0xff, 0xff, 0xff, 0xff, 0xff,
    0xf1, 0xff, 0xff, 0xff, 0xff, 0xff, 0xff, 0x8f,
    0xff, 0xff, 0xff, 0xff, 0xff, 0xfc, 0x7f, 0xff,
    0xff, 0xff, 0xff, 0xff, 0x83, 0xff, 0xff, 0xf9,
    0xff, 0xff, 0xf0, 0x1f, 0xff, 0xff, 0xf, 0xff,
    0xfe, 0x0, 0xff, 0xff, 0xe0, 0x7f, 0xff, 0xe0,
    0x7, 0xff, 0xfe, 0x3, 0xff, 0xfc, 0x0, 0x3f,
    0xff, 0xc0, 0x1f, 0xff, 0x80, 0x1, 0xff, 0xf8,
    0x0, 0xff, 0xf0, 0x0, 0xf, 0xff, 0x0, 0x7,
    0xfe, 0x0, 0x0, 0x7f, 0xe0, 0x0, 0x3f, 0xe0,
    0x0, 0x3, 0xfe, 0x0, 0x1, 0xfc, 0x0, 0x0,
    0x1f, 0xc0, 0x0, 0xf, 0x80, 0x0, 0x0, 0xf8,
    0x0, 0x0, 0x70, 0x0, 0x0, 0x7, 0x0, 0x0,
    0x2, 0x0, 0x0, 0x0, 0x20, 0x0, 0x0, 0x0,

    /* U+00BC "¼" */
    0x0, 0x0, 0x0, 0x0, 0x0, 0x7f, 0xfe, 0x0,
    0x0, 0x0, 0x0, 0x0, 0x0, 0xf, 0xff, 0xc0,
    0x0, 0x3, 0xfe, 0x0, 0x0, 0x3, 0xff, 0xf0,
    0x0, 0x0, 0x7f, 0xc0, 0x0, 0x0, 0x7f, 0xfe,
    0x0, 0x0, 0x1f, 0xf8, 0x0, 0x0, 0xf, 0xff,
    0x80, 0x0, 0x7, 0xff, 0x0, 0x0, 0x3, 0xff,
    0xf0, 0x0, 0x1, 0xff, 0xe0, 0x0, 0x0, 0x7f,
    0xfe, 0x0, 0x0, 0xff, 0xfc, 0x0, 0x0, 0xf,
    0xff, 0x80, 0x0, 0xff, 0xff, 0x80, 0x0, 0x3,
    0xff, 0xf0, 0x0, 0x1f, 0xff, 0xf0, 0x0, 0x0,
    0x7f, 0xfe, 0x0, 0x3, 0xff, 0xfe, 0x0, 0x0,
    0xf, 0xff, 0x80, 0x0, 0x7f, 0xff, 0xc0, 0x0,
    0x1, 0xff, 0xf0, 0x0, 0xf, 0xff, 0xf8, 0x0,
    0x0, 0x7f, 0xfc, 0x0, 0x1, 0xff, 0xff, 0x0,
    0x0, 0xf, 0xff, 0x80, 0x0, 0x3e, 0xff, 0xe0,
    0x0, 0x1, 0xff, 0xf0, 0x0, 0x7, 0x1f, 0xfc,
    0x0, 0x0, 0x7f, 0xfc, 0x0, 0x0, 0x3, 0xff,
    0x80, 0x0, 0xf, 0xff, 0x80, 0x0, 0x0, 0x7f,
    0xf0, 0x0, 0x1, 0xff, 0xf0, 0x0, 0x0, 0xf,
    0xfe, 0x0, 0x0, 0x7f, 0xfc, 0x0, 0x0, 0x1,
    0xff, 0xc0, 0x0, 0xf, 0xff, 0x80, 0x0, 0x0,
    0x3f, 0xf8, 0x0, 0x1, 0xff, 0xe0, 0x0, 0x0,
    0x7, 0xff, 0x0, 0x0, 0x7f, 0xfc, 0x0, 0x0,
    0x0, 0xff, 0xe0, 0x0, 0xf, 0xff, 0x80, 0x0,
    0x0, 0x1f, 0xfc, 0x0, 0x1, 0xff, 0xe0, 0x0,
    0x0, 0x3, 0xff, 0x80, 0x0, 0x7f, 0xfc, 0x0,
    0x0, 0x0, 0x7f, 0xf0, 0x0, 0xf, 0xff, 0x80,
    0x0, 0x0, 0xf, 0xfe, 0x0, 0x1, 0xff, 0xe0,
    0x0, 0x0, 0x1, 0xff, 0xc0, 0x0, 0x7f, 0xfc,
    0x0, 0x0, 0x0, 0x3f, 0xf8, 0x0, 0xf, 0xff,
    0x0, 0x0, 0x0, 0x7, 0xff, 0x0, 0x1, 0xff,
    0xe0, 0x0, 0x0, 0x0, 0xff, 0xe0, 0x0, 0x3f,
    0xfc, 0x0, 0x0, 0x0, 0x1f, 0xfc, 0x0, 0xf,
    0xff, 0x0, 0x0, 0x0, 0x3, 0xff, 0x80, 0x1,
    0xff, 0xe0, 0x0, 0x0, 0x0, 0x7f, 0xf0, 0x0,
    0x3f, 0xfc, 0x0, 0x0, 0x0, 0xf, 0xfe, 0x0,
    0xf, 0xff, 0x0, 0x0, 0x0, 0x1, 0xff, 0xc0,
    0x1, 0xff, 0xe0, 0x0, 0x0, 0x0, 0x3f, 0xf8,
    0x0, 0x3f, 0xf8, 0x0, 0x0, 0x0, 0x7, 0xff,
    0x0, 0xf, 0xff, 0x1, 0xff, 0xfe, 0x0, 0xff,
    0xe0, 0x1, 0xff, 0xe0, 0x3f, 0xff, 0xc0, 0x1f,
    0xfc, 0x0, 0x3f, 0xf8, 0x7, 0xff, 0xf8, 0x3,
    0xff, 0x80, 0xf, 0xff, 0x0, 0xff, 0xff, 0x0,
    0x7f, 0xf0, 0x1, 0xff, 0xe0, 0x3f, 0xff, 0xe0,
    0xf, 0xfe, 0x0, 0x3f, 0xf8, 0x7, 0xff, 0xfc,
    0x1, 0xff, 0xc0, 0xf, 0xff, 0x0, 0xff, 0xff,
    0x80, 0x3f, 0xf8, 0x1, 0xff, 0xc0, 0x1f, 0xff,
    0xf0, 0x7, 0xff, 0x0, 0x3f, 0xf8, 0x7, 0xff,
    0xfe, 0x0, 0xff, 0xe0, 0xf, 0xff, 0x0, 0xff,
    0xff, 0xc0, 0x1f, 0xfc, 0x1, 0xff, 0xc0, 0x1f,
    0xff, 0xf8, 0x3, 0xff, 0x80, 0x3f, 0xf8, 0x7,
    0xfb, 0xff, 0x0, 0x7f, 0xf0, 0xf, 0xff, 0x0,
    0xff, 0x7f, 0xe0, 0xf, 0xfe, 0x1, 0xff, 0xc0,
    0x1f, 0xef, 0xfc, 0x1, 0xff, 0xc0, 0x3f, 0xf8,
    0x3, 0xfd, 0xff, 0x80, 0x0, 0x0, 0x7, 0xfe,
    0x0, 0xff, 0x3f, 0xf0, 0x0, 0x0, 0x1, 0xff,
    0xc0, 0x1f, 0xe7, 0xfe, 0x0, 0x0, 0x0, 0x3f,
    0xf8, 0x3, 0xfc, 0xff, 0xc0, 0x0, 0x0, 0x7,
    0xfe, 0x0, 0xff, 0x9f, 0xf8, 0x0, 0x0, 0x1,
    0xff, 0xc0, 0x1f, 0xe3, 0xff, 0x0, 0x0, 0x0,
    0x3f, 0xf8, 0x3, 0xfc, 0x7f, 0xe0, 0x0, 0x0,
    0x7, 0xfe, 0x0, 0x7f, 0x8f, 0xfc, 0x0, 0x0,
    0x1, 0xff, 0xc0, 0x1f, 0xf1, 0xff, 0x80, 0x0,
    0x0, 0x3f, 0xf0, 0x3, 0xfe, 0x3f, 0xf0, 0x0,
    0x0, 0x7, 0xfe, 0x0, 0x7f, 0x87, 0xfe, 0x0,
    0x0, 0x1, 0xff, 0xc0, 0x1f, 0xf0, 0xff, 0xc0,
    0x0, 0x0, 0x3f, 0xf0, 0x3, 0xfe, 0x1f, 0xf8,
    0x0, 0x0, 0x7, 0xfe, 0x0, 0x7f, 0xc3, 0xff,
    0x0, 0x0, 0x1, 0xff, 0xc0, 0xf, 0xf0, 0x7f,
    0xe0, 0x0, 0x0, 0x3f, 0xf0, 0x3, 0xfe, 0xf,
    0xfc, 0x0, 0x0, 0x7, 0xfe, 0x0, 0x7f, 0xc1,
    0xff, 0x80, 0x0, 0x1, 0xff, 0x80, 0xf, 0xf8,
    0x3f, 0xf0, 0x0, 0x0, 0x3f, 0xf0, 0x1, 0xfe,
    0x7, 0xfe, 0x0, 0x0, 0x7, 0xfe, 0x0, 0x7f,
    0xc0, 0xff, 0xc0, 0x0, 0x0, 0xff, 0x80, 0xf,
    0xff, 0xff, 0xff, 0x0, 0x0, 0x3f, 0xf0, 0x1,
    0xff, 0xff, 0xff, 0xe0, 0x0, 0x7, 0xfe, 0x0,
    0x3f, 0xff, 0xff, 0xfc, 0x0, 0x0, 0xff, 0x80,
    0x7, 0xff, 0xff, 0xff, 0x80, 0x0, 0x3f, 0xf0,
    0x0, 0xff, 0xff, 0xff, 0xf0, 0x0, 0x7, 0xfc,
    0x0, 0x1f, 0xff, 0xff, 0xfe, 0x0, 0x0, 0xff,
    0x80, 0x3, 0xff, 0xff, 0xff, 0xc0, 0x0, 0x3f,
    0xf0, 0x0, 0x7f, 0xff, 0xff, 0xf8, 0x0, 0x7,
    0xfc, 0x0, 0x0, 0x0, 0x1f, 0xf8, 0x0, 0x0,
    0xff, 0x80, 0x0, 0x0, 0x3, 0xff, 0x0, 0x0,
    0x3f, 0xf0, 0x0, 0x0, 0x0, 0x7f, 0xe0, 0x0,
    0x7, 0xfc, 0x0, 0x0, 0x0, 0xf, 0xfc, 0x0,
    0x0, 0xff, 0x80, 0x0, 0x0, 0x1, 0xff, 0x80,
    0x0, 0x3f, 0xe0, 0x0, 0x0, 0x0, 0x3f, 0xf0,
    0x0, 0x7, 0xfc, 0x0, 0x0, 0x0, 0x7, 0xfe,
    0x0, 0x0, 0xff, 0x80, 0x0, 0x0, 0x0, 0xff,
    0xc0, 0x0, 0x3f, 0xe0, 0x0, 0x0, 0x0, 0x0,
    0x0,

    /* U+00BD "½" */
    0x0, 0x0, 0x0, 0x0, 0x0, 0xff, 0xfc, 0x0,
    0x0, 0x3, 0xfe, 0x0, 0x0, 0x7, 0xff, 0xe0,
    0x0, 0x0, 0xf, 0xf8, 0x0, 0x0, 0x1f, 0xff,
    0x80, 0x0, 0x0, 0x7f, 0xe0, 0x0, 0x0, 0x7f,
    0xfe, 0x0, 0x0, 0x3, 0xff, 0x80, 0x0, 0x3,
    0xff, 0xf0, 0x0, 0x0, 0x1f, 0xfe, 0x0, 0x0,
    0xf, 0xff, 0xc0, 0x0, 0x1, 0xff, 0xf8, 0x0,
    0x0, 0x3f, 0xff, 0x0, 0x0, 0x3f, 0xff, 0xe0,
    0x0, 0x1, 0xff, 0xf8, 0x0, 0x0, 0xff, 0xff,
    0x80, 0x0, 0x7, 0xff, 0xe0, 0x0, 0x3, 0xff,
    0xfe, 0x0, 0x0, 0x1f, 0xff, 0x0, 0x0, 0xf,
    0xff, 0xf8, 0x0, 0x0, 0x7f, 0xfc, 0x0, 0x0,
    0x3f, 0xff, 0xe0, 0x0, 0x3, 0xff, 0xf0, 0x0,
    0x0, 0xff, 0xff, 0x80, 0x0, 0xf, 0xff, 0x80,
    0x0, 0x3, 0xef, 0xfe, 0x0, 0x0, 0x3f, 0xfe,
    0x0, 0x0, 0xf, 0x3f, 0xf8, 0x0, 0x1, 0xff,
    0xf8, 0x0, 0x0, 0x0, 0xff, 0xe0, 0x0, 0x7,
    0xff, 0xc0, 0x0, 0x0, 0x3, 0xff, 0x80, 0x0,
    0x1f, 0xff, 0x0, 0x0, 0x0, 0xf, 0xfe, 0x0,
    0x0, 0xff, 0xf8, 0x0, 0x0, 0x0, 0x3f, 0xf8,
    0x0, 0x3, 0xff, 0xe0, 0x0, 0x0, 0x0, 0xff,
    0xe0, 0x0, 0xf, 0xff, 0x80, 0x0, 0x0, 0x3,
    0xff, 0x80, 0x0, 0x7f, 0xfc, 0x0, 0x0, 0x0,
    0xf, 0xfe, 0x0, 0x1, 0xff, 0xf0, 0x0, 0x0,
    0x0, 0x3f, 0xf8, 0x0, 0x7, 0xff, 0xc0, 0x0,
    0x0, 0x0, 0xff, 0xe0, 0x0, 0x3f, 0xfe, 0x0,
    0x0, 0x0, 0x3, 0xff, 0x80, 0x0, 0xff, 0xf8,
    0x0, 0x0, 0x0, 0xf, 0xfe, 0x0, 0x3, 0xff,
    0xc0, 0x0, 0x0, 0x0, 0x3f, 0xf8, 0x0, 0x1f,
    0xff, 0x0, 0x0, 0x0, 0x0, 0xff, 0xe0, 0x0,
    0x7f, 0xfc, 0x0, 0x0, 0x0, 0x3, 0xff, 0x80,
    0x1, 0xff, 0xe0, 0x0, 0x0, 0x0, 0xf, 0xfe,
    0x0, 0xf, 0xff, 0x80, 0x0, 0x0, 0x0, 0x3f,
    0xf8, 0x0, 0x3f, 0xfe, 0x0, 0x0, 0x0, 0x0,
    0xff, 0xe0, 0x0, 0xff, 0xf0, 0x0, 0x0, 0x0,
    0x3, 0xff, 0x80, 0x3, 0xff, 0xc0, 0x0, 0x0,
    0x0, 0xf, 0xfe, 0x0, 0x1f, 0xfe, 0x0, 0x0,
    0x0, 0x0, 0x3f, 0xf8, 0x0, 0x7f, 0xf8, 0x0,
    0x0, 0x0, 0x0, 0xff, 0xe0, 0x1, 0xff, 0xe0,
    0x0, 0x0, 0x0, 0x3, 0xff, 0x80, 0xf, 0xff,
    0x0, 0xf, 0xf8, 0x0, 0xf, 0xfe, 0x0, 0x3f,
    0xfc, 0x1, 0xff, 0xfc, 0x0, 0x3f, 0xf8, 0x0,
    0xff, 0xe0, 0x1f, 0xff, 0xf8, 0x0, 0xff, 0xe0,
    0x7, 0xff, 0x80, 0xff, 0xff, 0xf0, 0x3, 0xff,
    0x80, 0x1f, 0xfe, 0x3, 0xff, 0xff, 0xe0, 0xf,
    0xfe, 0x0, 0x7f, 0xf0, 0x1f, 0xff, 0xff, 0xc0,
    0x3f, 0xf8, 0x3, 0xff, 0xc0, 0x7f, 0xff, 0xff,
    0x80, 0xff, 0xe0, 0xf, 0xff, 0x3, 0xff, 0xff,
    0xfe, 0x3, 0xff, 0x80, 0x3f, 0xf8, 0xf, 0xff,
    0xff, 0xf8, 0xf, 0xfe, 0x1, 0xff, 0xe0, 0x3f,
    0xf8, 0xff, 0xf0, 0x3f, 0xf8, 0x7, 0xff, 0x1,
    0xff, 0xc1, 0xff, 0xc0, 0xff, 0xe0, 0x1f, 0xfc,
    0x7, 0xff, 0x7, 0xff, 0x3, 0xff, 0x80, 0xff,
    0xf0, 0x1f, 0xfc, 0x1f, 0xfc, 0xf, 0xfe, 0x3,
    0xff, 0x80, 0x7f, 0xf0, 0x7f, 0xf0, 0x3f, 0xf8,
    0xf, 0xfe, 0x1, 0xff, 0xc1, 0xff, 0xc0, 0x0,
    0x0, 0x7f, 0xf8, 0x7, 0xff, 0x7, 0xff, 0x0,
    0x0, 0x1, 0xff, 0xc0, 0x1f, 0xfc, 0x1f, 0xfc,
    0x0, 0x0, 0x7, 0xff, 0x0, 0x7f, 0xf0, 0x7f,
    0xf0, 0x0, 0x0, 0x1f, 0xf8, 0x1, 0xff, 0xc3,
    0xff, 0xc0, 0x0, 0x0, 0xff, 0xe0, 0x7, 0xff,
    0xf, 0xfe, 0x0, 0x0, 0x3, 0xff, 0x80, 0x0,
    0x0, 0x3f, 0xf8, 0x0, 0x0, 0xf, 0xfc, 0x0,
    0x0, 0x1, 0xff, 0xe0, 0x0, 0x0, 0x7f, 0xf0,
    0x0, 0x0, 0x7, 0xff, 0x0, 0x0, 0x1, 0xff,
    0xc0, 0x0, 0x0, 0x3f, 0xfc, 0x0, 0x0, 0x7,
    0xfe, 0x0, 0x0, 0x0, 0xff, 0xf0, 0x0, 0x0,
    0x3f, 0xf8, 0x0, 0x0, 0x7, 0xff, 0x80, 0x0,
    0x0, 0xff, 0xc0, 0x0, 0x0, 0x3f, 0xfe, 0x0,
    0x0, 0x3, 0xff, 0x0, 0x0, 0x0, 0xff, 0xf0,
    0x0, 0x0, 0x1f, 0xfc, 0x0, 0x0, 0x7, 0xff,
    0x80, 0x0, 0x0, 0x7f, 0xe0, 0x0, 0x0, 0x3f,
    0xfe, 0x0, 0x0, 0x1, 0xff, 0x80, 0x0, 0x1,
    0xff, 0xf0, 0x0, 0x0, 0xf, 0xfe, 0x0, 0x0,
    0xf, 0xff, 0x80, 0x0, 0x0, 0x3f, 0xf0, 0x0,
    0x0, 0x3f, 0xfc, 0x0, 0x0, 0x0, 0xff, 0xc0,
    0x0, 0x1, 0xff, 0xe0, 0x0, 0x0, 0x7, 0xfe,
    0x0, 0x0, 0xf, 0xff, 0x80, 0x0, 0x0, 0x1f,
    0xf8, 0x0, 0x0, 0x7f, 0xfc, 0x0, 0x0, 0x0,
    0x7f, 0xe0, 0x0, 0x1, 0xff, 0xe0, 0x0, 0x0,
    0x3, 0xff, 0x0, 0x0, 0xf, 0xff, 0x0, 0x0,
    0x0, 0xf, 0xfc, 0x0, 0x0, 0x3f, 0xfc, 0x0,
    0x0, 0x0, 0x3f, 0xf0, 0x0, 0x1, 0xff, 0xe0,
    0x0, 0x0, 0x0, 0xff, 0x80, 0x0, 0xf, 0xff,
    0x80, 0x0, 0x0, 0x7, 0xfe, 0x0, 0x0, 0x3f,
    0xfc, 0x0, 0x0, 0x0, 0x1f, 0xf0, 0x0, 0x0,
    0xff, 0xff, 0xff, 0x80, 0x0, 0x7f, 0xc0, 0x0,
    0x7, 0xff, 0xff, 0xfe, 0x0, 0x3, 0xff, 0x0,
    0x0, 0x1f, 0xff, 0xff, 0xf8, 0x0, 0xf, 0xf8,
    0x0, 0x0, 0x7f, 0xff, 0xff, 0xe0, 0x0, 0x3f,
    0xe0, 0x0, 0x1, 0xff, 0xff, 0xff, 0x80, 0x1,
    0xff, 0x80, 0x0, 0x7, 0xff, 0xff, 0xfe, 0x0,
    0x7, 0xfc, 0x0, 0x0, 0x1f, 0xff, 0xff, 0xf8,
    0x0, 0x1f, 0xf0, 0x0, 0x0, 0x7f, 0xff, 0xff,
    0xe0, 0x0, 0xff, 0x80, 0x0, 0x1, 0xff, 0xff,
    0xff, 0x80, 0x3, 0xfe, 0x0, 0x0, 0x0, 0x0,
    0x0, 0x0,

    /* U+00BE "¾" */
    0x0, 0x0, 0x0, 0x0, 0x0, 0x1, 0xff, 0xf8,
    0x0, 0x0, 0x7f, 0xc0, 0x0, 0x0, 0x3, 0xff,
    0xf0, 0x0, 0x3, 0xff, 0xf8, 0x0, 0x0, 0x3,
    0xff, 0xf0, 0x0, 0xf, 0xff, 0xfe, 0x0, 0x0,
    0x3, 0xff, 0xe0, 0x0, 0x1f, 0xff, 0xff, 0x0,
    0x0, 0x7, 0xff, 0xe0, 0x0, 0x3f, 0xff, 0xff,
    0x80, 0x0, 0x7, 0xff, 0xe0, 0x0, 0x3f, 0xff,
    0xff, 0x80, 0x0, 0x7, 0xff, 0xc0, 0x0, 0x7f,
    0xff, 0xff, 0xc0, 0x0, 0xf, 0xff, 0xc0, 0x0,
    0x7f, 0xff, 0xff, 0xc0, 0x0, 0xf, 0xff, 0xc0,
    0x0, 0x7f, 0xff, 0xff, 0xc0, 0x0, 0xf, 0xff,
    0x80, 0x0, 0xff, 0xf1, 0xff, 0xe0, 0x0, 0xf,
    0xff, 0x80, 0x0, 0xff, 0xe1, 0xff, 0xe0, 0x0,
    0x1f, 0xff, 0x0, 0x0, 0xff, 0xe0, 0xff, 0xe0,
    0x0, 0x1f, 0xff, 0x0, 0x0, 0xff, 0xe0, 0xff,
    0xe0, 0x0, 0x1f, 0xff, 0x0, 0x0, 0xff, 0xe0,
    0xff, 0xe0, 0x0, 0x3f, 0xfe, 0x0, 0x0, 0xff,
    0xe0, 0xff, 0xe0, 0x0, 0x3f, 0xfe, 0x0, 0x0,
    0x0, 0x0, 0xff, 0xe0, 0x0, 0x3f, 0xfe, 0x0,
    0x0, 0x0, 0x1, 0xff, 0xe0, 0x0, 0x7f, 0xfc,
    0x0, 0x0, 0x0, 0x1, 0xff, 0xe0, 0x0, 0x7f,
    0xfc, 0x0, 0x0, 0x0, 0x7, 0xff, 0xc0, 0x0,
    0x7f, 0xf8, 0x0, 0x0, 0x0, 0x1f, 0xff, 0xc0,
    0x0, 0xff, 0xf8, 0x0, 0x0, 0x0, 0x1f, 0xff,
    0xc0, 0x0, 0xff, 0xf8, 0x0, 0x0, 0x0, 0x1f,
    0xff, 0x80, 0x0, 0xff, 0xf0, 0x0, 0x0, 0x0,
    0x1f, 0xff, 0x0, 0x1, 0xff, 0xf0, 0x0, 0x0,
    0x0, 0x1f, 0xfc, 0x0, 0x1, 0xff, 0xf0, 0x0,
    0x0, 0x0, 0x1f, 0xff, 0x0, 0x1, 0xff, 0xe0,
    0x0, 0x0, 0x0, 0x1f, 0xff, 0x80, 0x3, 0xff,
    0xe0, 0x0, 0x0, 0x0, 0x1f, 0xff, 0xc0, 0x3,
    0xff, 0xc0, 0x0, 0x0, 0x0, 0x1f, 0xff, 0xc0,
    0x3, 0xff, 0xc0, 0x0, 0x0, 0x0, 0x3, 0xff,
    0xc0, 0x7, 0xff, 0xc0, 0x0, 0x0, 0x0, 0x1,
    0xff, 0xe0, 0x7, 0xff, 0x80, 0x0, 0x0, 0x0,
    0x1, 0xff, 0xe0, 0x7, 0xff, 0x80, 0x0, 0x0,
    0x0, 0x0, 0xff, 0xe0, 0xf, 0xff, 0x80, 0x0,
    0x0, 0xff, 0xc0, 0xff, 0xe0, 0xf, 0xff, 0x0,
    0x0, 0x0, 0xff, 0xc0, 0xff, 0xe0, 0xf, 0xff,
    0x0, 0x0, 0x0, 0xff, 0xc0, 0xff, 0xe0, 0x1f,
    0xfe, 0x0, 0x0, 0x0, 0xff, 0xc0, 0xff, 0xe0,
    0x1f, 0xfe, 0x0, 0x0, 0x0, 0xff, 0xc0, 0xff,
    0xe0, 0x1f, 0xfe, 0x7, 0xff, 0xf8, 0xff, 0xc0,
    0xff, 0xe0, 0x3f, 0xfc, 0x7, 0xff, 0xf8, 0xff,
    0xc0, 0xff, 0xe0, 0x3f, 0xfc, 0x7, 0xff, 0xf8,
    0xff, 0xc0, 0xff, 0xe0, 0x3f, 0xfc, 0x7, 0xff,
    0xf8, 0xff, 0xe1, 0xff, 0xe0, 0x7f, 0xf8, 0xf,
    0xff, 0xf8, 0xff, 0xe1, 0xff, 0xc0, 0x7f, 0xf8,
    0xf, 0xff, 0xf8, 0x7f, 0xff, 0xff, 0xc0, 0x7f,
    0xf0, 0xf, 0xff, 0xf8, 0x7f, 0xff, 0xff, 0xc0,
    0xff, 0xf0, 0x1f, 0xff, 0xf8, 0x7f, 0xff, 0xff,
    0x80, 0xff, 0xf0, 0x1f, 0xff, 0xf8, 0x3f, 0xff,
    0xff, 0x80, 0xff, 0xe0, 0x1f, 0xff, 0xf8, 0x3f,
    0xff, 0xff, 0x1, 0xff, 0xe0, 0x1f, 0xdf, 0xf8,
    0x1f, 0xff, 0xfe, 0x1, 0xff, 0xe0, 0x3f, 0xdf,
    0xf8, 0xf, 0xff, 0xfc, 0x1, 0xff, 0xc0, 0x3f,
    0xdf, 0xf8, 0x3, 0xff, 0xf8, 0x3, 0xff, 0xc0,
    0x3f, 0xdf, 0xf8, 0x0, 0xff, 0xc0, 0x3, 0xff,
    0x80, 0x7f, 0xdf, 0xf8, 0x0, 0x0, 0x0, 0x3,
    0xff, 0x80, 0x7f, 0x9f, 0xf8, 0x0, 0x0, 0x0,
    0x3, 0xff, 0x80, 0x7f, 0x9f, 0xf8, 0x0, 0x0,
    0x0, 0x7, 0xff, 0x0, 0x7f, 0x9f, 0xf8, 0x0,
    0x0, 0x0, 0x7, 0xff, 0x0, 0xff, 0x9f, 0xf8,
    0x0, 0x0, 0x0, 0x7, 0xff, 0x0, 0xff, 0x1f,
    0xf8, 0x0, 0x0, 0x0, 0xf, 0xfe, 0x0, 0xff,
    0x1f, 0xf8, 0x0, 0x0, 0x0, 0xf, 0xfe, 0x0,
    0xff, 0x1f, 0xf8, 0x0, 0x0, 0x0, 0xf, 0xfc,
    0x1, 0xff, 0x1f, 0xf8, 0x0, 0x0, 0x0, 0x1f,
    0xfc, 0x1, 0xfe, 0x1f, 0xf8, 0x0, 0x0, 0x0,
    0x1f, 0xfc, 0x1, 0xfe, 0x1f, 0xf8, 0x0, 0x0,
    0x0, 0x1f, 0xf8, 0x3, 0xfe, 0x1f, 0xf8, 0x0,
    0x0, 0x0, 0x3f, 0xf8, 0x3, 0xfe, 0x1f, 0xf8,
    0x0, 0x0, 0x0, 0x3f, 0xf0, 0x3, 0xfe, 0x1f,
    0xf8, 0x0, 0x0, 0x0, 0x3f, 0xf0, 0x3, 0xfc,
    0x1f, 0xf8, 0x0, 0x0, 0x0, 0x7f, 0xf0, 0x7,
    0xfc, 0x1f, 0xf8, 0x0, 0x0, 0x0, 0x7f, 0xe0,
    0x7, 0xfc, 0x1f, 0xf8, 0x0, 0x0, 0x0, 0x7f,
    0xe0, 0x7, 0xfc, 0x1f, 0xf8, 0x0, 0x0, 0x0,
    0xff, 0xe0, 0x7, 0xf8, 0x1f, 0xf8, 0x0, 0x0,
    0x0, 0xff, 0xc0, 0xf, 0xf8, 0x1f, 0xf8, 0x0,
    0x0, 0x0, 0xff, 0xc0, 0xf, 0xff, 0xff, 0xff,
    0x0, 0x0, 0x1, 0xff, 0x80, 0xf, 0xff, 0xff,
    0xff, 0x0, 0x0, 0x1, 0xff, 0x80, 0xf, 0xff,
    0xff, 0xff, 0x0, 0x0, 0x1, 0xff, 0x80, 0xf,
    0xff, 0xff, 0xff, 0x0, 0x0, 0x3, 0xff, 0x0,
    0xf, 0xff, 0xff, 0xff, 0x0, 0x0, 0x3, 0xff,
    0x0, 0xf, 0xff, 0xff, 0xff, 0x0, 0x0, 0x3,
    0xff, 0x0, 0xf, 0xff, 0xff, 0xff, 0x0, 0x0,
    0x7, 0xfe, 0x0, 0xf, 0xff, 0xff, 0xff, 0x0,
    0x0, 0x7, 0xfe, 0x0, 0x0, 0x0, 0x1f, 0xf8,
    0x0, 0x0, 0x7, 0xfc, 0x0, 0x0, 0x0, 0x1f,
    0xf8, 0x0, 0x0, 0xf, 0xfc, 0x0, 0x0, 0x0,
    0x1f, 0xf8, 0x0, 0x0, 0xf, 0xfc, 0x0, 0x0,
    0x0, 0x1f, 0xf8, 0x0, 0x0, 0xf, 0xf8, 0x0,
    0x0, 0x0, 0x1f, 0xf8, 0x0, 0x0, 0x1f, 0xf8,
    0x0, 0x0, 0x0, 0x1f, 0xf8, 0x0, 0x0, 0x1f,
    0xf8, 0x0, 0x0, 0x0, 0x1f, 0xf8, 0x0, 0x0,
    0x1f, 0xf0, 0x0, 0x0, 0x0, 0x1f, 0xf8, 0x0,
    0x0, 0x3f, 0xf0, 0x0, 0x0, 0x0, 0x0, 0x0,

    /* U+00BF "¿" */
    0x0, 0x0, 0x0, 0xff, 0xff, 0xc0, 0x0, 0x0,
    0x7, 0xff, 0xfe, 0x0, 0x0, 0x0, 0x3f, 0xff,
    0xf0, 0x0, 0x0, 0x1, 0xff, 0xff, 0x80, 0x0,
    0x0, 0xf, 0xff, 0xfc, 0x0, 0x0, 0x0, 0x7f,
    0xff, 0xe0, 0x0, 0x0, 0x3, 0xff, 0xff, 0x0,
    0x0, 0x0, 0x1f, 0xff, 0xf8, 0x0, 0x0, 0x0,
    0xff, 0xff, 0xc0, 0x0, 0x0, 0x7, 0xff, 0xfe,
    0x0, 0x0, 0x0, 0x3f, 0xff, 0xf0, 0x0, 0x0,
    0x1, 0xff, 0xff, 0x80, 0x0, 0x0, 0xf, 0xff,
    0xfc, 0x0, 0x0, 0x0, 0x7f, 0xff, 0xe0, 0x0,
    0x0, 0x0, 0x0, 0x0, 0x0, 0x0, 0x0, 0x0,
    0x0, 0x0, 0x0, 0x0, 0x0, 0x0, 0x0, 0x0,
    0x0, 0x0, 0x0, 0x0, 0x0, 0x0, 0x0, 0x0,
    0x0, 0x0, 0x0, 0x0, 0x0, 0x0, 0x0, 0x0,
    0x0, 0x0, 0x0, 0x0, 0x0, 0x0, 0x0, 0x0,
    0x0, 0x0, 0x0, 0x0, 0x0, 0x0, 0x1, 0xff,
    0xfe, 0x0, 0x0, 0x0, 0xf, 0xff, 0xf0, 0x0,
    0x0, 0x0, 0x7f, 0xff, 0x80, 0x0, 0x0, 0x3,
    0xff, 0xfc, 0x0, 0x0, 0x0, 0x1f, 0xff, 0xe0,
    0x0, 0x0, 0x0, 0xff, 0xff, 0x0, 0x0, 0x0,
    0x7, 0xff, 0xf8, 0x0, 0x0, 0x0, 0x3f, 0xff,
    0xc0, 0x0, 0x0, 0x3f, 0xff, 0xfe, 0x0, 0x0,
    0x1f, 0xff, 0xff, 0xf0, 0x0, 0x3, 0xff, 0xff,
    0xff, 0x80, 0x0, 0x7f, 0xff, 0xff, 0xfc, 0x0,
    0xf, 0xff, 0xff, 0xff, 0xe0, 0x0, 0xff, 0xff,
    0xff, 0xff, 0x0, 0xf, 0xff, 0xff, 0xff, 0xf8,
    0x0, 0xff, 0xff, 0xff, 0xff, 0xc0, 0xf, 0xff,
    0xff, 0xff, 0xfe, 0x0, 0xff, 0xff, 0xff, 0xff,
    0xf0, 0x7, 0xff, 0xff, 0xff, 0xff, 0x80, 0x7f,
    0xff, 0xff, 0xff, 0xfc, 0x3, 0xff, 0xff, 0xff,
    0xc0, 0x0, 0x3f, 0xff, 0xff, 0xc0, 0x0, 0x1,
    0xff, 0xff, 0xf8, 0x0, 0x0, 0x1f, 0xff, 0xff,
    0x0, 0x0, 0x0, 0xff, 0xff, 0xf0, 0x0, 0x0,
    0x7, 0xff, 0xff, 0x0, 0x0, 0x0, 0x7f, 0xff,
    0xf8, 0x0, 0x0, 0x3, 0xff, 0xff, 0x80, 0x0,
    0x0, 0x1f, 0xff, 0xfc, 0x0, 0x0, 0x0, 0xff,
    0xff, 0xc0, 0x0, 0x0, 0xf, 0xff, 0xfe, 0x0,
    0x0, 0x0, 0x7f, 0xff, 0xf0, 0x0, 0x0, 0x3,
    0xff, 0xff, 0x80, 0x0, 0x0, 0x1f, 0xff, 0xf8,
    0x3, 0xff, 0xff, 0xff, 0xff, 0xc0, 0x1f, 0xff,
    0xff, 0xff, 0xfe, 0x0, 0xff, 0xff, 0xff, 0xff,
    0xf0, 0x7, 0xff, 0xff, 0xff, 0xff, 0x80, 0x3f,
    0xff, 0xff, 0xff, 0xfc, 0x1, 0xff, 0xff, 0xff,
    0xff, 0xe0, 0xf, 0xff, 0xff, 0xff, 0xff, 0x0,
    0x7f, 0xff, 0xff, 0xff, 0xf8, 0x3, 0xff, 0xff,
    0xff, 0xff, 0xc0, 0x1f, 0xff, 0xff, 0xff, 0xfe,
    0x0, 0xff, 0xff, 0xff, 0xff, 0xf0, 0x7, 0xff,
    0xfe, 0xff, 0xff, 0x80, 0x7f, 0xff, 0xf7, 0xff,
    0xfe, 0x3, 0xff, 0xff, 0xbf, 0xff, 0xf0, 0x1f,
    0xff, 0xfd, 0xff, 0xff, 0xc1, 0xff, 0xff, 0xef,
    0xff, 0xff, 0xff, 0xff, 0xff, 0x3f, 0xff, 0xff,
    0xff, 0xff, 0xf1, 0xff, 0xff, 0xff, 0xff, 0xff,
    0x8f, 0xff, 0xff, 0xff, 0xff, 0xfc, 0x3f, 0xff,
    0xff, 0xff, 0xff, 0xc1, 0xff, 0xff, 0xff, 0xff,
    0xfe, 0x7, 0xff, 0xff, 0xff, 0xff, 0xe0, 0x3f,
    0xff, 0xff, 0xff, 0xff, 0x0, 0xff, 0xff, 0xff,
    0xff, 0xf0, 0x3, 0xff, 0xff, 0xff, 0xff, 0x0,
    0xf, 0xff, 0xff, 0xff, 0xf0, 0x0, 0x1f, 0xff,
    0xff, 0xfe, 0x0, 0x0, 0x7f, 0xff, 0xff, 0xc0,
    0x0, 0x0, 0xff, 0xff, 0xf8, 0x0, 0x0, 0x0,
    0x7f, 0xfc, 0x0, 0x0,

    /* U+00C0 "À" */
    0x0, 0x10, 0x0, 0x0, 0x0, 0x0, 0x0, 0xf0,
    0x0, 0x0, 0x0, 0x0, 0x7, 0xe0, 0x0, 0x0,
    0x0, 0x0, 0x3f, 0xc0, 0x0, 0x0, 0x0, 0x1,
    0xff, 0x80, 0x0, 0x0, 0x0, 0xf, 0xff, 0x0,
    0x0, 0x0, 0x0, 0x7f, 0xfe, 0x0, 0x0, 0x0,
    0x3, 0xff, 0xfc, 0x0, 0x0, 0x0, 0x1f, 0xff,
    0xfc, 0x0, 0x0, 0x0, 0xff, 0xff, 0xf8, 0x0,
    0x0, 0x7, 0xff, 0xff, 0xf0, 0x0, 0x0, 0x3f,
    0xff, 0xff, 0x80, 0x0, 0x1, 0xff, 0xff, 0xfc,
    0x0, 0x0, 0xf, 0xff, 0xff, 0xe0, 0x0, 0x0,
    0x7f, 0xff, 0xff, 0x0, 0x0, 0x3, 0xff, 0xff,
    0xf8, 0x0, 0x0, 0x1f, 0xff, 0xff, 0xc0, 0x0,
    0x0, 0x1f, 0xff, 0xfe, 0x0, 0x0, 0x0, 0x7,
    0xff, 0xf0, 0x0, 0x0, 0x0, 0x1, 0xff, 0x80,
    0x0, 0x0, 0x0, 0x0, 0x7c, 0x0, 0x0, 0x0,
    0x0, 0x0, 0x0, 0x0, 0x0, 0x0, 0x0, 0x0,
    0x0, 0x0, 0x0, 0x0, 0x0, 0x0, 0x0, 0x0,
    0xff, 0xff, 0xff, 0xf8, 0x0, 0x7, 0xff, 0xff,
    0xff, 0xc0, 0x0, 0x3f, 0xff, 0xff, 0xfe, 0x0,
    0x1, 0xff, 0xff, 0xff, 0xf0, 0x0, 0xf, 0xff,
    0xff, 0xff, 0xc0, 0x0, 0x7f, 0xff, 0xff, 0xfe,
    0x0, 0x3, 0xff, 0xff, 0xff, 0xf0, 0x0, 0x3f,
    0xff, 0xff, 0xff, 0x80, 0x1, 0xff, 0xff, 0xff,
    0xfc, 0x0, 0xf, 0xff, 0xff, 0xff, 0xe0, 0x0,
    0x7f, 0xff, 0xff, 0xff, 0x0, 0x3, 0xff, 0xff,
    0xff, 0xf8, 0x0, 0x1f, 0xff, 0xff, 0xff, 0xc0,
    0x0, 0xff, 0xff, 0xff, 0xfe, 0x0, 0x7, 0xff,
    0xff, 0xff, 0xf0, 0x0, 0x3f, 0xff, 0xbf, 0xff,
    0xc0, 0x1, 0xff, 0xfd, 0xff, 0xfe, 0x0, 0x1f,
    0xff, 0xef, 0xff, 0xf0, 0x0, 0xff, 0xff, 0x7f,
    0xff, 0x80, 0x7, 0xff, 0xfb, 0xff, 0xfc, 0x0,
    0x3f, 0xff, 0xdf, 0xff, 0xe0, 0x1, 0xff, 0xfe,
    0xff, 0xff, 0x0, 0xf, 0xff, 0xf7, 0xff, 0xf8,
    0x0, 0x7f, 0xff, 0x1f, 0xff, 0xc0, 0x3, 0xff,
    0xf8, 0xff, 0xfe, 0x0, 0x1f, 0xff, 0xc7, 0xff,
    0xf8, 0x0, 0xff, 0xfe, 0x3f, 0xff, 0xc0, 0x7,
    0xff, 0xf1, 0xff, 0xfe, 0x0, 0x7f, 0xff, 0x8f,
    0xff, 0xf0, 0x3, 0xff, 0xfc, 0x7f, 0xff, 0x80,
    0x1f, 0xff, 0xe3, 0xff, 0xfc, 0x0, 0xff, 0xff,
    0x1f, 0xff, 0xe0, 0x7, 0xff, 0xf8, 0xff, 0xff,
    0x0, 0x3f, 0xff, 0xc7, 0xff, 0xf8, 0x1, 0xff,
    0xfe, 0x3f, 0xff, 0xc0, 0xf, 0xff, 0xf0, 0xff,
    0xfe, 0x0, 0x7f, 0xff, 0x7, 0xff, 0xf8, 0x3,
    0xff, 0xf8, 0x3f, 0xff, 0xc0, 0x3f, 0xff, 0xc1,
    0xff, 0xfe, 0x1, 0xff, 0xfe, 0xf, 0xff, 0xf0,
    0xf, 0xff, 0xf0, 0x7f, 0xff, 0x80, 0x7f, 0xff,
    0x83, 0xff, 0xfc, 0x3, 0xff, 0xfc, 0x1f, 0xff,
    0xe0, 0x1f, 0xff, 0xe0, 0xff, 0xff, 0x0, 0xff,
    0xff, 0x7, 0xff, 0xf8, 0x7, 0xff, 0xf8, 0x3f,
    0xff, 0xc0, 0x3f, 0xff, 0xc1, 0xff, 0xff, 0x1,
    0xff, 0xfe, 0x7, 0xff, 0xf8, 0x1f, 0xff, 0xf0,
    0x3f, 0xff, 0xc0, 0xff, 0xff, 0x81, 0xff, 0xfe,
    0x7, 0xff, 0xf8, 0xf, 0xff, 0xf0, 0x3f, 0xff,
    0xc0, 0x7f, 0xff, 0x81, 0xff, 0xfe, 0x3, 0xff,
    0xfc, 0xf, 0xff, 0xf0, 0x1f, 0xff, 0xe0, 0x7f,
    0xff, 0x80, 0xff, 0xff, 0x3, 0xff, 0xfc, 0x7,
    0xff, 0xf8, 0x1f, 0xff, 0xe0, 0x3f, 0xff, 0xc0,
    0xff, 0xff, 0x1, 0xff, 0xff, 0x7, 0xff, 0xf8,
    0xf, 0xff, 0xf8, 0x7f, 0xff, 0xff, 0xff, 0xff,
    0xc3, 0xff, 0xff, 0xff, 0xff, 0xfe, 0x1f, 0xff,
    0xff, 0xff, 0xff, 0xf0, 0xff, 0xff, 0xff, 0xff,
    0xff, 0x87, 0xff, 0xff, 0xff, 0xff, 0xfc, 0x3f,
    0xff, 0xff, 0xff, 0xff, 0xe1, 0xff, 0xff, 0xff,
    0xff, 0xff, 0xf, 0xff, 0xff, 0xff, 0xff, 0xf8,
    0x7f, 0xff, 0xff, 0xff, 0xff, 0xe3, 0xff, 0xff,
    0xff, 0xff, 0xff, 0x3f, 0xff, 0xff, 0xff, 0xff,
    0xf9, 0xff, 0xff, 0xff, 0xff, 0xff, 0xcf, 0xff,
    0xff, 0xff, 0xff, 0xfe, 0x7f, 0xff, 0xc0, 0xf,
    0xff, 0xf3, 0xff, 0xfc, 0x0, 0x7f, 0xff, 0x9f,
    0xff, 0xe0, 0x3, 0xff, 0xfc, 0xff, 0xff, 0x0,
    0x1f, 0xff, 0xe7, 0xff, 0xf8, 0x0, 0xff, 0xff,
    0x3f, 0xff, 0xc0, 0x7, 0xff, 0xf9, 0xff, 0xfe,
    0x0, 0x3f, 0xff, 0xff, 0xff, 0xf0, 0x1, 0xff,
    0xff, 0xff, 0xff, 0x80, 0x7, 0xff, 0xff, 0xff,
    0xfc, 0x0, 0x3f, 0xff, 0xff, 0xff, 0xe0, 0x1,
    0xff, 0xff, 0xff, 0xff, 0x0, 0xf, 0xff, 0xff,
    0xff, 0xf8, 0x0, 0x7f, 0xff, 0xff, 0xff, 0xc0,
    0x3, 0xff, 0xfc,

    /* U+00C1 "Á" */
    0x0, 0x0, 0x0, 0x0, 0x40, 0x0, 0x0, 0x0,
    0x0, 0xe, 0x0, 0x0, 0x0, 0x0, 0x3, 0xf0,
    0x0, 0x0, 0x0, 0x0, 0x7f, 0x80, 0x0, 0x0,
    0x0, 0xf, 0xfc, 0x0, 0x0, 0x0, 0x1, 0xff,
    0xe0, 0x0, 0x0, 0x0, 0x3f, 0xff, 0x0, 0x0,
    0x0, 0x7, 0xff, 0xf8, 0x0, 0x0, 0x1, 0xff,
    0xff, 0xc0, 0x0, 0x0, 0x3f, 0xff, 0xfe, 0x0,
    0x0, 0x7, 0xff, 0xff, 0xf0, 0x0, 0x0, 0x3f,
    0xff, 0xff, 0x80, 0x0, 0x1, 0xff, 0xff, 0xfc,
    0x0, 0x0, 0xf, 0xff, 0xff, 0xe0, 0x0, 0x0,
    0x7f, 0xff, 0xff, 0x0, 0x0, 0x3, 0xff, 0xff,
    0xf8, 0x0, 0x0, 0x1f, 0xff, 0xff, 0xc0, 0x0,
    0x0, 0xff, 0xff, 0xf0, 0x0, 0x0, 0x7, 0xff,
    0xf0, 0x0, 0x0, 0x0, 0x3f, 0xf0, 0x0, 0x0,
    0x0, 0x1, 0xf0, 0x0, 0x0, 0x0, 0x0, 0x0,
    0x0, 0x0, 0x0, 0x0, 0x0, 0x0, 0x0, 0x0,
    0x0, 0x0, 0x0, 0x0, 0x0, 0x0, 0x0, 0x0,
    0xff, 0xff, 0xff, 0xf8, 0x0, 0x7, 0xff, 0xff,
    0xff, 0xc0, 0x0, 0x3f, 0xff, 0xff, 0xfe, 0x0,
    0x1, 0xff, 0xff, 0xff, 0xf0, 0x0, 0xf, 0xff,
    0xff, 0xff, 0xc0, 0x0, 0x7f, 0xff, 0xff, 0xfe,
    0x0, 0x3, 0xff, 0xff, 0xff, 0xf0, 0x0, 0x3f,
    0xff, 0xff, 0xff, 0x80, 0x1, 0xff, 0xff, 0xff,
    0xfc, 0x0, 0xf, 0xff, 0xff, 0xff, 0xe0, 0x0,
    0x7f, 0xff, 0xff, 0xff, 0x0, 0x3, 0xff, 0xff,
    0xff, 0xf8, 0x0, 0x1f, 0xff, 0xff, 0xff, 0xc0,
    0x0, 0xff, 0xff, 0xff, 0xfe, 0x0, 0x7, 0xff,
    0xff, 0xff, 0xf0, 0x0, 0x3f, 0xff, 0xbf, 0xff,
    0xc0, 0x1, 0xff, 0xfd, 0xff, 0xfe, 0x0, 0x1f,
    0xff, 0xef, 0xff, 0xf0, 0x0, 0xff, 0xff, 0x7f,
    0xff, 0x80, 0x7, 0xff, 0xfb, 0xff, 0xfc, 0x0,
    0x3f, 0xff, 0xdf, 0xff, 0xe0, 0x1, 0xff, 0xfe,
    0xff, 0xff, 0x0, 0xf, 0xff, 0xf7, 0xff, 0xf8,
    0x0, 0x7f, 0xff, 0x1f, 0xff, 0xc0, 0x3, 0xff,
    0xf8, 0xff, 0xfe, 0x0, 0x1f, 0xff, 0xc7, 0xff,
    0xf8, 0x0, 0xff, 0xfe, 0x3f, 0xff, 0xc0, 0x7,
    0xff, 0xf1, 0xff, 0xfe, 0x0, 0x7f, 0xff, 0x8f,
    0xff, 0xf0, 0x3, 0xff, 0xfc, 0x7f, 0xff, 0x80,
    0x1f, 0xff, 0xe3, 0xff, 0xfc, 0x0, 0xff, 0xff,
    0x1f, 0xff, 0xe0, 0x7, 0xff, 0xf8, 0xff, 0xff,
    0x0, 0x3f, 0xff, 0xc7, 0xff, 0xf8, 0x1, 0xff,
    0xfe, 0x3f, 0xff, 0xc0, 0xf, 0xff, 0xf0, 0xff,
    0xfe, 0x0, 0x7f, 0xff, 0x7, 0xff, 0xf8, 0x3,
    0xff, 0xf8, 0x3f, 0xff, 0xc0, 0x3f, 0xff, 0xc1,
    0xff, 0xfe, 0x1, 0xff, 0xfe, 0xf, 0xff, 0xf0,
    0xf, 0xff, 0xf0, 0x7f, 0xff, 0x80, 0x7f, 0xff,
    0x83, 0xff, 0xfc, 0x3, 0xff, 0xfc, 0x1f, 0xff,
    0xe0, 0x1f, 0xff, 0xe0, 0xff, 0xff, 0x0, 0xff,
    0xff, 0x7, 0xff, 0xf8, 0x7, 0xff, 0xf8, 0x3f,
    0xff, 0xc0, 0x3f, 0xff, 0xc1, 0xff, 0xff, 0x1,
    0xff, 0xfe, 0x7, 0xff, 0xf8, 0x1f, 0xff, 0xf0,
    0x3f, 0xff, 0xc0, 0xff, 0xff, 0x81, 0xff, 0xfe,
    0x7, 0xff, 0xf8, 0xf, 0xff, 0xf0, 0x3f, 0xff,
    0xc0, 0x7f, 0xff, 0x81, 0xff, 0xfe, 0x3, 0xff,
    0xfc, 0xf, 0xff, 0xf0, 0x1f, 0xff, 0xe0, 0x7f,
    0xff, 0x80, 0xff, 0xff, 0x3, 0xff, 0xfc, 0x7,
    0xff, 0xf8, 0x1f, 0xff, 0xe0, 0x3f, 0xff, 0xc0,
    0xff, 0xff, 0x1, 0xff, 0xff, 0x7, 0xff, 0xf8,
    0xf, 0xff, 0xf8, 0x7f, 0xff, 0xff, 0xff, 0xff,
    0xc3, 0xff, 0xff, 0xff, 0xff, 0xfe, 0x1f, 0xff,
    0xff, 0xff, 0xff, 0xf0, 0xff, 0xff, 0xff, 0xff,
    0xff, 0x87, 0xff, 0xff, 0xff, 0xff, 0xfc, 0x3f,
    0xff, 0xff, 0xff, 0xff, 0xe1, 0xff, 0xff, 0xff,
    0xff, 0xff, 0xf, 0xff, 0xff, 0xff, 0xff, 0xf8,
    0x7f, 0xff, 0xff, 0xff, 0xff, 0xe3, 0xff, 0xff,
    0xff, 0xff, 0xff, 0x3f, 0xff, 0xff, 0xff, 0xff,
    0xf9, 0xff, 0xff, 0xff, 0xff, 0xff, 0xcf, 0xff,
    0xff, 0xff, 0xff, 0xfe, 0x7f, 0xff, 0xc0, 0xf,
    0xff, 0xf3, 0xff, 0xfc, 0x0, 0x7f, 0xff, 0x9f,
    0xff, 0xe0, 0x3, 0xff, 0xfc, 0xff, 0xff, 0x0,
    0x1f, 0xff, 0xe7, 0xff, 0xf8, 0x0, 0xff, 0xff,
    0x3f, 0xff, 0xc0, 0x7, 0xff, 0xf9, 0xff, 0xfe,
    0x0, 0x3f, 0xff, 0xff, 0xff, 0xf0, 0x1, 0xff,
    0xff, 0xff, 0xff, 0x80, 0x7, 0xff, 0xff, 0xff,
    0xfc, 0x0, 0x3f, 0xff, 0xff, 0xff, 0xe0, 0x1,
    0xff, 0xff, 0xff, 0xff, 0x0, 0xf, 0xff, 0xff,
    0xff, 0xf8, 0x0, 0x7f, 0xff, 0xff, 0xff, 0xc0,
    0x3, 0xff, 0xfc,

    /* U+00C2 "Â" */
    0x0, 0x7, 0xff, 0xff, 0xc0, 0x0, 0x0, 0x3f,
    0xff, 0xff, 0x0, 0x0, 0x0, 0xff, 0xff, 0xfe,
    0x0, 0x0, 0x7, 0xff, 0xff, 0xf8, 0x0, 0x0,
    0x3f, 0xff, 0xff, 0xf0, 0x0, 0x0, 0xff, 0xff,
    0xff, 0xe0, 0x0, 0x7, 0xff, 0xef, 0xff, 0x80,
    0x0, 0x1f, 0xff, 0xbf, 0xff, 0x0, 0x0, 0xff,
    0xfc, 0xff, 0xfc, 0x0, 0x7, 0xff, 0xf3, 0xff,
    0xf8, 0x0, 0x1f, 0xff, 0xc7, 0xff, 0xf0, 0x0,
    0xff, 0xfe, 0x1f, 0xff, 0xc0, 0x3, 0xff, 0xf8,
    0x7f, 0xff, 0x80, 0x1f, 0xff, 0xe0, 0xff, 0xff,
    0x0, 0xff, 0xff, 0x3, 0xff, 0xfc, 0x3, 0xff,
    0xfc, 0xf, 0xff, 0xf8, 0x1f, 0xff, 0xf0, 0x1f,
    0xff, 0xe0, 0xff, 0xff, 0x80, 0x7f, 0xff, 0xc3,
    0xff, 0xfe, 0x1, 0xff, 0xff, 0x80, 0x0, 0x0,
    0x0, 0x0, 0x0, 0x0, 0x0, 0x0, 0x0, 0x0,
    0x0, 0x0, 0x0, 0x0, 0x0, 0x0, 0x0, 0x0,
    0x0, 0x0, 0x0, 0x0, 0x0, 0x0, 0x0, 0x0,
    0x0, 0x0, 0x0, 0x7f, 0xff, 0xff, 0xfc, 0x0,
    0x1, 0xff, 0xff, 0xff, 0xf0, 0x0, 0xf, 0xff,
    0xff, 0xff, 0xc0, 0x0, 0x3f, 0xff, 0xff, 0xff,
    0x0, 0x0, 0xff, 0xff, 0xff, 0xfc, 0x0, 0x3,
    0xff, 0xff, 0xff, 0xf0, 0x0, 0xf, 0xff, 0xff,
    0xff, 0xe0, 0x0, 0x3f, 0xff, 0xff, 0xff, 0x80,
    0x0, 0xff, 0xff, 0xff, 0xfe, 0x0, 0x3, 0xff,
    0xff, 0xff, 0xf8, 0x0, 0xf, 0xff, 0xff, 0xff,
    0xe0, 0x0, 0x3f, 0xff, 0xff, 0xff, 0x80, 0x0,
    0xff, 0xff, 0xff, 0xfe, 0x0, 0x7, 0xff, 0xff,
    0xff, 0xf8, 0x0, 0x1f, 0xff, 0xef, 0xff, 0xe0,
    0x0, 0x7f, 0xff, 0xbf, 0xff, 0x80, 0x1, 0xff,
    0xfe, 0xff, 0xff, 0x0, 0x7, 0xff, 0xfb, 0xff,
    0xfc, 0x0, 0x1f, 0xff, 0xcf, 0xff, 0xf0, 0x0,
    0x7f, 0xff, 0x3f, 0xff, 0xc0, 0x1, 0xff, 0xfc,
    0xff, 0xff, 0x0, 0x7, 0xff, 0xf3, 0xff, 0xfc,
    0x0, 0x1f, 0xff, 0xcf, 0xff, 0xf0, 0x0, 0xff,
    0xff, 0x3f, 0xff, 0xc0, 0x3, 0xff, 0xfc, 0xff,
    0xff, 0x0, 0xf, 0xff, 0xf3, 0xff, 0xfc, 0x0,
    0x3f, 0xff, 0xc7, 0xff, 0xf0, 0x0, 0xff, 0xff,
    0x1f, 0xff, 0xe0, 0x3, 0xff, 0xfc, 0x7f, 0xff,
    0x80, 0xf, 0xff, 0xf1, 0xff, 0xfe, 0x0, 0x3f,
    0xff, 0xc7, 0xff, 0xf8, 0x0, 0xff, 0xfe, 0x1f,
    0xff, 0xe0, 0x3, 0xff, 0xf8, 0x7f, 0xff, 0x80,
    0x1f, 0xff, 0xe1, 0xff, 0xfe, 0x0, 0x7f, 0xff,
    0x87, 0xff, 0xf8, 0x1, 0xff, 0xfe, 0x1f, 0xff,
    0xe0, 0x7, 0xff, 0xf8, 0x7f, 0xff, 0x80, 0x1f,
    0xff, 0xe1, 0xff, 0xff, 0x0, 0x7f, 0xff, 0x83,
    0xff, 0xfc, 0x1, 0xff, 0xfe, 0xf, 0xff, 0xf0,
    0x7, 0xff, 0xf8, 0x3f, 0xff, 0xc0, 0x1f, 0xff,
    0xe0, 0xff, 0xff, 0x0, 0x7f, 0xff, 0x83, 0xff,
    0xfc, 0x1, 0xff, 0xfe, 0xf, 0xff, 0xf0, 0xf,
    0xff, 0xf8, 0x3f, 0xff, 0xc0, 0x3f, 0xff, 0xc0,
    0xff, 0xff, 0x0, 0xff, 0xff, 0x3, 0xff, 0xfc,
    0x3, 0xff, 0xfc, 0xf, 0xff, 0xf0, 0xf, 0xff,
    0xf0, 0x3f, 0xff, 0xe0, 0x3f, 0xff, 0xc0, 0xff,
    0xff, 0x80, 0xff, 0xff, 0x1, 0xff, 0xfe, 0x3,
    0xff, 0xfc, 0x7, 0xff, 0xf8, 0xf, 0xff, 0xf0,
    0x1f, 0xff, 0xe0, 0x3f, 0xff, 0xc0, 0x7f, 0xff,
    0x81, 0xff, 0xff, 0x1, 0xff, 0xfe, 0x7, 0xff,
    0xfc, 0x7, 0xff, 0xf8, 0x1f, 0xff, 0xf0, 0x1f,
    0xff, 0xe0, 0x7f, 0xff, 0xc0, 0x7f, 0xff, 0x81,
    0xff, 0xff, 0x1, 0xff, 0xfe, 0x7, 0xff, 0xff,
    0xff, 0xff, 0xfc, 0x1f, 0xff, 0xff, 0xff, 0xff,
    0xf0, 0x7f, 0xff, 0xff, 0xff, 0xff, 0xc1, 0xff,
    0xff, 0xff, 0xff, 0xff, 0x7, 0xff, 0xff, 0xff,
    0xff, 0xfc, 0x1f, 0xff, 0xff, 0xff, 0xff, 0xf0,
    0xff, 0xff, 0xff, 0xff, 0xff, 0xc3, 0xff, 0xff,
    0xff, 0xff, 0xff, 0xf, 0xff, 0xff, 0xff, 0xff,
    0xfc, 0x3f, 0xff, 0xff, 0xff, 0xff, 0xf0, 0xff,
    0xff, 0xff, 0xff, 0xff, 0xe3, 0xff, 0xff, 0xff,
    0xff, 0xff, 0x8f, 0xff, 0xff, 0xff, 0xff, 0xfe,
    0x3f, 0xff, 0xc0, 0x7, 0xff, 0xf8, 0xff, 0xff,
    0x0, 0x1f, 0xff, 0xe3, 0xff, 0xfc, 0x0, 0x7f,
    0xff, 0x9f, 0xff, 0xf0, 0x1, 0xff, 0xfe, 0x7f,
    0xff, 0xc0, 0x7, 0xff, 0xf9, 0xff, 0xff, 0x0,
    0x1f, 0xff, 0xe7, 0xff, 0xfc, 0x0, 0x7f, 0xff,
    0x9f, 0xff, 0xf0, 0x1, 0xff, 0xfe, 0x7f, 0xff,
    0xc0, 0x7, 0xff, 0xfd, 0xff, 0xff, 0x0, 0x1f,
    0xff, 0xf7, 0xff, 0xf8, 0x0, 0x3f, 0xff, 0xdf,
    0xff, 0xe0, 0x0, 0xff, 0xff, 0x7f, 0xff, 0x80,
    0x3, 0xff, 0xfd, 0xff, 0xfe, 0x0, 0xf, 0xff,
    0xf0,

    /* U+00C3 "Ã" */
    0x0, 0x1f, 0xf0, 0x0, 0x10, 0x0, 0x1, 0xff,
    0xf8, 0x0, 0x78, 0x0, 0xf, 0xff, 0xf8, 0x3,
    0xfc, 0x0, 0x7f, 0xff, 0xfc, 0x1f, 0xf8, 0x3,
    0xff, 0xff, 0xff, 0xff, 0xe0, 0xf, 0xff, 0xff,
    0xff, 0xff, 0x0, 0x7f, 0xff, 0xff, 0xff, 0xfc,
    0x3, 0xff, 0xff, 0xff, 0xff, 0xe0, 0xf, 0xff,
    0xff, 0xff, 0xff, 0x80, 0x7f, 0xff, 0xff, 0xff,
    0xfc, 0x1, 0xff, 0xff, 0xff, 0xff, 0xf0, 0x1,
    0xfe, 0xf, 0xff, 0xff, 0x80, 0x1, 0xe0, 0xf,
    0xff, 0xfc, 0x0, 0x1, 0x80, 0x7, 0xff, 0xe0,
    0x0, 0x0, 0x0, 0x1, 0xfe, 0x0, 0x0, 0x0,
    0x0, 0x0, 0x0, 0x0, 0x0, 0x0, 0x0, 0x0,
    0x0, 0x0, 0x0, 0x0, 0x0, 0x0, 0x0, 0x0,
    0x0, 0x0, 0x0, 0x0, 0x0, 0x0, 0x0, 0x0,
    0x0, 0x0, 0x0, 0x0, 0x0, 0x0, 0x0, 0x0,
    0x0, 0x1, 0xff, 0xff, 0xff, 0xf0, 0x0, 0x7,
    0xff, 0xff, 0xff, 0xc0, 0x0, 0x3f, 0xff, 0xff,
    0xff, 0x0, 0x0, 0xff, 0xff, 0xff, 0xfc, 0x0,
    0x3, 0xff, 0xff, 0xff, 0xf0, 0x0, 0xf, 0xff,
    0xff, 0xff, 0xc0, 0x0, 0x3f, 0xff, 0xff, 0xff,
    0x80, 0x0, 0xff, 0xff, 0xff, 0xfe, 0x0, 0x3,
    0xff, 0xff, 0xff, 0xf8, 0x0, 0xf, 0xff, 0xff,
    0xff, 0xe0, 0x0, 0x3f, 0xff, 0xff, 0xff, 0x80,
    0x0, 0xff, 0xff, 0xff, 0xfe, 0x0, 0x3, 0xff,
    0xff, 0xff, 0xf8, 0x0, 0x1f, 0xff, 0xff, 0xff,
    0xe0, 0x0, 0x7f, 0xff, 0xbf, 0xff, 0x80, 0x1,
    0xff, 0xfe, 0xff, 0xfe, 0x0, 0x7, 0xff, 0xfb,
    0xff, 0xfc, 0x0, 0x1f, 0xff, 0xef, 0xff, 0xf0,
    0x0, 0x7f, 0xff, 0x3f, 0xff, 0xc0, 0x1, 0xff,
    0xfc, 0xff, 0xff, 0x0, 0x7, 0xff, 0xf3, 0xff,
    0xfc, 0x0, 0x1f, 0xff, 0xcf, 0xff, 0xf0, 0x0,
    0x7f, 0xff, 0x3f, 0xff, 0xc0, 0x3, 0xff, 0xfc,
    0xff, 0xff, 0x0, 0xf, 0xff, 0xf3, 0xff, 0xfc,
    0x0, 0x3f, 0xff, 0xcf, 0xff, 0xf0, 0x0, 0xff,
    0xff, 0x1f, 0xff, 0xc0, 0x3, 0xff, 0xfc, 0x7f,
    0xff, 0x80, 0xf, 0xff, 0xf1, 0xff, 0xfe, 0x0,
    0x3f, 0xff, 0xc7, 0xff, 0xf8, 0x0, 0xff, 0xff,
    0x1f, 0xff, 0xe0, 0x3, 0xff, 0xf8, 0x7f, 0xff,
    0x80, 0xf, 0xff, 0xe1, 0xff, 0xfe, 0x0, 0x7f,
    0xff, 0x87, 0xff, 0xf8, 0x1, 0xff, 0xfe, 0x1f,
    0xff, 0xe0, 0x7, 0xff, 0xf8, 0x7f, 0xff, 0x80,
    0x1f, 0xff, 0xe1, 0xff, 0xfe, 0x0, 0x7f, 0xff,
    0x87, 0xff, 0xfc, 0x1, 0xff, 0xfe, 0xf, 0xff,
    0xf0, 0x7, 0xff, 0xf8, 0x3f, 0xff, 0xc0, 0x1f,
    0xff, 0xe0, 0xff, 0xff, 0x0, 0x7f, 0xff, 0x83,
    0xff, 0xfc, 0x1, 0xff, 0xfe, 0xf, 0xff, 0xf0,
    0x7, 0xff, 0xf8, 0x3f, 0xff, 0xc0, 0x3f, 0xff,
    0xe0, 0xff, 0xff, 0x0, 0xff, 0xff, 0x3, 0xff,
    0xfc, 0x3, 0xff, 0xfc, 0xf, 0xff, 0xf0, 0xf,
    0xff, 0xf0, 0x3f, 0xff, 0xc0, 0x3f, 0xff, 0xc0,
    0xff, 0xff, 0x80, 0xff, 0xff, 0x3, 0xff, 0xfe,
    0x3, 0xff, 0xfc, 0x7, 0xff, 0xf8, 0xf, 0xff,
    0xf0, 0x1f, 0xff, 0xe0, 0x3f, 0xff, 0xc0, 0x7f,
    0xff, 0x80, 0xff, 0xff, 0x1, 0xff, 0xfe, 0x7,
    0xff, 0xfc, 0x7, 0xff, 0xf8, 0x1f, 0xff, 0xf0,
    0x1f, 0xff, 0xe0, 0x7f, 0xff, 0xc0, 0x7f, 0xff,
    0x81, 0xff, 0xff, 0x1, 0xff, 0xfe, 0x7, 0xff,
    0xfc, 0x7, 0xff, 0xf8, 0x1f, 0xff, 0xff, 0xff,
    0xff, 0xf0, 0x7f, 0xff, 0xff, 0xff, 0xff, 0xc1,
    0xff, 0xff, 0xff, 0xff, 0xff, 0x7, 0xff, 0xff,
    0xff, 0xff, 0xfc, 0x1f, 0xff, 0xff, 0xff, 0xff,
    0xf0, 0x7f, 0xff, 0xff, 0xff, 0xff, 0xc3, 0xff,
    0xff, 0xff, 0xff, 0xff, 0xf, 0xff, 0xff, 0xff,
    0xff, 0xfc, 0x3f, 0xff, 0xff, 0xff, 0xff, 0xf0,
    0xff, 0xff, 0xff, 0xff, 0xff, 0xc3, 0xff, 0xff,
    0xff, 0xff, 0xff, 0x8f, 0xff, 0xff, 0xff, 0xff,
    0xfe, 0x3f, 0xff, 0xff, 0xff, 0xff, 0xf8, 0xff,
    0xff, 0x0, 0x1f, 0xff, 0xe3, 0xff, 0xfc, 0x0,
    0x7f, 0xff, 0x8f, 0xff, 0xf0, 0x1, 0xff, 0xfe,
    0x7f, 0xff, 0xc0, 0x7, 0xff, 0xf9, 0xff, 0xff,
    0x0, 0x1f, 0xff, 0xe7, 0xff, 0xfc, 0x0, 0x7f,
    0xff, 0x9f, 0xff, 0xf0, 0x1, 0xff, 0xfe, 0x7f,
    0xff, 0xc0, 0x7, 0xff, 0xf9, 0xff, 0xff, 0x0,
    0x1f, 0xff, 0xf7, 0xff, 0xfc, 0x0, 0x7f, 0xff,
    0xdf, 0xff, 0xe0, 0x0, 0xff, 0xff, 0x7f, 0xff,
    0x80, 0x3, 0xff, 0xfd, 0xff, 0xfe, 0x0, 0xf,
    0xff, 0xf7, 0xff, 0xf8, 0x0, 0x3f, 0xff, 0xc0,

    /* U+00C4 "Ä" */
    0x3f, 0xff, 0xf0, 0x7f, 0xff, 0xe0, 0xff, 0xff,
    0xc1, 0xff, 0xff, 0x83, 0xff, 0xff, 0x7, 0xff,
    0xfe, 0xf, 0xff, 0xfc, 0x1f, 0xff, 0xf8, 0x3f,
    0xff, 0xf0, 0x7f, 0xff, 0xe0, 0xff, 0xff, 0xc1,
    0xff, 0xff, 0x83, 0xff, 0xff, 0x7, 0xff, 0xfe,
    0xf, 0xff, 0xfc, 0x1f, 0xff, 0xf8, 0x3f, 0xff,
    0xf0, 0x7f, 0xff, 0xe0, 0xff, 0xff, 0xc1, 0xff,
    0xff, 0x83, 0xff, 0xff, 0x7, 0xff, 0xfe, 0xf,
    0xff, 0xfc, 0x1f, 0xff, 0xf8, 0x3f, 0xff, 0xf0,
    0x7f, 0xff, 0xe0, 0xff, 0xff, 0xc1, 0xff, 0xff,
    0x80, 0x0, 0x0, 0x0, 0x0, 0x0, 0x0, 0x0,
    0x0, 0x0, 0x0, 0x0, 0x0, 0x0, 0x0, 0x0,
    0x0, 0x0, 0x0, 0x0, 0x0, 0x0, 0x0, 0x0,
    0x0, 0x0, 0x0, 0x0, 0x0, 0x0, 0x1f, 0xff,
    0xff, 0xfe, 0x0, 0x0, 0xff, 0xff, 0xff, 0xf8,
    0x0, 0x3, 0xff, 0xff, 0xff, 0xf0, 0x0, 0xf,
    0xff, 0xff, 0xff, 0xc0, 0x0, 0x3f, 0xff, 0xff,
    0xff, 0x0, 0x0, 0xff, 0xff, 0xff, 0xfc, 0x0,
    0x3, 0xff, 0xff, 0xff, 0xf0, 0x0, 0xf, 0xff,
    0xff, 0xff, 0xc0, 0x0, 0x3f, 0xff, 0xff, 0xff,
    0x0, 0x0, 0xff, 0xff, 0xff, 0xfc, 0x0, 0x3,
    0xff, 0xff, 0xff, 0xf0, 0x0, 0x1f, 0xff, 0xff,
    0xff, 0xc0, 0x0, 0x7f, 0xff, 0xff, 0xff, 0x80,
    0x1, 0xff, 0xff, 0xff, 0xfe, 0x0, 0x7, 0xff,
    0xff, 0xff, 0xf8, 0x0, 0x1f, 0xff, 0xdf, 0xff,
    0xe0, 0x0, 0x7f, 0xff, 0x7f, 0xff, 0x80, 0x1,
    0xff, 0xfd, 0xff, 0xfe, 0x0, 0x7, 0xff, 0xf7,
    0xff, 0xf8, 0x0, 0x1f, 0xff, 0xdf, 0xff, 0xe0,
    0x0, 0x7f, 0xff, 0x7f, 0xff, 0x80, 0x3, 0xff,
    0xfc, 0xff, 0xfe, 0x0, 0xf, 0xff, 0xf3, 0xff,
    0xfc, 0x0, 0x3f, 0xff, 0xcf, 0xff, 0xf0, 0x0,
    0xff, 0xff, 0x3f, 0xff, 0xc0, 0x3, 0xff, 0xfc,
    0xff, 0xff, 0x0, 0xf, 0xff, 0xf3, 0xff, 0xfc,
    0x0, 0x3f, 0xff, 0xcf, 0xff, 0xf0, 0x0, 0xff,
    0xff, 0x3f, 0xff, 0xc0, 0x3, 0xff, 0xf8, 0xff,
    0xff, 0x0, 0xf, 0xff, 0xe3, 0xff, 0xfc, 0x0,
    0x3f, 0xff, 0x8f, 0xff, 0xf0, 0x1, 0xff, 0xfe,
    0x3f, 0xff, 0xc0, 0x7, 0xff, 0xf8, 0xff, 0xff,
    0x80, 0x1f, 0xff, 0xe1, 0xff, 0xfe, 0x0, 0x7f,
    0xff, 0x87, 0xff, 0xf8, 0x1, 0xff, 0xfe, 0x1f,
    0xff, 0xe0, 0x7, 0xff, 0xf8, 0x7f, 0xff, 0x80,
    0x1f, 0xff, 0xe1, 0xff, 0xfe, 0x0, 0x7f, 0xff,
    0x87, 0xff, 0xf8, 0x1, 0xff, 0xfe, 0x1f, 0xff,
    0xe0, 0x7, 0xff, 0xf8, 0x7f, 0xff, 0x80, 0x3f,
    0xff, 0xe1, 0xff, 0xfe, 0x0, 0xff, 0xff, 0x87,
    0xff, 0xfc, 0x3, 0xff, 0xfe, 0x1f, 0xff, 0xf0,
    0xf, 0xff, 0xf0, 0x7f, 0xff, 0xc0, 0x3f, 0xff,
    0xc1, 0xff, 0xff, 0x0, 0xff, 0xff, 0x7, 0xff,
    0xfc, 0x3, 0xff, 0xfc, 0xf, 0xff, 0xf0, 0xf,
    0xff, 0xf0, 0x3f, 0xff, 0xc0, 0x3f, 0xff, 0xc0,
    0xff, 0xff, 0x0, 0xff, 0xff, 0x3, 0xff, 0xfc,
    0x7, 0xff, 0xfc, 0xf, 0xff, 0xf0, 0x1f, 0xff,
    0xf0, 0x3f, 0xff, 0xe0, 0x7f, 0xff, 0xc0, 0xff,
    0xff, 0x81, 0xff, 0xff, 0x3, 0xff, 0xfe, 0x7,
    0xff, 0xfc, 0xf, 0xff, 0xf8, 0x1f, 0xff, 0xf0,
    0x3f, 0xff, 0xe0, 0x7f, 0xff, 0xc0, 0xff, 0xff,
    0x81, 0xff, 0xff, 0xff, 0xff, 0xfe, 0x7, 0xff,
    0xff, 0xff, 0xff, 0xf8, 0x1f, 0xff, 0xff, 0xff,
    0xff, 0xe0, 0xff, 0xff, 0xff, 0xff, 0xff, 0x83,
    0xff, 0xff, 0xff, 0xff, 0xfe, 0xf, 0xff, 0xff,
    0xff, 0xff, 0xfc, 0x3f, 0xff, 0xff, 0xff, 0xff,
    0xf0, 0xff, 0xff, 0xff, 0xff, 0xff, 0xc3, 0xff,
    0xff, 0xff, 0xff, 0xff, 0xf, 0xff, 0xff, 0xff,
    0xff, 0xfc, 0x3f, 0xff, 0xff, 0xff, 0xff, 0xf0,
    0xff, 0xff, 0xff, 0xff, 0xff, 0xc3, 0xff, 0xff,
    0xff, 0xff, 0xff, 0x1f, 0xff, 0xf0, 0x3, 0xff,
    0xfc, 0x7f, 0xff, 0xc0, 0xf, 0xff, 0xf1, 0xff,
    0xff, 0x0, 0x3f, 0xff, 0xe7, 0xff, 0xfc, 0x0,
    0xff, 0xff, 0x9f, 0xff, 0xf0, 0x3, 0xff, 0xfe,
    0x7f, 0xff, 0xc0, 0xf, 0xff, 0xf9, 0xff, 0xff,
    0x0, 0x3f, 0xff, 0xe7, 0xff, 0xfc, 0x0, 0xff,
    0xff, 0x9f, 0xff, 0xf0, 0x3, 0xff, 0xfe, 0x7f,
    0xff, 0xc0, 0x7, 0xff, 0xfb, 0xff, 0xff, 0x0,
    0x1f, 0xff, 0xef, 0xff, 0xf8, 0x0, 0x7f, 0xff,
    0xbf, 0xff, 0xe0, 0x1, 0xff, 0xfe, 0xff, 0xff,
    0x80, 0x7, 0xff, 0xfc,

    /* U+00C5 "Å" */
    0x0, 0x0, 0x7f, 0xe0, 0x0, 0x0, 0x0, 0x1f,
    0xff, 0xe0, 0x0, 0x0, 0x3, 0xff, 0xff, 0xc0,
    0x0, 0x0, 0x3f, 0xff, 0xff, 0x0, 0x0, 0x3,
    0xff, 0xff, 0xfc, 0x0, 0x0, 0x3f, 0xff, 0xff,
    0xf0, 0x0, 0x3, 0xff, 0xff, 0xff, 0xc0, 0x0,
    0x3f, 0xff, 0xff, 0xff, 0x0, 0x1, 0xff, 0xff,
    0xff, 0xf8, 0x0, 0x1f, 0xff, 0x3, 0xff, 0xe0,
    0x0, 0xff, 0xf0, 0xf, 0xff, 0x0, 0x7, 0xff,
    0x0, 0x3f, 0xf8, 0x0, 0x7f, 0xf0, 0x0, 0xff,
    0xe0, 0x3, 0xff, 0x80, 0x7, 0xff, 0x0, 0x1f,
    0xf8, 0x0, 0x1f, 0xf8, 0x0, 0xff, 0xc0, 0x0,
    0xff, 0xc0, 0x7, 0xfe, 0x0, 0x7, 0xfe, 0x0,
    0x3f, 0xf0, 0x0, 0x3f, 0xf0, 0x1, 0xff, 0x80,
    0x1, 0xff, 0x80, 0xf, 0xfe, 0x0, 0x1f, 0xfc,
    0x0, 0x7f, 0xf0, 0x0, 0xff, 0xe0, 0x1, 0xff,
    0xc0, 0xf, 0xfe, 0x0, 0xf, 0xff, 0x0, 0xff,
    0xf0, 0x0, 0x7f, 0xfc, 0xf, 0xff, 0x80, 0x1,
    0xff, 0xff, 0xff, 0xf8, 0x0, 0xf, 0xff, 0xff,
    0xff, 0xc0, 0x0, 0x3f, 0xff, 0xff, 0xfc, 0x0,
    0x0, 0xff, 0xff, 0xff, 0xc0, 0x0, 0x7, 0xff,
    0xff, 0xfc, 0x0, 0x0, 0xf, 0xff, 0xff, 0xc0,
    0x0, 0x0, 0x3f, 0xff, 0xfc, 0x0, 0x0, 0x0,
    0x7f, 0xff, 0x80, 0x0, 0x0, 0x0, 0x7f, 0xe0,
    0x0, 0x0, 0x0, 0x0, 0x0, 0x0, 0x0, 0x0,
    0x0, 0x0, 0x0, 0x0, 0x0, 0x0, 0x0, 0x0,
    0x0, 0x0, 0x0, 0x0, 0x0, 0x0, 0x0, 0x0,
    0x0, 0x7f, 0xff, 0xff, 0xfc, 0x0, 0x3, 0xff,
    0xff, 0xff, 0xe0, 0x0, 0x3f, 0xff, 0xff, 0xff,
    0x0, 0x1, 0xff, 0xff, 0xff, 0xf8, 0x0, 0xf,
    0xff, 0xff, 0xff, 0xc0, 0x0, 0x7f, 0xff, 0xff,
    0xfe, 0x0, 0x3, 0xff, 0xff, 0xff, 0xf0, 0x0,
    0x1f, 0xff, 0xff, 0xff, 0x80, 0x0, 0xff, 0xff,
    0xff, 0xfc, 0x0, 0x7, 0xff, 0xff, 0xff, 0xe0,
    0x0, 0x3f, 0xff, 0xff, 0xff, 0x80, 0x1, 0xff,
    0xff, 0xff, 0xfc, 0x0, 0xf, 0xff, 0xff, 0xff,
    0xe0, 0x0, 0xff, 0xff, 0xff, 0xff, 0x0, 0x7,
    0xff, 0xff, 0xff, 0xf8, 0x0, 0x3f, 0xff, 0xbf,
    0xff, 0xc0, 0x1, 0xff, 0xfd, 0xff, 0xfe, 0x0,
    0xf, 0xff, 0xe7, 0xff, 0xf0, 0x0, 0x7f, 0xff,
    0x3f, 0xff, 0x80, 0x3, 0xff, 0xf9, 0xff, 0xfc,
    0x0, 0x1f, 0xff, 0xcf, 0xff, 0xe0, 0x0, 0xff,
    0xfe, 0x7f, 0xff, 0x80, 0x7, 0xff, 0xf3, 0xff,
    0xfc, 0x0, 0x7f, 0xff, 0x9f, 0xff, 0xe0, 0x3,
    0xff, 0xfc, 0xff, 0xff, 0x0, 0x1f, 0xff, 0xe7,
    0xff, 0xf8, 0x0, 0xff, 0xff, 0x3f, 0xff, 0xc0,
    0x7, 0xff, 0xf9, 0xff, 0xfe, 0x0, 0x3f, 0xff,
    0xcf, 0xff, 0xf0, 0x1, 0xff, 0xfc, 0x3f, 0xff,
    0x80, 0xf, 0xff, 0xe1, 0xff, 0xfc, 0x0, 0x7f,
    0xff, 0xf, 0xff, 0xf0, 0x3, 0xff, 0xf8, 0x7f,
    0xff, 0x80, 0x1f, 0xff, 0xc3, 0xff, 0xfc, 0x1,
    0xff, 0xfe, 0x1f, 0xff, 0xe0, 0xf, 0xff, 0xf0,
    0xff, 0xff, 0x0, 0x7f, 0xff, 0x87, 0xff, 0xf8,
    0x3, 0xff, 0xfc, 0x3f, 0xff, 0xc0, 0x1f, 0xff,
    0xe1, 0xff, 0xfe, 0x0, 0xff, 0xff, 0xf, 0xff,
    0xf0, 0x7, 0xff, 0xf8, 0x3f, 0xff, 0x80, 0x3f,
    0xff, 0xc1, 0xff, 0xfc, 0x1, 0xff, 0xfc, 0xf,
    0xff, 0xf0, 0xf, 0xff, 0xe0, 0x7f, 0xff, 0x80,
    0xff, 0xff, 0x3, 0xff, 0xfc, 0x7, 0xff, 0xf8,
    0x1f, 0xff, 0xe0, 0x3f, 0xff, 0xc0, 0xff, 0xff,
    0x1, 0xff, 0xfe, 0x7, 0xff, 0xf8, 0xf, 0xff,
    0xf0, 0x3f, 0xff, 0xc0, 0x7f, 0xff, 0x81, 0xff,
    0xfe, 0x3, 0xff, 0xfc, 0xf, 0xff, 0xf0, 0x1f,
    0xff, 0xe0, 0x7f, 0xff, 0x80, 0xff, 0xff, 0x1,
    0xff, 0xfc, 0x7, 0xff, 0xf8, 0xf, 0xff, 0xf0,
    0x3f, 0xff, 0xc0, 0x7f, 0xff, 0x83, 0xff, 0xfc,
    0x3, 0xff, 0xfc, 0x1f, 0xff, 0xe0, 0x1f, 0xff,
    0xe0, 0xff, 0xff, 0x0, 0xff, 0xff, 0x7, 0xff,
    0xf8, 0x7, 0xff, 0xf8, 0x3f, 0xff, 0xff, 0xff,
    0xff, 0xc1, 0xff, 0xff, 0xff, 0xff, 0xfe, 0xf,
    0xff, 0xff, 0xff, 0xff, 0xf0, 0x7f, 0xff, 0xff,
    0xff, 0xff, 0x83, 0xff, 0xff, 0xff, 0xff, 0xfe,
    0x1f, 0xff, 0xff, 0xff, 0xff, 0xf1, 0xff, 0xff,
    0xff, 0xff, 0xff, 0x8f, 0xff, 0xff, 0xff, 0xff,
    0xfc, 0x7f, 0xff, 0xff, 0xff, 0xff, 0xe3, 0xff,
    0xff, 0xff, 0xff, 0xff, 0x1f, 0xff, 0xff, 0xff,
    0xff, 0xf8, 0xff, 0xff, 0xff, 0xff, 0xff, 0xc7,
    0xff, 0xff, 0xff, 0xff, 0xfe, 0x3f, 0xff, 0xc0,
    0xf, 0xff, 0xf1, 0xff, 0xfe, 0x0, 0x3f, 0xff,
    0x8f, 0xff, 0xf0, 0x1, 0xff, 0xfe, 0x7f, 0xff,
    0x80, 0xf, 0xff, 0xf7, 0xff, 0xfc, 0x0, 0x7f,
    0xff, 0xbf, 0xff, 0xe0, 0x3, 0xff, 0xfd, 0xff,
    0xfe, 0x0, 0x1f, 0xff, 0xef, 0xff, 0xf0, 0x0,
    0xff, 0xff, 0x7f, 0xff, 0x80, 0x7, 0xff, 0xfb,
    0xff, 0xfc, 0x0, 0x3f, 0xff, 0xdf, 0xff, 0xe0,
    0x1, 0xff, 0xfe, 0xff, 0xff, 0x0, 0xf, 0xff,
    0xf7, 0xff, 0xf8, 0x0, 0x3f, 0xff, 0xbf, 0xff,
    0xc0, 0x1, 0xff, 0xfe,

    /* U+00C6 "Æ" */
    0x0, 0x1, 0xff, 0xff, 0xff, 0xff, 0xff, 0xfe,
    0x0, 0x1, 0xff, 0xff, 0xff, 0xff, 0xff, 0xfe,
    0x0, 0x1, 0xff, 0xff, 0xff, 0xff, 0xff, 0xfe,
    0x0, 0x1, 0xff, 0xff, 0xff, 0xff, 0xff, 0xfe,
    0x0, 0x1, 0xff, 0xff, 0xff, 0xff, 0xff, 0xfe,
    0x0, 0x3, 0xff, 0xff, 0xff, 0xff, 0xff, 0xfe,
    0x0, 0x3, 0xff, 0xff, 0xff, 0xff, 0xff, 0xfe,
    0x0, 0x3, 0xff, 0xff, 0xff, 0xff, 0xff, 0xfe,
    0x0, 0x3, 0xff, 0xff, 0xff, 0xff, 0xff, 0xfe,
    0x0, 0x3, 0xff, 0xff, 0xff, 0xff, 0xff, 0xfe,
    0x0, 0x7, 0xff, 0xff, 0xff, 0xff, 0xff, 0xfe,
    0x0, 0x7, 0xff, 0xff, 0xff, 0xff, 0xff, 0xfe,
    0x0, 0x7, 0xff, 0xff, 0xff, 0xff, 0xff, 0xfe,
    0x0, 0x7, 0xff, 0xff, 0xff, 0xff, 0xff, 0xfe,
    0x0, 0x7, 0xff, 0xff, 0xff, 0xff, 0xff, 0xfe,
    0x0, 0x7, 0xff, 0xf8, 0xff, 0xff, 0x80, 0x0,
    0x0, 0xf, 0xff, 0xf8, 0xff, 0xff, 0x80, 0x0,
    0x0, 0xf, 0xff, 0xf8, 0xff, 0xff, 0x80, 0x0,
    0x0, 0xf, 0xff, 0xf8, 0xff, 0xff, 0x80, 0x0,
    0x0, 0xf, 0xff, 0xf8, 0xff, 0xff, 0x80, 0x0,
    0x0, 0xf, 0xff, 0xf0, 0xff, 0xff, 0x80, 0x0,
    0x0, 0x1f, 0xff, 0xf0, 0xff, 0xff, 0x80, 0x0,
    0x0, 0x1f, 0xff, 0xf0, 0xff, 0xff, 0x80, 0x0,
    0x0, 0x1f, 0xff, 0xf0, 0xff, 0xff, 0x80, 0x0,
    0x0, 0x1f, 0xff, 0xf0, 0xff, 0xff, 0x80, 0x0,
    0x0, 0x1f, 0xff, 0xf0, 0xff, 0xff, 0x80, 0x0,
    0x0, 0x1f, 0xff, 0xf0, 0xff, 0xff, 0x80, 0x0,
    0x0, 0x3f, 0xff, 0xe0, 0xff, 0xff, 0x80, 0x0,
    0x0, 0x3f, 0xff, 0xe0, 0xff, 0xff, 0x80, 0x0,
    0x0, 0x3f, 0xff, 0xe0, 0xff, 0xff, 0x80, 0x0,
    0x0, 0x3f, 0xff, 0xe0, 0xff, 0xff, 0x80, 0x0,
    0x0, 0x3f, 0xff, 0xe0, 0xff, 0xff, 0x80, 0x0,
    0x0, 0x7f, 0xff, 0xe0, 0xff, 0xff, 0x80, 0x0,
    0x0, 0x7f, 0xff, 0xe0, 0xff, 0xff, 0x80, 0x0,
    0x0, 0x7f, 0xff, 0xc0, 0xff, 0xff, 0x80, 0x0,
    0x0, 0x7f, 0xff, 0xc0, 0xff, 0xff, 0xff, 0xfc,
    0x0, 0x7f, 0xff, 0xc0, 0xff, 0xff, 0xff, 0xfc,
    0x0, 0x7f, 0xff, 0xc0, 0xff, 0xff, 0xff, 0xfc,
    0x0, 0xff, 0xff, 0xc0, 0xff, 0xff, 0xff, 0xfc,
    0x0, 0xff, 0xff, 0xc0, 0xff, 0xff, 0xff, 0xfc,
    0x0, 0xff, 0xff, 0xc0, 0xff, 0xff, 0xff, 0xfc,
    0x0, 0xff, 0xff, 0x80, 0xff, 0xff, 0xff, 0xfc,
    0x0, 0xff, 0xff, 0x80, 0xff, 0xff, 0xff, 0xfc,
    0x1, 0xff, 0xff, 0x80, 0xff, 0xff, 0xff, 0xfc,
    0x1, 0xff, 0xff, 0x80, 0xff, 0xff, 0xff, 0xfc,
    0x1, 0xff, 0xff, 0x80, 0xff, 0xff, 0xff, 0xfc,
    0x1, 0xff, 0xff, 0x80, 0xff, 0xff, 0xff, 0xfc,
    0x1, 0xff, 0xff, 0x80, 0xff, 0xff, 0xff, 0xfc,
    0x3, 0xff, 0xff, 0x0, 0xff, 0xff, 0xff, 0xfc,
    0x3, 0xff, 0xff, 0xff, 0xff, 0xff, 0x80, 0x0,
    0x3, 0xff, 0xff, 0xff, 0xff, 0xff, 0x80, 0x0,
    0x3, 0xff, 0xff, 0xff, 0xff, 0xff, 0x80, 0x0,
    0x3, 0xff, 0xff, 0xff, 0xff, 0xff, 0x80, 0x0,
    0x3, 0xff, 0xff, 0xff, 0xff, 0xff, 0x80, 0x0,
    0x7, 0xff, 0xff, 0xff, 0xff, 0xff, 0x80, 0x0,
    0x7, 0xff, 0xff, 0xff, 0xff, 0xff, 0x80, 0x0,
    0x7, 0xff, 0xff, 0xff, 0xff, 0xff, 0x80, 0x0,
    0x7, 0xff, 0xff, 0xff, 0xff, 0xff, 0x80, 0x0,
    0x7, 0xff, 0xff, 0xff, 0xff, 0xff, 0x80, 0x0,
    0xf, 0xff, 0xff, 0xff, 0xff, 0xff, 0x80, 0x0,
    0xf, 0xff, 0xff, 0xff, 0xff, 0xff, 0x80, 0x0,
    0xf, 0xff, 0xff, 0xff, 0xff, 0xff, 0x80, 0x0,
    0xf, 0xff, 0xff, 0xff, 0xff, 0xff, 0x80, 0x0,
    0xf, 0xff, 0xfc, 0x0, 0xff, 0xff, 0x80, 0x0,
    0xf, 0xff, 0xfc, 0x0, 0xff, 0xff, 0x80, 0x0,
    0x1f, 0xff, 0xfc, 0x0, 0xff, 0xff, 0x80, 0x0,
    0x1f, 0xff, 0xfc, 0x0, 0xff, 0xff, 0x80, 0x0,
    0x1f, 0xff, 0xf8, 0x0, 0xff, 0xff, 0x80, 0x0,
    0x1f, 0xff, 0xf8, 0x0, 0xff, 0xff, 0x80, 0x0,
    0x1f, 0xff, 0xf8, 0x0, 0xff, 0xff, 0x80, 0x0,
    0x3f, 0xff, 0xf8, 0x0, 0xff, 0xff, 0x80, 0x0,
    0x3f, 0xff, 0xf8, 0x0, 0xff, 0xff, 0xff, 0xff,
    0x3f, 0xff, 0xf8, 0x0, 0xff, 0xff, 0xff, 0xff,
    0x3f, 0xff, 0xf0, 0x0, 0xff, 0xff, 0xff, 0xff,
    0x3f, 0xff, 0xf0, 0x0, 0xff, 0xff, 0xff, 0xff,
    0x3f, 0xff, 0xf0, 0x0, 0xff, 0xff, 0xff, 0xff,
    0x7f, 0xff, 0xf0, 0x0, 0xff, 0xff, 0xff, 0xff,
    0x7f, 0xff, 0xf0, 0x0, 0xff, 0xff, 0xff, 0xff,
    0x7f, 0xff, 0xf0, 0x0, 0xff, 0xff, 0xff, 0xff,
    0x7f, 0xff, 0xe0, 0x0, 0xff, 0xff, 0xff, 0xff,
    0x7f, 0xff, 0xe0, 0x0, 0xff, 0xff, 0xff, 0xff,
    0xff, 0xff, 0xe0, 0x0, 0xff, 0xff, 0xff, 0xff,
    0xff, 0xff, 0xe0, 0x0, 0xff, 0xff, 0xff, 0xff,
    0xff, 0xff, 0xe0, 0x0, 0xff, 0xff, 0xff, 0xff,
    0xff, 0xff, 0xe0, 0x0, 0xff, 0xff, 0xff, 0xff,
    0xff, 0xff, 0xc0, 0x0, 0xff, 0xff, 0xff, 0xff,

    /* U+00C7 "Ç" */
    0x0, 0x1, 0xff, 0xc0, 0x0, 0x0, 0x3, 0xff,
    0xff, 0x0, 0x0, 0x3, 0xff, 0xff, 0xf0, 0x0,
    0x3, 0xff, 0xff, 0xff, 0x0, 0x1, 0xff, 0xff,
    0xff, 0xe0, 0x0, 0xff, 0xff, 0xff, 0xfe, 0x0,
    0x7f, 0xff, 0xff, 0xff, 0x80, 0x3f, 0xff, 0xff,
    0xff, 0xf0, 0xf, 0xff, 0xff, 0xff, 0xfe, 0x7,
    0xff, 0xff, 0xff, 0xff, 0xc1, 0xff, 0xff, 0xff,
    0xff, 0xf0, 0xff, 0xff, 0xff, 0xff, 0xfe, 0x3f,
    0xff, 0xff, 0xff, 0xff, 0x8f, 0xff, 0xff, 0xff,
    0xff, 0xe7, 0xff, 0xff, 0xff, 0xff, 0xf9, 0xff,
    0xff, 0xff, 0xff, 0xff, 0x7f, 0xff, 0xe1, 0xff,
    0xff, 0xdf, 0xff, 0xf0, 0x3f, 0xff, 0xff, 0xff,
    0xfc, 0x7, 0xff, 0xff, 0xff, 0xfe, 0x1, 0xff,
    0xff, 0xff, 0xff, 0x80, 0x7f, 0xff, 0xff, 0xff,
    0xe0, 0x1f, 0xff, 0xff, 0xff, 0xf8, 0x7, 0xff,
    0xff, 0xff, 0xfe, 0x1, 0xff, 0xff, 0xff, 0xff,
    0x80, 0x7f, 0xff, 0xff, 0xff, 0xe0, 0x1f, 0xff,
    0xff, 0xff, 0xf8, 0x7, 0xff, 0xff, 0xff, 0xfe,
    0x1, 0xff, 0xff, 0xff, 0xff, 0x80, 0x7f, 0xff,
    0xff, 0xff, 0xe0, 0x1f, 0xff, 0xff, 0xff, 0xf8,
    0x7, 0xff, 0xff, 0xff, 0xfe, 0x1, 0xff, 0xff,
    0xff, 0xff, 0x80, 0x7f, 0xff, 0xff, 0xff, 0xe0,
    0x1f, 0xff, 0xff, 0xff, 0xf8, 0x7, 0xff, 0xff,
    0xff, 0xfe, 0x0, 0x0, 0x0, 0xff, 0xff, 0x80,
    0x0, 0x0, 0x3f, 0xff, 0xe0, 0x0, 0x0, 0xf,
    0xff, 0xf8, 0x0, 0x0, 0x3, 0xff, 0xfe, 0x0,
    0x0, 0x0, 0xff, 0xff, 0x80, 0x0, 0x0, 0x3f,
    0xff, 0xe0, 0x0, 0x0, 0xf, 0xff, 0xf8, 0x0,
    0x0, 0x3, 0xff, 0xfe, 0x0, 0x0, 0x0, 0xff,
    0xff, 0x80, 0x0, 0x0, 0x3f, 0xff, 0xe0, 0x0,
    0x0, 0xf, 0xff, 0xf8, 0x0, 0x0, 0x3, 0xff,
    0xfe, 0x0, 0x0, 0x0, 0xff, 0xff, 0x80, 0x0,
    0x0, 0x3f, 0xff, 0xe0, 0x0, 0x0, 0xf, 0xff,
    0xf8, 0x7, 0xff, 0xff, 0xff, 0xfe, 0x1, 0xff,
    0xff, 0xff, 0xff, 0x80, 0x7f, 0xff, 0xff, 0xff,
    0xe0, 0x1f, 0xff, 0xff, 0xff, 0xf8, 0x7, 0xff,
    0xff, 0xff, 0xfe, 0x1, 0xff, 0xff, 0xff, 0xff,
    0x80, 0x7f, 0xff, 0xff, 0xff, 0xe0, 0x1f, 0xff,
    0xff, 0xff, 0xf8, 0x7, 0xff, 0xff, 0xff, 0xfe,
    0x1, 0xff, 0xff, 0xff, 0xff, 0x80, 0x7f, 0xff,
    0xff, 0xff, 0xe0, 0x1f, 0xff, 0xff, 0xff, 0xf8,
    0x7, 0xff, 0xff, 0xff, 0xfe, 0x1, 0xff, 0xff,
    0xff, 0xff, 0x80, 0x7f, 0xff, 0xff, 0xff, 0xe0,
    0x1f, 0xff, 0xff, 0xff, 0xf8, 0x7, 0xff, 0xff,
    0xff, 0xfe, 0x1, 0xff, 0xff, 0xff, 0xff, 0x80,
    0x7f, 0xff, 0xff, 0xff, 0xf0, 0x3f, 0xff, 0xff,
    0xff, 0xfc, 0xf, 0xff, 0xff, 0xff, 0xff, 0x87,
    0xff, 0xff, 0x7f, 0xff, 0xff, 0xff, 0xff, 0x9f,
    0xff, 0xff, 0xff, 0xff, 0xe7, 0xff, 0xff, 0xff,
    0xff, 0xf8, 0xff, 0xff, 0xff, 0xff, 0xfe, 0x3f,
    0xff, 0xff, 0xff, 0xff, 0xf, 0xff, 0xff, 0xff,
    0xff, 0xc1, 0xff, 0xff, 0xff, 0xff, 0xf0, 0x7f,
    0xff, 0xff, 0xff, 0xf8, 0xf, 0xff, 0xff, 0xff,
    0xfc, 0x1, 0xff, 0xff, 0xff, 0xff, 0x0, 0x3f,
    0xff, 0xff, 0xff, 0x80, 0x7, 0xff, 0xff, 0xff,
    0xc0, 0x0, 0xff, 0xff, 0xff, 0xc0, 0x0, 0xf,
    0xff, 0xff, 0xc0, 0x0, 0x0, 0xff, 0xff, 0xc0,
    0x0, 0x0, 0x7, 0xff, 0x80, 0x0, 0x0, 0x0,
    0x7f, 0xc0, 0x0, 0x0, 0x0, 0xf, 0xf8, 0x0,
    0x0, 0x0, 0x3, 0xfe, 0x0, 0x0, 0x0, 0x0,
    0x7f, 0xc0, 0x0, 0x0, 0x0, 0x1f, 0xf8, 0x0,
    0x0, 0x0, 0x3, 0xff, 0x0, 0x0, 0x0, 0x0,
    0xff, 0xc0, 0x0, 0x0, 0x0, 0x3f, 0xf8, 0x0,
    0x0, 0x0, 0x7, 0xfe, 0x0, 0x0, 0x0, 0x1,
    0xff, 0xc0, 0x0, 0x0, 0x0, 0x7f, 0xf0, 0x0,
    0x0, 0x0, 0x1f, 0xfe, 0x0, 0x0, 0x0, 0x7,
    0xff, 0x80, 0x0, 0x0, 0x1, 0xff, 0xe0, 0x0,
    0x0, 0x0, 0x7f, 0xfc, 0x0, 0x0, 0x0, 0x1f,
    0xff, 0x0, 0x0, 0x0, 0xf, 0xff, 0xc0, 0x0,
    0x0, 0x3, 0xff, 0xf0, 0x0, 0x3, 0x3, 0xff,
    0xfc, 0x0, 0x0, 0xff, 0xff, 0xff, 0x0, 0x0,
    0x3f, 0xff, 0xff, 0xc0, 0x0, 0xf, 0xff, 0xff,
    0xf0, 0x0, 0x3, 0xff, 0xff, 0xf8, 0x0, 0x0,
    0xff, 0xff, 0xfe, 0x0, 0x0, 0x3f, 0xff, 0xff,
    0x0, 0x0, 0xf, 0xff, 0xff, 0x80, 0x0, 0x3,
    0xff, 0xff, 0xe0, 0x0, 0x0, 0xff, 0xff, 0xe0,
    0x0, 0x0, 0x1f, 0xff, 0xf0, 0x0, 0x0, 0x0,
    0xff, 0xe0, 0x0, 0x0,

    /* U+00C8 "È" */
    0x2, 0x0, 0x0, 0x0, 0x0, 0x3c, 0x0, 0x0,
    0x0, 0x3, 0xf0, 0x0, 0x0, 0x0, 0x3f, 0xc0,
    0x0, 0x0, 0x3, 0xff, 0x0, 0x0, 0x0, 0x3f,
    0xfc, 0x0, 0x0, 0x3, 0xff, 0xf0, 0x0, 0x0,
    0x3f, 0xff, 0xc0, 0x0, 0x3, 0xff, 0xff, 0x80,
    0x0, 0x3f, 0xff, 0xfe, 0x0, 0x3, 0xff, 0xff,
    0xf8, 0x0, 0x3f, 0xff, 0xff, 0x80, 0x3, 0xff,
    0xff, 0xf8, 0x0, 0x3f, 0xff, 0xff, 0x80, 0x3,
    0xff, 0xff, 0xf8, 0x0, 0x3f, 0xff, 0xff, 0x80,
    0x3, 0xff, 0xff, 0xf8, 0x0, 0x7, 0xff, 0xff,
    0x80, 0x0, 0x3, 0xff, 0xf8, 0x0, 0x0, 0x1,
    0xff, 0x80, 0x0, 0x0, 0x0, 0xf8, 0x0, 0x0,
    0x0, 0x0, 0x0, 0x0, 0x0, 0x0, 0x0, 0x0,
    0x0, 0x0, 0x0, 0x0, 0xff, 0xff, 0xff, 0xff,
    0xef, 0xff, 0xff, 0xff, 0xfe, 0xff, 0xff, 0xff,
    0xff, 0xef, 0xff, 0xff, 0xff, 0xfe, 0xff, 0xff,
    0xff, 0xff, 0xef, 0xff, 0xff, 0xff, 0xfe, 0xff,
    0xff, 0xff, 0xff, 0xef, 0xff, 0xff, 0xff, 0xfe,
    0xff, 0xff, 0xff, 0xff, 0xef, 0xff, 0xff, 0xff,
    0xfe, 0xff, 0xff, 0xff, 0xff, 0xef, 0xff, 0xff,
    0xff, 0xfe, 0xff, 0xff, 0xff, 0xff, 0xef, 0xff,
    0xff, 0xff, 0xfe, 0xff, 0xff, 0xff, 0xff, 0xef,
    0xff, 0xff, 0xff, 0xfe, 0xff, 0xff, 0xc0, 0x0,
    0xf, 0xff, 0xfc, 0x0, 0x0, 0xff, 0xff, 0xc0,
    0x0, 0xf, 0xff, 0xfc, 0x0, 0x0, 0xff, 0xff,
    0xc0, 0x0, 0xf, 0xff, 0xfc, 0x0, 0x0, 0xff,
    0xff, 0xc0, 0x0, 0xf, 0xff, 0xfc, 0x0, 0x0,
    0xff, 0xff, 0xc0, 0x0, 0xf, 0xff, 0xfc, 0x0,
    0x0, 0xff, 0xff, 0xc0, 0x0, 0xf, 0xff, 0xfc,
    0x0, 0x0, 0xff, 0xff, 0xc0, 0x0, 0xf, 0xff,
    0xfc, 0x0, 0x0, 0xff, 0xff, 0xc0, 0x0, 0xf,
    0xff, 0xfc, 0x0, 0x0, 0xff, 0xff, 0xc0, 0x0,
    0xf, 0xff, 0xfc, 0x0, 0x0, 0xff, 0xff, 0xff,
    0xff, 0xcf, 0xff, 0xff, 0xff, 0xfc, 0xff, 0xff,
    0xff, 0xff, 0xcf, 0xff, 0xff, 0xff, 0xfc, 0xff,
    0xff, 0xff, 0xff, 0xcf, 0xff, 0xff, 0xff, 0xfc,
    0xff, 0xff, 0xff, 0xff, 0xcf, 0xff, 0xff, 0xff,
    0xfc, 0xff, 0xff, 0xff, 0xff, 0xcf, 0xff, 0xff,
    0xff, 0xfc, 0xff, 0xff, 0xff, 0xff, 0xcf, 0xff,
    0xff, 0xff, 0xfc, 0xff, 0xff, 0xff, 0xff, 0xcf,
    0xff, 0xff, 0xff, 0xfc, 0xff, 0xff, 0xff, 0xff,
    0xcf, 0xff, 0xff, 0xff, 0xfc, 0xff, 0xff, 0xc0,
    0x0, 0xf, 0xff, 0xfc, 0x0, 0x0, 0xff, 0xff,
    0xc0, 0x0, 0xf, 0xff, 0xfc, 0x0, 0x0, 0xff,
    0xff, 0xc0, 0x0, 0xf, 0xff, 0xfc, 0x0, 0x0,
    0xff, 0xff, 0xc0, 0x0, 0xf, 0xff, 0xfc, 0x0,
    0x0, 0xff, 0xff, 0xc0, 0x0, 0xf, 0xff, 0xfc,
    0x0, 0x0, 0xff, 0xff, 0xc0, 0x0, 0xf, 0xff,
    0xfc, 0x0, 0x0, 0xff, 0xff, 0xc0, 0x0, 0xf,
    0xff, 0xfc, 0x0, 0x0, 0xff, 0xff, 0xc0, 0x0,
    0xf, 0xff, 0xfc, 0x0, 0x0, 0xff, 0xff, 0xc0,
    0x0, 0xf, 0xff, 0xfc, 0x0, 0x0, 0xff, 0xff,
    0xc0, 0x0, 0xf, 0xff, 0xfc, 0x0, 0x0, 0xff,
    0xff, 0xff, 0xff, 0xff, 0xff, 0xff, 0xff, 0xff,
    0xff, 0xff, 0xff, 0xff, 0xff, 0xff, 0xff, 0xff,
    0xff, 0xff, 0xff, 0xff, 0xff, 0xff, 0xff, 0xff,
    0xff, 0xff, 0xff, 0xff, 0xff, 0xff, 0xff, 0xff,
    0xff, 0xff, 0xff, 0xff, 0xff, 0xff, 0xff, 0xff,
    0xff, 0xff, 0xff, 0xff, 0xff, 0xff, 0xff, 0xff,
    0xff, 0xff, 0xff, 0xff, 0xff, 0xff, 0xff, 0xff,
    0xff, 0xff, 0xff, 0xff, 0xff, 0xff, 0xff, 0xff,
    0xff, 0xff, 0xff, 0xff, 0xff, 0xff, 0xff,

    /* U+00C9 "É" */
    0x0, 0x0, 0x0, 0x8, 0x0, 0x0, 0x0, 0x3,
    0x80, 0x0, 0x0, 0x1, 0xf8, 0x0, 0x0, 0x0,
    0x7f, 0x80, 0x0, 0x0, 0x1f, 0xf8, 0x0, 0x0,
    0x7, 0xff, 0x80, 0x0, 0x1, 0xff, 0xf8, 0x0,
    0x0, 0x7f, 0xff, 0x80, 0x0, 0x3f, 0xff, 0xf8,
    0x0, 0xf, 0xff, 0xff, 0x80, 0x3, 0xff, 0xff,
    0xf8, 0x0, 0x3f, 0xff, 0xff, 0x80, 0x3, 0xff,
    0xff, 0xf8, 0x0, 0x3f, 0xff, 0xff, 0x80, 0x3,
    0xff, 0xff, 0xf8, 0x0, 0x3f, 0xff, 0xff, 0x80,
    0x3, 0xff, 0xff, 0xf8, 0x0, 0x3f, 0xff, 0xfc,
    0x0, 0x3, 0xff, 0xf8, 0x0, 0x0, 0x3f, 0xf0,
    0x0, 0x0, 0x3, 0xe0, 0x0, 0x0, 0x0, 0x0,
    0x0, 0x0, 0x0, 0x0, 0x0, 0x0, 0x0, 0x0,
    0x0, 0x0, 0x0, 0x0, 0xff, 0xff, 0xff, 0xff,
    0xef, 0xff, 0xff, 0xff, 0xfe, 0xff, 0xff, 0xff,
    0xff, 0xef, 0xff, 0xff, 0xff, 0xfe, 0xff, 0xff,
    0xff, 0xff, 0xef, 0xff, 0xff, 0xff, 0xfe, 0xff,
    0xff, 0xff, 0xff, 0xef, 0xff, 0xff, 0xff, 0xfe,
    0xff, 0xff, 0xff, 0xff, 0xef, 0xff, 0xff, 0xff,
    0xfe, 0xff, 0xff, 0xff, 0xff, 0xef, 0xff, 0xff,
    0xff, 0xfe, 0xff, 0xff, 0xff, 0xff, 0xef, 0xff,
    0xff, 0xff, 0xfe, 0xff, 0xff, 0xff, 0xff, 0xef,
    0xff, 0xff, 0xff, 0xfe, 0xff, 0xff, 0xc0, 0x0,
    0xf, 0xff, 0xfc, 0x0, 0x0, 0xff, 0xff, 0xc0,
    0x0, 0xf, 0xff, 0xfc, 0x0, 0x0, 0xff, 0xff,
    0xc0, 0x0, 0xf, 0xff, 0xfc, 0x0, 0x0, 0xff,
    0xff, 0xc0, 0x0, 0xf, 0xff, 0xfc, 0x0, 0x0,
    0xff, 0xff, 0xc0, 0x0, 0xf, 0xff, 0xfc, 0x0,
    0x0, 0xff, 0xff, 0xc0, 0x0, 0xf, 0xff, 0xfc,
    0x0, 0x0, 0xff, 0xff, 0xc0, 0x0, 0xf, 0xff,
    0xfc, 0x0, 0x0, 0xff, 0xff, 0xc0, 0x0, 0xf,
    0xff, 0xfc, 0x0, 0x0, 0xff, 0xff, 0xc0, 0x0,
    0xf, 0xff, 0xfc, 0x0, 0x0, 0xff, 0xff, 0xff,
    0xff, 0xcf, 0xff, 0xff, 0xff, 0xfc, 0xff, 0xff,
    0xff, 0xff, 0xcf, 0xff, 0xff, 0xff, 0xfc, 0xff,
    0xff, 0xff, 0xff, 0xcf, 0xff, 0xff, 0xff, 0xfc,
    0xff, 0xff, 0xff, 0xff, 0xcf, 0xff, 0xff, 0xff,
    0xfc, 0xff, 0xff, 0xff, 0xff, 0xcf, 0xff, 0xff,
    0xff, 0xfc, 0xff, 0xff, 0xff, 0xff, 0xcf, 0xff,
    0xff, 0xff, 0xfc, 0xff, 0xff, 0xff, 0xff, 0xcf,
    0xff, 0xff, 0xff, 0xfc, 0xff, 0xff, 0xff, 0xff,
    0xcf, 0xff, 0xff, 0xff, 0xfc, 0xff, 0xff, 0xc0,
    0x0, 0xf, 0xff, 0xfc, 0x0, 0x0, 0xff, 0xff,
    0xc0, 0x0, 0xf, 0xff, 0xfc, 0x0, 0x0, 0xff,
    0xff, 0xc0, 0x0, 0xf, 0xff, 0xfc, 0x0, 0x0,
    0xff, 0xff, 0xc0, 0x0, 0xf, 0xff, 0xfc, 0x0,
    0x0, 0xff, 0xff, 0xc0, 0x0, 0xf, 0xff, 0xfc,
    0x0, 0x0, 0xff, 0xff, 0xc0, 0x0, 0xf, 0xff,
    0xfc, 0x0, 0x0, 0xff, 0xff, 0xc0, 0x0, 0xf,
    0xff, 0xfc, 0x0, 0x0, 0xff, 0xff, 0xc0, 0x0,
    0xf, 0xff, 0xfc, 0x0, 0x0, 0xff, 0xff, 0xc0,
    0x0, 0xf, 0xff, 0xfc, 0x0, 0x0, 0xff, 0xff,
    0xc0, 0x0, 0xf, 0xff, 0xfc, 0x0, 0x0, 0xff,
    0xff, 0xff, 0xff, 0xff, 0xff, 0xff, 0xff, 0xff,
    0xff, 0xff, 0xff, 0xff, 0xff, 0xff, 0xff, 0xff,
    0xff, 0xff, 0xff, 0xff, 0xff, 0xff, 0xff, 0xff,
    0xff, 0xff, 0xff, 0xff, 0xff, 0xff, 0xff, 0xff,
    0xff, 0xff, 0xff, 0xff, 0xff, 0xff, 0xff, 0xff,
    0xff, 0xff, 0xff, 0xff, 0xff, 0xff, 0xff, 0xff,
    0xff, 0xff, 0xff, 0xff, 0xff, 0xff, 0xff, 0xff,
    0xff, 0xff, 0xff, 0xff, 0xff, 0xff, 0xff, 0xff,
    0xff, 0xff, 0xff, 0xff, 0xff, 0xff, 0xff,

    /* U+00CA "Ê" */
    0x0, 0xf, 0xff, 0xff, 0x0, 0x0, 0x1, 0xff,
    0xff, 0xf8, 0x0, 0x0, 0x1f, 0xff, 0xff, 0x80,
    0x0, 0x3, 0xff, 0xff, 0xfc, 0x0, 0x0, 0x7f,
    0xff, 0xff, 0xe0, 0x0, 0x7, 0xff, 0xff, 0xfe,
    0x0, 0x0, 0xff, 0xfd, 0xff, 0xf0, 0x0, 0x1f,
    0xff, 0xdf, 0xff, 0x80, 0x1, 0xff, 0xf9, 0xff,
    0xf8, 0x0, 0x3f, 0xff, 0x8f, 0xff, 0xc0, 0x7,
    0xff, 0xf8, 0xff, 0xfc, 0x0, 0x7f, 0xff, 0xf,
    0xff, 0xe0, 0xf, 0xff, 0xf0, 0xff, 0xff, 0x0,
    0xff, 0xff, 0x7, 0xff, 0xf0, 0x1f, 0xff, 0xf0,
    0x7f, 0xff, 0x83, 0xff, 0xfe, 0x7, 0xff, 0xf8,
    0x3f, 0xff, 0xe0, 0x3f, 0xff, 0xc7, 0xff, 0xfe,
    0x3, 0xff, 0xfe, 0xff, 0xff, 0xc0, 0x3f, 0xff,
    0xe0, 0x0, 0x0, 0x0, 0x0, 0x0, 0x0, 0x0,
    0x0, 0x0, 0x0, 0x0, 0x0, 0x0, 0x0, 0x0,
    0x0, 0x0, 0x0, 0x0, 0x0, 0x0, 0x0, 0x0,
    0x0, 0x0, 0x0, 0x0, 0xf, 0xff, 0xff, 0xff,
    0xfe, 0x0, 0xff, 0xff, 0xff, 0xff, 0xe0, 0xf,
    0xff, 0xff, 0xff, 0xfe, 0x0, 0xff, 0xff, 0xff,
    0xff, 0xe0, 0xf, 0xff, 0xff, 0xff, 0xfe, 0x0,
    0xff, 0xff, 0xff, 0xff, 0xe0, 0xf, 0xff, 0xff,
    0xff, 0xfe, 0x0, 0xff, 0xff, 0xff, 0xff, 0xe0,
    0xf, 0xff, 0xff, 0xff, 0xfe, 0x0, 0xff, 0xff,
    0xff, 0xff, 0xe0, 0xf, 0xff, 0xff, 0xff, 0xfe,
    0x0, 0xff, 0xff, 0xff, 0xff, 0xe0, 0xf, 0xff,
    0xff, 0xff, 0xfe, 0x0, 0xff, 0xff, 0xff, 0xff,
    0xe0, 0xf, 0xff, 0xff, 0xff, 0xfe, 0x0, 0xff,
    0xff, 0xff, 0xff, 0xe0, 0xf, 0xff, 0xfc, 0x0,
    0x0, 0x0, 0xff, 0xff, 0xc0, 0x0, 0x0, 0xf,
    0xff, 0xfc, 0x0, 0x0, 0x0, 0xff, 0xff, 0xc0,
    0x0, 0x0, 0xf, 0xff, 0xfc, 0x0, 0x0, 0x0,
    0xff, 0xff, 0xc0, 0x0, 0x0, 0xf, 0xff, 0xfc,
    0x0, 0x0, 0x0, 0xff, 0xff, 0xc0, 0x0, 0x0,
    0xf, 0xff, 0xfc, 0x0, 0x0, 0x0, 0xff, 0xff,
    0xc0, 0x0, 0x0, 0xf, 0xff, 0xfc, 0x0, 0x0,
    0x0, 0xff, 0xff, 0xc0, 0x0, 0x0, 0xf, 0xff,
    0xfc, 0x0, 0x0, 0x0, 0xff, 0xff, 0xc0, 0x0,
    0x0, 0xf, 0xff, 0xfc, 0x0, 0x0, 0x0, 0xff,
    0xff, 0xc0, 0x0, 0x0, 0xf, 0xff, 0xfc, 0x0,
    0x0, 0x0, 0xff, 0xff, 0xc0, 0x0, 0x0, 0xf,
    0xff, 0xff, 0xff, 0xfc, 0x0, 0xff, 0xff, 0xff,
    0xff, 0xc0, 0xf, 0xff, 0xff, 0xff, 0xfc, 0x0,
    0xff, 0xff, 0xff, 0xff, 0xc0, 0xf, 0xff, 0xff,
    0xff, 0xfc, 0x0, 0xff, 0xff, 0xff, 0xff, 0xc0,
    0xf, 0xff, 0xff, 0xff, 0xfc, 0x0, 0xff, 0xff,
    0xff, 0xff, 0xc0, 0xf, 0xff, 0xff, 0xff, 0xfc,
    0x0, 0xff, 0xff, 0xff, 0xff, 0xc0, 0xf, 0xff,
    0xff, 0xff, 0xfc, 0x0, 0xff, 0xff, 0xff, 0xff,
    0xc0, 0xf, 0xff, 0xff, 0xff, 0xfc, 0x0, 0xff,
    0xff, 0xff, 0xff, 0xc0, 0xf, 0xff, 0xff, 0xff,
    0xfc, 0x0, 0xff, 0xff, 0xff, 0xff, 0xc0, 0xf,
    0xff, 0xfc, 0x0, 0x0, 0x0, 0xff, 0xff, 0xc0,
    0x0, 0x0, 0xf, 0xff, 0xfc, 0x0, 0x0, 0x0,
    0xff, 0xff, 0xc0, 0x0, 0x0, 0xf, 0xff, 0xfc,
    0x0, 0x0, 0x0, 0xff, 0xff, 0xc0, 0x0, 0x0,
    0xf, 0xff, 0xfc, 0x0, 0x0, 0x0, 0xff, 0xff,
    0xc0, 0x0, 0x0, 0xf, 0xff, 0xfc, 0x0, 0x0,
    0x0, 0xff, 0xff, 0xc0, 0x0, 0x0, 0xf, 0xff,
    0xfc, 0x0, 0x0, 0x0, 0xff, 0xff, 0xc0, 0x0,
    0x0, 0xf, 0xff, 0xfc, 0x0, 0x0, 0x0, 0xff,
    0xff, 0xc0, 0x0, 0x0, 0xf, 0xff, 0xfc, 0x0,
    0x0, 0x0, 0xff, 0xff, 0xc0, 0x0, 0x0, 0xf,
    0xff, 0xfc, 0x0, 0x0, 0x0, 0xff, 0xff, 0xc0,
    0x0, 0x0, 0xf, 0xff, 0xfc, 0x0, 0x0, 0x0,
    0xff, 0xff, 0xc0, 0x0, 0x0, 0xf, 0xff, 0xff,
    0xff, 0xff, 0x0, 0xff, 0xff, 0xff, 0xff, 0xf0,
    0xf, 0xff, 0xff, 0xff, 0xff, 0x0, 0xff, 0xff,
    0xff, 0xff, 0xf0, 0xf, 0xff, 0xff, 0xff, 0xff,
    0x0, 0xff, 0xff, 0xff, 0xff, 0xf0, 0xf, 0xff,
    0xff, 0xff, 0xff, 0x0, 0xff, 0xff, 0xff, 0xff,
    0xf0, 0xf, 0xff, 0xff, 0xff, 0xff, 0x0, 0xff,
    0xff, 0xff, 0xff, 0xf0, 0xf, 0xff, 0xff, 0xff,
    0xff, 0x0, 0xff, 0xff, 0xff, 0xff, 0xf0, 0xf,
    0xff, 0xff, 0xff, 0xff, 0x0, 0xff, 0xff, 0xff,
    0xff, 0xf0, 0xf, 0xff, 0xff, 0xff, 0xff, 0x0,
    0xff, 0xff, 0xff, 0xff, 0xf0,

    /* U+00CB "Ë" */
    0xff, 0xff, 0xc1, 0xff, 0xff, 0xff, 0xff, 0xe0,
    0xff, 0xff, 0xff, 0xff, 0xf0, 0x7f, 0xff, 0xff,
    0xff, 0xf8, 0x3f, 0xff, 0xff, 0xff, 0xfc, 0x1f,
    0xff, 0xff, 0xff, 0xfe, 0xf, 0xff, 0xff, 0xff,
    0xff, 0x7, 0xff, 0xff, 0xff, 0xff, 0x83, 0xff,
    0xff, 0xff, 0xff, 0xc1, 0xff, 0xff, 0xff, 0xff,
    0xe0, 0xff, 0xff, 0xff, 0xff, 0xf0, 0x7f, 0xff,
    0xff, 0xff, 0xf8, 0x3f, 0xff, 0xff, 0xff, 0xfc,
    0x1f, 0xff, 0xff, 0xff, 0xfe, 0xf, 0xff, 0xfc,
    0x0, 0x0, 0x0, 0x0, 0x0, 0x0, 0x0, 0x0,
    0x0, 0x0, 0x0, 0x0, 0x0, 0x0, 0x0, 0x0,
    0x0, 0x0, 0x0, 0x0, 0x0, 0x0, 0x0, 0x0,
    0x0, 0x3, 0xff, 0xff, 0xff, 0xff, 0x1, 0xff,
    0xff, 0xff, 0xff, 0x80, 0xff, 0xff, 0xff, 0xff,
    0xc0, 0x7f, 0xff, 0xff, 0xff, 0xe0, 0x3f, 0xff,
    0xff, 0xff, 0xf0, 0x1f, 0xff, 0xff, 0xff, 0xf8,
    0xf, 0xff, 0xff, 0xff, 0xfc, 0x7, 0xff, 0xff,
    0xff, 0xfe, 0x3, 0xff, 0xff, 0xff, 0xff, 0x1,
    0xff, 0xff, 0xff, 0xff, 0x80, 0xff, 0xff, 0xff,
    0xff, 0xc0, 0x7f, 0xff, 0xff, 0xff, 0xe0, 0x3f,
    0xff, 0xff, 0xff, 0xf0, 0x1f, 0xff, 0xff, 0xff,
    0xf8, 0xf, 0xff, 0xff, 0xff, 0xfc, 0x7, 0xff,
    0xff, 0xff, 0xfe, 0x3, 0xff, 0xff, 0x0, 0x0,
    0x1, 0xff, 0xff, 0x80, 0x0, 0x0, 0xff, 0xff,
    0xc0, 0x0, 0x0, 0x7f, 0xff, 0xe0, 0x0, 0x0,
    0x3f, 0xff, 0xf0, 0x0, 0x0, 0x1f, 0xff, 0xf8,
    0x0, 0x0, 0xf, 0xff, 0xfc, 0x0, 0x0, 0x7,
    0xff, 0xfe, 0x0, 0x0, 0x3, 0xff, 0xff, 0x0,
    0x0, 0x1, 0xff, 0xff, 0x80, 0x0, 0x0, 0xff,
    0xff, 0xc0, 0x0, 0x0, 0x7f, 0xff, 0xe0, 0x0,
    0x0, 0x3f, 0xff, 0xf0, 0x0, 0x0, 0x1f, 0xff,
    0xf8, 0x0, 0x0, 0xf, 0xff, 0xfc, 0x0, 0x0,
    0x7, 0xff, 0xfe, 0x0, 0x0, 0x3, 0xff, 0xff,
    0x0, 0x0, 0x1, 0xff, 0xff, 0x80, 0x0, 0x0,
    0xff, 0xff, 0xff, 0xff, 0x80, 0x7f, 0xff, 0xff,
    0xff, 0xc0, 0x3f, 0xff, 0xff, 0xff, 0xe0, 0x1f,
    0xff, 0xff, 0xff, 0xf0, 0xf, 0xff, 0xff, 0xff,
    0xf8, 0x7, 0xff, 0xff, 0xff, 0xfc, 0x3, 0xff,
    0xff, 0xff, 0xfe, 0x1, 0xff, 0xff, 0xff, 0xff,
    0x0, 0xff, 0xff, 0xff, 0xff, 0x80, 0x7f, 0xff,
    0xff, 0xff, 0xc0, 0x3f, 0xff, 0xff, 0xff, 0xe0,
    0x1f, 0xff, 0xff, 0xff, 0xf0, 0xf, 0xff, 0xff,
    0xff, 0xf8, 0x7, 0xff, 0xff, 0xff, 0xfc, 0x3,
    0xff, 0xff, 0xff, 0xfe, 0x1, 0xff, 0xff, 0xff,
    0xff, 0x0, 0xff, 0xff, 0xc0, 0x0, 0x0, 0x7f,
    0xff, 0xe0, 0x0, 0x0, 0x3f, 0xff, 0xf0, 0x0,
    0x0, 0x1f, 0xff, 0xf8, 0x0, 0x0, 0xf, 0xff,
    0xfc, 0x0, 0x0, 0x7, 0xff, 0xfe, 0x0, 0x0,
    0x3, 0xff, 0xff, 0x0, 0x0, 0x1, 0xff, 0xff,
    0x80, 0x0, 0x0, 0xff, 0xff, 0xc0, 0x0, 0x0,
    0x7f, 0xff, 0xe0, 0x0, 0x0, 0x3f, 0xff, 0xf0,
    0x0, 0x0, 0x1f, 0xff, 0xf8, 0x0, 0x0, 0xf,
    0xff, 0xfc, 0x0, 0x0, 0x7, 0xff, 0xfe, 0x0,
    0x0, 0x3, 0xff, 0xff, 0x0, 0x0, 0x1, 0xff,
    0xff, 0x80, 0x0, 0x0, 0xff, 0xff, 0xc0, 0x0,
    0x0, 0x7f, 0xff, 0xe0, 0x0, 0x0, 0x3f, 0xff,
    0xf0, 0x0, 0x0, 0x1f, 0xff, 0xf8, 0x0, 0x0,
    0xf, 0xff, 0xff, 0xff, 0xfe, 0x7, 0xff, 0xff,
    0xff, 0xff, 0x3, 0xff, 0xff, 0xff, 0xff, 0x81,
    0xff, 0xff, 0xff, 0xff, 0xc0, 0xff, 0xff, 0xff,
    0xff, 0xe0, 0x7f, 0xff, 0xff, 0xff, 0xf0, 0x3f,
    0xff, 0xff, 0xff, 0xf8, 0x1f, 0xff, 0xff, 0xff,
    0xfc, 0xf, 0xff, 0xff, 0xff, 0xfe, 0x7, 0xff,
    0xff, 0xff, 0xff, 0x3, 0xff, 0xff, 0xff, 0xff,
    0x81, 0xff, 0xff, 0xff, 0xff, 0xc0, 0xff, 0xff,
    0xff, 0xff, 0xe0, 0x7f, 0xff, 0xff, 0xff, 0xf0,
    0x3f, 0xff, 0xff, 0xff, 0xf8, 0x1f, 0xff, 0xff,
    0xff, 0xfc, 0x0,

    /* U+00CC "Ì" */
    0x80, 0x0, 0x1, 0xe0, 0x0, 0x3, 0xf0, 0x0,
    0x7, 0xf8, 0x0, 0xf, 0xfc, 0x0, 0x1f, 0xfe,
    0x0, 0x3f, 0xff, 0x0, 0x7f, 0xff, 0x80, 0xff,
    0xff, 0xe1, 0xff, 0xff, 0xf3, 0xff, 0xff, 0xff,
    0xff, 0xff, 0xff, 0xff, 0xff, 0xff, 0xff, 0xff,
    0xff, 0xff, 0xff, 0xff, 0xff, 0xff, 0xff, 0xff,
    0xfe, 0x3f, 0xff, 0xfc, 0x3, 0xff, 0xf8, 0x0,
    0x3f, 0xf0, 0x0, 0x3, 0xe0, 0x0, 0x0, 0x0,
    0x0, 0x0, 0x0, 0x0, 0x0, 0x1f, 0xff, 0xf0,
    0x3f, 0xff, 0xe0, 0x7f, 0xff, 0xc0, 0xff, 0xff,
    0x81, 0xff, 0xff, 0x3, 0xff, 0xfe, 0x7, 0xff,
    0xfc, 0xf, 0xff, 0xf8, 0x1f, 0xff, 0xf0, 0x3f,
    0xff, 0xe0, 0x7f, 0xff, 0xc0, 0xff, 0xff, 0x81,
    0xff, 0xff, 0x3, 0xff, 0xfe, 0x7, 0xff, 0xfc,
    0xf, 0xff, 0xf8, 0x1f, 0xff, 0xf0, 0x3f, 0xff,
    0xe0, 0x7f, 0xff, 0xc0, 0xff, 0xff, 0x81, 0xff,
    0xff, 0x3, 0xff, 0xfe, 0x7, 0xff, 0xfc, 0xf,
    0xff, 0xf8, 0x1f, 0xff, 0xf0, 0x3f, 0xff, 0xe0,
    0x7f, 0xff, 0xc0, 0xff, 0xff, 0x81, 0xff, 0xff,
    0x3, 0xff, 0xfe, 0x7, 0xff, 0xfc, 0xf, 0xff,
    0xf8, 0x1f, 0xff, 0xf0, 0x3f, 0xff, 0xe0, 0x7f,
    0xff, 0xc0, 0xff, 0xff, 0x81, 0xff, 0xff, 0x3,
    0xff, 0xfe, 0x7, 0xff, 0xfc, 0xf, 0xff, 0xf8,
    0x1f, 0xff, 0xf0, 0x3f, 0xff, 0xe0, 0x7f, 0xff,
    0xc0, 0xff, 0xff, 0x81, 0xff, 0xff, 0x3, 0xff,
    0xfe, 0x7, 0xff, 0xfc, 0xf, 0xff, 0xf8, 0x1f,
    0xff, 0xf0, 0x3f, 0xff, 0xe0, 0x7f, 0xff, 0xc0,
    0xff, 0xff, 0x81, 0xff, 0xff, 0x3, 0xff, 0xfe,
    0x7, 0xff, 0xfc, 0xf, 0xff, 0xf8, 0x1f, 0xff,
    0xf0, 0x3f, 0xff, 0xe0, 0x7f, 0xff, 0xc0, 0xff,
    0xff, 0x81, 0xff, 0xff, 0x3, 0xff, 0xfe, 0x7,
    0xff, 0xfc, 0xf, 0xff, 0xf8, 0x1f, 0xff, 0xf0,
    0x3f, 0xff, 0xe0, 0x7f, 0xff, 0xc0, 0xff, 0xff,
    0x81, 0xff, 0xff, 0x3, 0xff, 0xfe, 0x7, 0xff,
    0xfc, 0xf, 0xff, 0xf8, 0x1f, 0xff, 0xf0, 0x3f,
    0xff, 0xe0, 0x7f, 0xff, 0xc0, 0xff, 0xff, 0x81,
    0xff, 0xff, 0x3, 0xff, 0xfe, 0x7, 0xff, 0xfc,
    0xf, 0xff, 0xf8, 0x1f, 0xff, 0xf0, 0x3f, 0xff,
    0xe0, 0x7f, 0xff, 0xc0, 0xff, 0xff, 0x81, 0xff,
    0xff, 0x3, 0xff, 0xfe, 0x0,

    /* U+00CD "Í" */
    0x0, 0x0, 0x2, 0x0, 0x0, 0x1c, 0x0, 0x1,
    0xf8, 0x0, 0xf, 0xf0, 0x0, 0x7f, 0xe0, 0x3,
    0xff, 0xc0, 0x1f, 0xff, 0x80, 0xff, 0xff, 0xf,
    0xff, 0xfe, 0x7f, 0xff, 0xff, 0xff, 0xff, 0xff,
    0xff, 0xff, 0xff, 0xff, 0xff, 0xff, 0xff, 0xff,
    0xff, 0xff, 0xff, 0xff, 0xff, 0xff, 0xff, 0xff,
    0xff, 0xff, 0xff, 0xe3, 0xff, 0xf8, 0x7, 0xfe,
    0x0, 0xf, 0x80, 0x0, 0x0, 0x0, 0x0, 0x0,
    0x0, 0x0, 0x0, 0x0, 0x0, 0x1f, 0xff, 0xf0,
    0x3f, 0xff, 0xe0, 0x7f, 0xff, 0xc0, 0xff, 0xff,
    0x81, 0xff, 0xff, 0x3, 0xff, 0xfe, 0x7, 0xff,
    0xfc, 0xf, 0xff, 0xf8, 0x1f, 0xff, 0xf0, 0x3f,
    0xff, 0xe0, 0x7f, 0xff, 0xc0, 0xff, 0xff, 0x81,
    0xff, 0xff, 0x3, 0xff, 0xfe, 0x7, 0xff, 0xfc,
    0xf, 0xff, 0xf8, 0x1f, 0xff, 0xf0, 0x3f, 0xff,
    0xe0, 0x7f, 0xff, 0xc0, 0xff, 0xff, 0x81, 0xff,
    0xff, 0x3, 0xff, 0xfe, 0x7, 0xff, 0xfc, 0xf,
    0xff, 0xf8, 0x1f, 0xff, 0xf0, 0x3f, 0xff, 0xe0,
    0x7f, 0xff, 0xc0, 0xff, 0xff, 0x81, 0xff, 0xff,
    0x3, 0xff, 0xfe, 0x7, 0xff, 0xfc, 0xf, 0xff,
    0xf8, 0x1f, 0xff, 0xf0, 0x3f, 0xff, 0xe0, 0x7f,
    0xff, 0xc0, 0xff, 0xff, 0x81, 0xff, 0xff, 0x3,
    0xff, 0xfe, 0x7, 0xff, 0xfc, 0xf, 0xff, 0xf8,
    0x1f, 0xff, 0xf0, 0x3f, 0xff, 0xe0, 0x7f, 0xff,
    0xc0, 0xff, 0xff, 0x81, 0xff, 0xff, 0x3, 0xff,
    0xfe, 0x7, 0xff, 0xfc, 0xf, 0xff, 0xf8, 0x1f,
    0xff, 0xf0, 0x3f, 0xff, 0xe0, 0x7f, 0xff, 0xc0,
    0xff, 0xff, 0x81, 0xff, 0xff, 0x3, 0xff, 0xfe,
    0x7, 0xff, 0xfc, 0xf, 0xff, 0xf8, 0x1f, 0xff,
    0xf0, 0x3f, 0xff, 0xe0, 0x7f, 0xff, 0xc0, 0xff,
    0xff, 0x81, 0xff, 0xff, 0x3, 0xff, 0xfe, 0x7,
    0xff, 0xfc, 0xf, 0xff, 0xf8, 0x1f, 0xff, 0xf0,
    0x3f, 0xff, 0xe0, 0x7f, 0xff, 0xc0, 0xff, 0xff,
    0x81, 0xff, 0xff, 0x3, 0xff, 0xfe, 0x7, 0xff,
    0xfc, 0xf, 0xff, 0xf8, 0x1f, 0xff, 0xf0, 0x3f,
    0xff, 0xe0, 0x7f, 0xff, 0xc0, 0xff, 0xff, 0x81,
    0xff, 0xff, 0x3, 0xff, 0xfe, 0x7, 0xff, 0xfc,
    0xf, 0xff, 0xf8, 0x1f, 0xff, 0xf0, 0x3f, 0xff,
    0xe0, 0x7f, 0xff, 0xc0, 0xff, 0xff, 0x81, 0xff,
    0xff, 0x3, 0xff, 0xfe, 0x0,

    /* U+00CE "Î" */
    0x0, 0x1f, 0xff, 0xff, 0x0, 0x0, 0x7, 0xff,
    0xff, 0xf0, 0x0, 0x0, 0xff, 0xff, 0xfe, 0x0,
    0x0, 0x3f, 0xff, 0xff, 0xe0, 0x0, 0x7, 0xff,
    0xff, 0xfc, 0x0, 0x1, 0xff, 0xff, 0xff, 0xc0,
    0x0, 0x7f, 0xfe, 0xff, 0xfc, 0x0, 0xf, 0xff,
    0xdf, 0xff, 0x80, 0x3, 0xff, 0xfb, 0xff, 0xf8,
    0x0, 0xff, 0xfe, 0x3f, 0xff, 0x80, 0x1f, 0xff,
    0xc7, 0xff, 0xf0, 0x7, 0xff, 0xf8, 0xff, 0xff,
    0x0, 0xff, 0xfe, 0xf, 0xff, 0xe0, 0x3f, 0xff,
    0xc1, 0xff, 0xfe, 0xf, 0xff, 0xf8, 0x3f, 0xff,
    0xe1, 0xff, 0xfe, 0x3, 0xff, 0xfc, 0x7f, 0xff,
    0xc0, 0x7f, 0xff, 0xdf, 0xff, 0xf8, 0xf, 0xff,
    0xff, 0xff, 0xfe, 0x0, 0xff, 0xff, 0x80, 0x0,
    0x0, 0x0, 0x0, 0x0, 0x0, 0x0, 0x0, 0x0,
    0x0, 0x0, 0x0, 0x0, 0x0, 0x0, 0x0, 0x0,
    0x0, 0x0, 0x0, 0x0, 0x0, 0x0, 0x0, 0x0,
    0x0, 0x0, 0x7, 0xff, 0xfc, 0x0, 0x0, 0x0,
    0xff, 0xff, 0x80, 0x0, 0x0, 0x1f, 0xff, 0xf0,
    0x0, 0x0, 0x3, 0xff, 0xfe, 0x0, 0x0, 0x0,
    0x7f, 0xff, 0xc0, 0x0, 0x0, 0xf, 0xff, 0xf8,
    0x0, 0x0, 0x1, 0xff, 0xff, 0x0, 0x0, 0x0,
    0x3f, 0xff, 0xe0, 0x0, 0x0, 0x7, 0xff, 0xfc,
    0x0, 0x0, 0x0, 0xff, 0xff, 0x80, 0x0, 0x0,
    0x1f, 0xff, 0xf0, 0x0, 0x0, 0x3, 0xff, 0xfe,
    0x0, 0x0, 0x0, 0x7f, 0xff, 0xc0, 0x0, 0x0,
    0xf, 0xff, 0xf8, 0x0, 0x0, 0x1, 0xff, 0xff,
    0x0, 0x0, 0x0, 0x3f, 0xff, 0xe0, 0x0, 0x0,
    0x7, 0xff, 0xfc, 0x0, 0x0, 0x0, 0xff, 0xff,
    0x80, 0x0, 0x0, 0x1f, 0xff, 0xf0, 0x0, 0x0,
    0x3, 0xff, 0xfe, 0x0, 0x0, 0x0, 0x7f, 0xff,
    0xc0, 0x0, 0x0, 0xf, 0xff, 0xf8, 0x0, 0x0,
    0x1, 0xff, 0xff, 0x0, 0x0, 0x0, 0x3f, 0xff,
    0xe0, 0x0, 0x0, 0x7, 0xff, 0xfc, 0x0, 0x0,
    0x0, 0xff, 0xff, 0x80, 0x0, 0x0, 0x1f, 0xff,
    0xf0, 0x0, 0x0, 0x3, 0xff, 0xfe, 0x0, 0x0,
    0x0, 0x7f, 0xff, 0xc0, 0x0, 0x0, 0xf, 0xff,
    0xf8, 0x0, 0x0, 0x1, 0xff, 0xff, 0x0, 0x0,
    0x0, 0x3f, 0xff, 0xe0, 0x0, 0x0, 0x7, 0xff,
    0xfc, 0x0, 0x0, 0x0, 0xff, 0xff, 0x80, 0x0,
    0x0, 0x1f, 0xff, 0xf0, 0x0, 0x0, 0x3, 0xff,
    0xfe, 0x0, 0x0, 0x0, 0x7f, 0xff, 0xc0, 0x0,
    0x0, 0xf, 0xff, 0xf8, 0x0, 0x0, 0x1, 0xff,
    0xff, 0x0, 0x0, 0x0, 0x3f, 0xff, 0xe0, 0x0,
    0x0, 0x7, 0xff, 0xfc, 0x0, 0x0, 0x0, 0xff,
    0xff, 0x80, 0x0, 0x0, 0x1f, 0xff, 0xf0, 0x0,
    0x0, 0x3, 0xff, 0xfe, 0x0, 0x0, 0x0, 0x7f,
    0xff, 0xc0, 0x0, 0x0, 0xf, 0xff, 0xf8, 0x0,
    0x0, 0x1, 0xff, 0xff, 0x0, 0x0, 0x0, 0x3f,
    0xff, 0xe0, 0x0, 0x0, 0x7, 0xff, 0xfc, 0x0,
    0x0, 0x0, 0xff, 0xff, 0x80, 0x0, 0x0, 0x1f,
    0xff, 0xf0, 0x0, 0x0, 0x3, 0xff, 0xfe, 0x0,
    0x0, 0x0, 0x7f, 0xff, 0xc0, 0x0, 0x0, 0xf,
    0xff, 0xf8, 0x0, 0x0, 0x1, 0xff, 0xff, 0x0,
    0x0, 0x0, 0x3f, 0xff, 0xe0, 0x0, 0x0, 0x7,
    0xff, 0xfc, 0x0, 0x0, 0x0, 0xff, 0xff, 0x80,
    0x0, 0x0, 0x1f, 0xff, 0xf0, 0x0, 0x0, 0x3,
    0xff, 0xfe, 0x0, 0x0, 0x0, 0x7f, 0xff, 0xc0,
    0x0, 0x0, 0xf, 0xff, 0xf8, 0x0, 0x0, 0x1,
    0xff, 0xff, 0x0, 0x0, 0x0, 0x3f, 0xff, 0xe0,
    0x0, 0x0, 0x7, 0xff, 0xfc, 0x0, 0x0, 0x0,
    0xff, 0xff, 0x80, 0x0, 0x0, 0x1f, 0xff, 0xf0,
    0x0, 0x0, 0x3, 0xff, 0xfe, 0x0, 0x0, 0x0,
    0x7f, 0xff, 0xc0, 0x0, 0x0, 0xf, 0xff, 0xf8,
    0x0, 0x0, 0x1, 0xff, 0xff, 0x0, 0x0, 0x0,
    0x3f, 0xff, 0xe0, 0x0, 0x0, 0x7, 0xff, 0xfc,
    0x0, 0x0, 0x0, 0xff, 0xff, 0x80, 0x0, 0x0,
    0x1f, 0xff, 0xf0, 0x0, 0x0, 0x3, 0xff, 0xfe,
    0x0, 0x0, 0x0, 0x7f, 0xff, 0xc0, 0x0, 0x0,
    0xf, 0xff, 0xf8, 0x0, 0x0, 0x1, 0xff, 0xff,
    0x0, 0x0, 0x0, 0x3f, 0xff, 0xe0, 0x0, 0x0,
    0x7, 0xff, 0xfc, 0x0, 0x0, 0x0, 0xff, 0xff,
    0x80, 0x0, 0x0, 0x1f, 0xff, 0xf0, 0x0, 0x0,
    0x3, 0xff, 0xfe, 0x0, 0x0, 0x0, 0x7f, 0xff,
    0xc0, 0x0, 0x0, 0xf, 0xff, 0xf8, 0x0, 0x0,

    /* U+00CF "Ï" */
    0xff, 0xff, 0xc1, 0xff, 0xff, 0xff, 0xff, 0xe0,
    0xff, 0xff, 0xff, 0xff, 0xf0, 0x7f, 0xff, 0xff,
    0xff, 0xf8, 0x3f, 0xff, 0xff, 0xff, 0xfc, 0x1f,
    0xff, 0xff, 0xff, 0xfe, 0xf, 0xff, 0xff, 0xff,
    0xff, 0x7, 0xff, 0xff, 0xff, 0xff, 0x83, 0xff,
    0xff, 0xff, 0xff, 0xc1, 0xff, 0xff, 0xff, 0xff,
    0xe0, 0xff, 0xff, 0xff, 0xff, 0xf0, 0x7f, 0xff,
    0xff, 0xff, 0xf8, 0x3f, 0xff, 0xff, 0xff, 0xfc,
    0x1f, 0xff, 0xff, 0xff, 0xfe, 0xf, 0xff, 0xfc,
    0x0, 0x0, 0x0, 0x0, 0x0, 0x0, 0x0, 0x0,
    0x0, 0x0, 0x0, 0x0, 0x0, 0x0, 0x0, 0x0,
    0x0, 0x0, 0x0, 0x0, 0x0, 0x0, 0x0, 0x0,
    0x0, 0x0, 0x1, 0xff, 0xff, 0x0, 0x0, 0x0,
    0xff, 0xff, 0x80, 0x0, 0x0, 0x7f, 0xff, 0xc0,
    0x0, 0x0, 0x3f, 0xff, 0xe0, 0x0, 0x0, 0x1f,
    0xff, 0xf0, 0x0, 0x0, 0xf, 0xff, 0xf8, 0x0,
    0x0, 0x7, 0xff, 0xfc, 0x0, 0x0, 0x3, 0xff,
    0xfe, 0x0, 0x0, 0x1, 0xff, 0xff, 0x0, 0x0,
    0x0, 0xff, 0xff, 0x80, 0x0, 0x0, 0x7f, 0xff,
    0xc0, 0x0, 0x0, 0x3f, 0xff, 0xe0, 0x0, 0x0,
    0x1f, 0xff, 0xf0, 0x0, 0x0, 0xf, 0xff, 0xf8,
    0x0, 0x0, 0x7, 0xff, 0xfc, 0x0, 0x0, 0x3,
    0xff, 0xfe, 0x0, 0x0, 0x1, 0xff, 0xff, 0x0,
    0x0, 0x0, 0xff, 0xff, 0x80, 0x0, 0x0, 0x7f,
    0xff, 0xc0, 0x0, 0x0, 0x3f, 0xff, 0xe0, 0x0,
    0x0, 0x1f, 0xff, 0xf0, 0x0, 0x0, 0xf, 0xff,
    0xf8, 0x0, 0x0, 0x7, 0xff, 0xfc, 0x0, 0x0,
    0x3, 0xff, 0xfe, 0x0, 0x0, 0x1, 0xff, 0xff,
    0x0, 0x0, 0x0, 0xff, 0xff, 0x80, 0x0, 0x0,
    0x7f, 0xff, 0xc0, 0x0, 0x0, 0x3f, 0xff, 0xe0,
    0x0, 0x0, 0x1f, 0xff, 0xf0, 0x0, 0x0, 0xf,
    0xff, 0xf8, 0x0, 0x0, 0x7, 0xff, 0xfc, 0x0,
    0x0, 0x3, 0xff, 0xfe, 0x0, 0x0, 0x1, 0xff,
    0xff, 0x0, 0x0, 0x0, 0xff, 0xff, 0x80, 0x0,
    0x0, 0x7f, 0xff, 0xc0, 0x0, 0x0, 0x3f, 0xff,
    0xe0, 0x0, 0x0, 0x1f, 0xff, 0xf0, 0x0, 0x0,
    0xf, 0xff, 0xf8, 0x0, 0x0, 0x7, 0xff, 0xfc,
    0x0, 0x0, 0x3, 0xff, 0xfe, 0x0, 0x0, 0x1,
    0xff, 0xff, 0x0, 0x0, 0x0, 0xff, 0xff, 0x80,
    0x0, 0x0, 0x7f, 0xff, 0xc0, 0x0, 0x0, 0x3f,
    0xff, 0xe0, 0x0, 0x0, 0x1f, 0xff, 0xf0, 0x0,
    0x0, 0xf, 0xff, 0xf8, 0x0, 0x0, 0x7, 0xff,
    0xfc, 0x0, 0x0, 0x3, 0xff, 0xfe, 0x0, 0x0,
    0x1, 0xff, 0xff, 0x0, 0x0, 0x0, 0xff, 0xff,
    0x80, 0x0, 0x0, 0x7f, 0xff, 0xc0, 0x0, 0x0,
    0x3f, 0xff, 0xe0, 0x0, 0x0, 0x1f, 0xff, 0xf0,
    0x0, 0x0, 0xf, 0xff, 0xf8, 0x0, 0x0, 0x7,
    0xff, 0xfc, 0x0, 0x0, 0x3, 0xff, 0xfe, 0x0,
    0x0, 0x1, 0xff, 0xff, 0x0, 0x0, 0x0, 0xff,
    0xff, 0x80, 0x0, 0x0, 0x7f, 0xff, 0xc0, 0x0,
    0x0, 0x3f, 0xff, 0xe0, 0x0, 0x0, 0x1f, 0xff,
    0xf0, 0x0, 0x0, 0xf, 0xff, 0xf8, 0x0, 0x0,
    0x7, 0xff, 0xfc, 0x0, 0x0, 0x3, 0xff, 0xfe,
    0x0, 0x0, 0x1, 0xff, 0xff, 0x0, 0x0, 0x0,
    0xff, 0xff, 0x80, 0x0, 0x0, 0x7f, 0xff, 0xc0,
    0x0, 0x0, 0x3f, 0xff, 0xe0, 0x0, 0x0, 0x1f,
    0xff, 0xf0, 0x0, 0x0, 0xf, 0xff, 0xf8, 0x0,
    0x0, 0x7, 0xff, 0xfc, 0x0, 0x0, 0x3, 0xff,
    0xfe, 0x0, 0x0, 0x1, 0xff, 0xff, 0x0, 0x0,
    0x0, 0xff, 0xff, 0x80, 0x0, 0x0, 0x7f, 0xff,
    0xc0, 0x0, 0x0, 0x3f, 0xff, 0xe0, 0x0, 0x0,
    0x1f, 0xff, 0xf0, 0x0, 0x0, 0xf, 0xff, 0xf8,
    0x0, 0x0, 0x7, 0xff, 0xfc, 0x0, 0x0, 0x3,
    0xff, 0xfe, 0x0, 0x0, 0x1, 0xff, 0xff, 0x0,
    0x0, 0x0, 0xff, 0xff, 0x80, 0x0, 0x0, 0x7f,
    0xff, 0xc0, 0x0, 0x0, 0x3f, 0xff, 0xe0, 0x0,
    0x0, 0x1f, 0xff, 0xf0, 0x0, 0x0, 0xf, 0xff,
    0xf8, 0x0, 0x0,

    /* U+00D0 "Ð" */
    0x1f, 0xff, 0xff, 0xff, 0x0, 0x0, 0x7f, 0xff,
    0xff, 0xff, 0xc0, 0x1, 0xff, 0xff, 0xff, 0xff,
    0xc0, 0x7, 0xff, 0xff, 0xff, 0xff, 0x80, 0x1f,
    0xff, 0xff, 0xff, 0xff, 0x80, 0x7f, 0xff, 0xff,
    0xff, 0xff, 0x1, 0xff, 0xff, 0xff, 0xff, 0xfc,
    0x7, 0xff, 0xff, 0xff, 0xff, 0xf8, 0x1f, 0xff,
    0xff, 0xff, 0xff, 0xf0, 0x7f, 0xff, 0xff, 0xff,
    0xff, 0xc1, 0xff, 0xff, 0xff, 0xff, 0xff, 0x7,
    0xff, 0xff, 0xff, 0xff, 0xfe, 0x1f, 0xff, 0xff,
    0xff, 0xff, 0xf8, 0x7f, 0xff, 0xff, 0xff, 0xff,
    0xe1, 0xff, 0xff, 0xff, 0xff, 0xff, 0xc7, 0xff,
    0xfe, 0xf, 0xff, 0xff, 0x1f, 0xff, 0xf8, 0x1f,
    0xff, 0xfc, 0x7f, 0xff, 0xe0, 0x3f, 0xff, 0xf1,
    0xff, 0xff, 0x80, 0xff, 0xff, 0xc7, 0xff, 0xfe,
    0x3, 0xff, 0xff, 0x1f, 0xff, 0xf8, 0xf, 0xff,
    0xfc, 0x7f, 0xff, 0xe0, 0x3f, 0xff, 0xf1, 0xff,
    0xff, 0x80, 0xff, 0xff, 0xc7, 0xff, 0xfe, 0x3,
    0xff, 0xff, 0x1f, 0xff, 0xf8, 0xf, 0xff, 0xfc,
    0x7f, 0xff, 0xe0, 0x3f, 0xff, 0xf1, 0xff, 0xff,
    0x80, 0xff, 0xff, 0xc7, 0xff, 0xfe, 0x3, 0xff,
    0xff, 0x1f, 0xff, 0xf8, 0xf, 0xff, 0xfc, 0x7f,
    0xff, 0xe0, 0x3f, 0xff, 0xf1, 0xff, 0xff, 0x80,
    0xff, 0xff, 0xc7, 0xff, 0xfe, 0x3, 0xff, 0xff,
    0x1f, 0xff, 0xf8, 0xf, 0xff, 0xfc, 0x7f, 0xff,
    0xe0, 0x3f, 0xff, 0xf1, 0xff, 0xff, 0x80, 0xff,
    0xff, 0xc7, 0xff, 0xfe, 0x3, 0xff, 0xff, 0xff,
    0xff, 0xff, 0x8f, 0xff, 0xff, 0xff, 0xff, 0xfe,
    0x3f, 0xff, 0xff, 0xff, 0xff, 0xf8, 0xff, 0xff,
    0xff, 0xff, 0xff, 0xe3, 0xff, 0xff, 0xff, 0xff,
    0xff, 0x8f, 0xff, 0xff, 0xff, 0xff, 0xfe, 0x3f,
    0xff, 0xff, 0xff, 0xff, 0xf8, 0xff, 0xff, 0xff,
    0xff, 0xff, 0xe3, 0xff, 0xff, 0xff, 0xff, 0xff,
    0x8f, 0xff, 0xff, 0xff, 0xff, 0xfe, 0x3f, 0xff,
    0xff, 0xff, 0xff, 0xf8, 0xff, 0xff, 0xc7, 0xff,
    0xfe, 0x3, 0xff, 0xff, 0x1f, 0xff, 0xf8, 0xf,
    0xff, 0xfc, 0x7f, 0xff, 0xe0, 0x3f, 0xff, 0xf1,
    0xff, 0xff, 0x80, 0xff, 0xff, 0xc7, 0xff, 0xfe,
    0x3, 0xff, 0xff, 0x1f, 0xff, 0xf8, 0xf, 0xff,
    0xfc, 0x7f, 0xff, 0xe0, 0x3f, 0xff, 0xf1, 0xff,
    0xff, 0x80, 0xff, 0xff, 0xc7, 0xff, 0xfe, 0x3,
    0xff, 0xff, 0x1f, 0xff, 0xf8, 0xf, 0xff, 0xfc,
    0x7f, 0xff, 0xe0, 0x3f, 0xff, 0xf1, 0xff, 0xff,
    0x80, 0xff, 0xff, 0xc7, 0xff, 0xfe, 0x3, 0xff,
    0xff, 0x1f, 0xff, 0xf8, 0xf, 0xff, 0xfc, 0x7f,
    0xff, 0xe0, 0x3f, 0xff, 0xf1, 0xff, 0xff, 0x80,
    0xff, 0xff, 0xc7, 0xff, 0xfe, 0x3, 0xff, 0xff,
    0x1f, 0xff, 0xf8, 0xf, 0xff, 0xfc, 0x7f, 0xff,
    0xe0, 0x3f, 0xff, 0xf1, 0xff, 0xff, 0x80, 0xff,
    0xff, 0xc7, 0xff, 0xfe, 0x3, 0xff, 0xff, 0x1f,
    0xff, 0xf8, 0xf, 0xff, 0xf8, 0x7f, 0xff, 0xe0,
    0x7f, 0xff, 0xe1, 0xff, 0xff, 0x83, 0xff, 0xff,
    0x87, 0xff, 0xff, 0xff, 0xff, 0xfe, 0x1f, 0xff,
    0xff, 0xff, 0xff, 0xf8, 0x7f, 0xff, 0xff, 0xff,
    0xff, 0xc1, 0xff, 0xff, 0xff, 0xff, 0xff, 0x7,
    0xff, 0xff, 0xff, 0xff, 0xfc, 0x1f, 0xff, 0xff,
    0xff, 0xff, 0xe0, 0x7f, 0xff, 0xff, 0xff, 0xff,
    0x81, 0xff, 0xff, 0xff, 0xff, 0xfc, 0x7, 0xff,
    0xff, 0xff, 0xff, 0xf0, 0x1f, 0xff, 0xff, 0xff,
    0xff, 0x80, 0x7f, 0xff, 0xff, 0xff, 0xfc, 0x1,
    0xff, 0xff, 0xff, 0xff, 0xe0, 0x7, 0xff, 0xff,
    0xff, 0xfe, 0x0, 0x1f, 0xff, 0xff, 0xff, 0xe0,
    0x0, 0x7f, 0xff, 0xff, 0xfc, 0x0, 0x0,

    /* U+00D1 "Ñ" */
    0x0, 0x3f, 0xc0, 0x0, 0x0, 0x0, 0x3f, 0xfe,
    0x0, 0x1e, 0x0, 0x1f, 0xff, 0xf0, 0xf, 0xf8,
    0xf, 0xff, 0xff, 0x7, 0xff, 0x7, 0xff, 0xff,
    0xff, 0xff, 0xc3, 0xff, 0xff, 0xff, 0xff, 0xe0,
    0xff, 0xff, 0xff, 0xff, 0xf8, 0x7f, 0xff, 0xff,
    0xff, 0xfc, 0x1f, 0xff, 0xff, 0xff, 0xff, 0xf,
    0xff, 0xff, 0xff, 0xff, 0x83, 0xff, 0xff, 0xff,
    0xff, 0xe0, 0x3f, 0xc1, 0xff, 0xff, 0xf0, 0x3,
    0xc0, 0x1f, 0xff, 0xf8, 0x0, 0x30, 0x0, 0xff,
    0xfc, 0x0, 0x0, 0x0, 0x7, 0xfc, 0x0, 0x0,
    0x0, 0x0, 0x0, 0x0, 0x0, 0x0, 0x0, 0x0,
    0x0, 0x0, 0x0, 0x0, 0x0, 0x0, 0x0, 0x0,
    0x0, 0x0, 0x0, 0x0, 0x0, 0x0, 0x0, 0x0,
    0x0, 0x0, 0x0, 0x0, 0x0, 0x0, 0x3f, 0xff,
    0xf0, 0x1f, 0xff, 0xff, 0xff, 0xfc, 0x7, 0xff,
    0xff, 0xff, 0xff, 0x1, 0xff, 0xff, 0xff, 0xff,
    0xc0, 0x7f, 0xff, 0xff, 0xff, 0xf8, 0x1f, 0xff,
    0xff, 0xff, 0xfe, 0x7, 0xff, 0xff, 0xff, 0xff,
    0x81, 0xff, 0xff, 0xff, 0xff, 0xe0, 0x7f, 0xff,
    0xff, 0xff, 0xf8, 0x1f, 0xff, 0xff, 0xff, 0xfe,
    0x7, 0xff, 0xff, 0xff, 0xff, 0xc1, 0xff, 0xff,
    0xff, 0xff, 0xf0, 0x7f, 0xff, 0xff, 0xff, 0xfc,
    0x1f, 0xff, 0xff, 0xff, 0xff, 0x7, 0xff, 0xff,
    0xff, 0xff, 0xc1, 0xff, 0xff, 0xff, 0xff, 0xf8,
    0x7f, 0xff, 0xff, 0xff, 0xfe, 0x1f, 0xff, 0xff,
    0xff, 0xff, 0x87, 0xff, 0xff, 0xff, 0xff, 0xe1,
    0xff, 0xff, 0xff, 0xff, 0xf8, 0x7f, 0xff, 0xff,
    0xff, 0xfe, 0x1f, 0xff, 0xff, 0xff, 0xff, 0xc7,
    0xff, 0xff, 0xff, 0xff, 0xf1, 0xff, 0xff, 0xff,
    0xff, 0xfc, 0x7f, 0xff, 0xff, 0xff, 0xff, 0x1f,
    0xff, 0xff, 0xff, 0xff, 0xc7, 0xff, 0xff, 0xff,
    0xff, 0xf1, 0xff, 0xff, 0xff, 0xff, 0xfe, 0x7f,
    0xff, 0xff, 0xff, 0xff, 0x9f, 0xff, 0xff, 0xff,
    0xff, 0xe7, 0xff, 0xff, 0xff, 0xff, 0xf9, 0xff,
    0xff, 0xff, 0xff, 0xfe, 0x7f, 0xff, 0xff, 0xff,
    0xff, 0x9f, 0xff, 0xff, 0xff, 0xff, 0xf7, 0xff,
    0xff, 0xff, 0xff, 0xfd, 0xff, 0xff, 0xff, 0xff,
    0xff, 0x7f, 0xff, 0xff, 0xff, 0xff, 0xdf, 0xff,
    0xff, 0xff, 0xff, 0xf7, 0xff, 0xff, 0xff, 0xff,
    0xff, 0xff, 0xff, 0xff, 0xff, 0xff, 0xff, 0xff,
    0xff, 0xff, 0xff, 0xff, 0xff, 0xff, 0xff, 0xff,
    0xff, 0xff, 0xff, 0xff, 0xff, 0xff, 0xff, 0xff,
    0xff, 0xff, 0xff, 0xff, 0xff, 0xff, 0xff, 0xff,
    0xff, 0xff, 0xff, 0xff, 0xff, 0xff, 0xff, 0xff,
    0xff, 0xfe, 0xff, 0xff, 0xff, 0xff, 0xff, 0xbf,
    0xff, 0xff, 0xff, 0xff, 0xef, 0xff, 0xff, 0xff,
    0xff, 0xfb, 0xff, 0xff, 0xff, 0xff, 0xfe, 0xff,
    0xff, 0xff, 0xff, 0xff, 0x9f, 0xff, 0xff, 0xff,
    0xff, 0xe7, 0xff, 0xff, 0xff, 0xff, 0xf9, 0xff,
    0xff, 0xff, 0xff, 0xfe, 0x7f, 0xff, 0xff, 0xff,
    0xff, 0x9f, 0xff, 0xff, 0xff, 0xff, 0xe7, 0xff,
    0xff, 0xff, 0xff, 0xf8, 0xff, 0xff, 0xff, 0xff,
    0xfe, 0x3f, 0xff, 0xff, 0xff, 0xff, 0x8f, 0xff,
    0xff, 0xff, 0xff, 0xe3, 0xff, 0xff, 0xff, 0xff,
    0xf8, 0xff, 0xff, 0xff, 0xff, 0xfe, 0x1f, 0xff,
    0xff, 0xff, 0xff, 0x87, 0xff, 0xff, 0xff, 0xff,
    0xe1, 0xff, 0xff, 0xff, 0xff, 0xf8, 0x7f, 0xff,
    0xff, 0xff, 0xfe, 0x1f, 0xff, 0xff, 0xff, 0xff,
    0x87, 0xff, 0xff, 0xff, 0xff, 0xe0, 0xff, 0xff,
    0xff, 0xff, 0xf8, 0x3f, 0xff, 0xff, 0xff, 0xfe,
    0xf, 0xff, 0xff, 0xff, 0xff, 0x83, 0xff, 0xff,
    0xff, 0xff, 0xe0, 0xff, 0xff, 0xff, 0xff, 0xf8,
    0x1f, 0xff, 0xff, 0xff, 0xfe, 0x7, 0xff, 0xff,
    0xff, 0xff, 0x81, 0xff, 0xff, 0xff, 0xff, 0xe0,
    0x7f, 0xff, 0xff, 0xff, 0xf8, 0x1f, 0xff, 0xff,
    0xff, 0xfe, 0x7, 0xff, 0xff, 0xff, 0xff, 0x80,
    0xff, 0xff, 0xff, 0xff, 0xe0, 0x3f, 0xff, 0xff,
    0xff, 0xf8, 0xf, 0xff, 0xff, 0xff, 0xfe, 0x3,
    0xff, 0xff, 0xff, 0xff, 0x80, 0xff, 0xff, 0xff,
    0xff, 0xe0, 0x1f, 0xff, 0xff, 0xff, 0xf8, 0x7,
    0xff, 0xfc,

    /* U+00D2 "Ò" */
    0x0, 0x30, 0x0, 0x0, 0x0, 0x0, 0xf, 0x0,
    0x0, 0x0, 0x0, 0x3, 0xf0, 0x0, 0x0, 0x0,
    0x0, 0xff, 0x0, 0x0, 0x0, 0x0, 0x3f, 0xf0,
    0x0, 0x0, 0x0, 0xf, 0xff, 0x80, 0x0, 0x0,
    0x3, 0xff, 0xf8, 0x0, 0x0, 0x0, 0xff, 0xff,
    0x80, 0x0, 0x0, 0x3f, 0xff, 0xf8, 0x0, 0x0,
    0xf, 0xff, 0xff, 0x80, 0x0, 0x3, 0xff, 0xff,
    0xf8, 0x0, 0x0, 0xff, 0xff, 0xfe, 0x0, 0x0,
    0x3f, 0xff, 0xff, 0x80, 0x0, 0xf, 0xff, 0xff,
    0xe0, 0x0, 0x3, 0xff, 0xff, 0xf8, 0x0, 0x0,
    0xff, 0xff, 0xfe, 0x0, 0x0, 0x3f, 0xff, 0xff,
    0x80, 0x0, 0x0, 0xff, 0xff, 0xe0, 0x0, 0x0,
    0x1, 0xff, 0xf8, 0x0, 0x0, 0x0, 0x3, 0xfe,
    0x0, 0x0, 0x0, 0x0, 0x7, 0x80, 0x0, 0x0,
    0x0, 0x0, 0x0, 0x0, 0x0, 0x0, 0x0, 0x0,
    0x0, 0x0, 0x7, 0xff, 0x80, 0x0, 0x0, 0xf,
    0xff, 0xfc, 0x0, 0x0, 0xf, 0xff, 0xff, 0xc0,
    0x0, 0xf, 0xff, 0xff, 0xfc, 0x0, 0x7, 0xff,
    0xff, 0xff, 0x80, 0x3, 0xff, 0xff, 0xff, 0xf0,
    0x1, 0xff, 0xff, 0xff, 0xfe, 0x0, 0xff, 0xff,
    0xff, 0xff, 0xc0, 0x7f, 0xff, 0xff, 0xff, 0xf8,
    0x1f, 0xff, 0xff, 0xff, 0xfe, 0xf, 0xff, 0xff,
    0xff, 0xff, 0xc3, 0xff, 0xff, 0xff, 0xff, 0xf1,
    0xff, 0xff, 0xff, 0xff, 0xfe, 0x7f, 0xff, 0xff,
    0xff, 0xff, 0x9f, 0xff, 0xff, 0xff, 0xff, 0xe7,
    0xff, 0xff, 0xff, 0xff, 0xfb, 0xff, 0xff, 0x87,
    0xff, 0xff, 0xff, 0xff, 0xc0, 0xff, 0xff, 0xff,
    0xff, 0xf0, 0x3f, 0xff, 0xff, 0xff, 0xf8, 0x7,
    0xff, 0xff, 0xff, 0xfe, 0x1, 0xff, 0xff, 0xff,
    0xff, 0x80, 0x7f, 0xff, 0xff, 0xff, 0xe0, 0x1f,
    0xff, 0xff, 0xff, 0xf8, 0x7, 0xff, 0xff, 0xff,
    0xfe, 0x1, 0xff, 0xff, 0xff, 0xff, 0x80, 0x7f,
    0xff, 0xff, 0xff, 0xe0, 0x1f, 0xff, 0xff, 0xff,
    0xf8, 0x7, 0xff, 0xff, 0xff, 0xfe, 0x1, 0xff,
    0xff, 0xff, 0xff, 0x80, 0x7f, 0xff, 0xff, 0xff,
    0xe0, 0x1f, 0xff, 0xff, 0xff, 0xf8, 0x7, 0xff,
    0xff, 0xff, 0xfe, 0x1, 0xff, 0xff, 0xff, 0xff,
    0x80, 0x7f, 0xff, 0xff, 0xff, 0xe0, 0x1f, 0xff,
    0xff, 0xff, 0xf8, 0x7, 0xff, 0xff, 0xff, 0xfe,
    0x1, 0xff, 0xff, 0xff, 0xff, 0x80, 0x7f, 0xff,
    0xff, 0xff, 0xe0, 0x1f, 0xff, 0xff, 0xff, 0xf8,
    0x7, 0xff, 0xff, 0xff, 0xfe, 0x1, 0xff, 0xff,
    0xff, 0xff, 0x80, 0x7f, 0xff, 0xff, 0xff, 0xe0,
    0x1f, 0xff, 0xff, 0xff, 0xf8, 0x7, 0xff, 0xff,
    0xff, 0xfe, 0x1, 0xff, 0xff, 0xff, 0xff, 0x80,
    0x7f, 0xff, 0xff, 0xff, 0xe0, 0x1f, 0xff, 0xff,
    0xff, 0xf8, 0x7, 0xff, 0xff, 0xff, 0xfe, 0x1,
    0xff, 0xff, 0xff, 0xff, 0x80, 0x7f, 0xff, 0xff,
    0xff, 0xe0, 0x1f, 0xff, 0xff, 0xff, 0xf8, 0x7,
    0xff, 0xff, 0xff, 0xfe, 0x1, 0xff, 0xff, 0xff,
    0xff, 0x80, 0x7f, 0xff, 0xff, 0xff, 0xe0, 0x1f,
    0xff, 0xff, 0xff, 0xf8, 0x7, 0xff, 0xff, 0xff,
    0xfe, 0x1, 0xff, 0xff, 0xff, 0xff, 0x80, 0x7f,
    0xff, 0xff, 0xff, 0xe0, 0x1f, 0xff, 0xff, 0xff,
    0xf8, 0x7, 0xff, 0xff, 0xff, 0xfe, 0x1, 0xff,
    0xff, 0xff, 0xff, 0x80, 0x7f, 0xff, 0xff, 0xff,
    0xe0, 0x1f, 0xff, 0xff, 0xff, 0xf8, 0x7, 0xff,
    0xff, 0xff, 0xfe, 0x1, 0xff, 0xff, 0xff, 0xff,
    0x80, 0x7f, 0xff, 0xff, 0xff, 0xe0, 0x1f, 0xff,
    0xff, 0xff, 0xf8, 0x7, 0xff, 0xff, 0xff, 0xfe,
    0x1, 0xff, 0xff, 0xff, 0xff, 0xc0, 0xff, 0xff,
    0xdf, 0xff, 0xf0, 0x3f, 0xff, 0xe7, 0xff, 0xfe,
    0x1f, 0xff, 0xf9, 0xff, 0xff, 0xff, 0xff, 0xfe,
    0x7f, 0xff, 0xff, 0xff, 0xff, 0x9f, 0xff, 0xff,
    0xff, 0xff, 0xe3, 0xff, 0xff, 0xff, 0xff, 0xf0,
    0xff, 0xff, 0xff, 0xff, 0xfc, 0x1f, 0xff, 0xff,
    0xff, 0xfe, 0x7, 0xff, 0xff, 0xff, 0xff, 0x80,
    0xff, 0xff, 0xff, 0xff, 0xc0, 0x3f, 0xff, 0xff,
    0xff, 0xf0, 0x7, 0xff, 0xff, 0xff, 0xf8, 0x0,
    0xff, 0xff, 0xff, 0xfc, 0x0, 0x1f, 0xff, 0xff,
    0xfe, 0x0, 0x3, 0xff, 0xff, 0xff, 0x0, 0x0,
    0x3f, 0xff, 0xff, 0x0, 0x0, 0x3, 0xff, 0xff,
    0x0, 0x0, 0x0, 0x1f, 0xfc, 0x0, 0x0,

    /* U+00D3 "Ó" */
    0x0, 0x0, 0x0, 0x1, 0x80, 0x0, 0x0, 0x0,
    0x1, 0xe0, 0x0, 0x0, 0x0, 0x1, 0xf8, 0x0,
    0x0, 0x0, 0x1, 0xfe, 0x0, 0x0, 0x0, 0x1,
    0xff, 0x80, 0x0, 0x0, 0x3, 0xff, 0xe0, 0x0,
    0x0, 0x3, 0xff, 0xf8, 0x0, 0x0, 0x3, 0xff,
    0xfe, 0x0, 0x0, 0x3, 0xff, 0xff, 0x80, 0x0,
    0x3, 0xff, 0xff, 0xe0, 0x0, 0x3, 0xff, 0xff,
    0xf8, 0x0, 0x0, 0xff, 0xff, 0xfe, 0x0, 0x0,
    0x3f, 0xff, 0xff, 0x80, 0x0, 0xf, 0xff, 0xff,
    0xe0, 0x0, 0x3, 0xff, 0xff, 0xf8, 0x0, 0x0,
    0xff, 0xff, 0xfe, 0x0, 0x0, 0x3f, 0xff, 0xff,
    0x80, 0x0, 0xf, 0xff, 0xfe, 0x0, 0x0, 0x3,
    0xff, 0xf0, 0x0, 0x0, 0x0, 0xff, 0x80, 0x0,
    0x0, 0x0, 0x3c, 0x0, 0x0, 0x0, 0x0, 0x0,
    0x0, 0x0, 0x0, 0x0, 0x0, 0x0, 0x0, 0x0,
    0x0, 0x0, 0x7, 0xff, 0x80, 0x0, 0x0, 0xf,
    0xff, 0xfc, 0x0, 0x0, 0xf, 0xff, 0xff, 0xc0,
    0x0, 0xf, 0xff, 0xff, 0xfc, 0x0, 0x7, 0xff,
    0xff, 0xff, 0x80, 0x3, 0xff, 0xff, 0xff, 0xf0,
    0x1, 0xff, 0xff, 0xff, 0xfe, 0x0, 0xff, 0xff,
    0xff, 0xff, 0xc0, 0x7f, 0xff, 0xff, 0xff, 0xf8,
    0x1f, 0xff, 0xff, 0xff, 0xfe, 0xf, 0xff, 0xff,
    0xff, 0xff, 0xc3, 0xff, 0xff, 0xff, 0xff, 0xf1,
    0xff, 0xff, 0xff, 0xff, 0xfe, 0x7f, 0xff, 0xff,
    0xff, 0xff, 0x9f, 0xff, 0xff, 0xff, 0xff, 0xe7,
    0xff, 0xff, 0xff, 0xff, 0xfb, 0xff, 0xff, 0x87,
    0xff, 0xff, 0xff, 0xff, 0xc0, 0xff, 0xff, 0xff,
    0xff, 0xf0, 0x3f, 0xff, 0xff, 0xff, 0xf8, 0x7,
    0xff, 0xff, 0xff, 0xfe, 0x1, 0xff, 0xff, 0xff,
    0xff, 0x80, 0x7f, 0xff, 0xff, 0xff, 0xe0, 0x1f,
    0xff, 0xff, 0xff, 0xf8, 0x7, 0xff, 0xff, 0xff,
    0xfe, 0x1, 0xff, 0xff, 0xff, 0xff, 0x80, 0x7f,
    0xff, 0xff, 0xff, 0xe0, 0x1f, 0xff, 0xff, 0xff,
    0xf8, 0x7, 0xff, 0xff, 0xff, 0xfe, 0x1, 0xff,
    0xff, 0xff, 0xff, 0x80, 0x7f, 0xff, 0xff, 0xff,
    0xe0, 0x1f, 0xff, 0xff, 0xff, 0xf8, 0x7, 0xff,
    0xff, 0xff, 0xfe, 0x1, 0xff, 0xff, 0xff, 0xff,
    0x80, 0x7f, 0xff, 0xff, 0xff, 0xe0, 0x1f, 0xff,
    0xff, 0xff, 0xf8, 0x7, 0xff, 0xff, 0xff, 0xfe,
    0x1, 0xff, 0xff, 0xff, 0xff, 0x80, 0x7f, 0xff,
    0xff, 0xff, 0xe0, 0x1f, 0xff, 0xff, 0xff, 0xf8,
    0x7, 0xff, 0xff, 0xff, 0xfe, 0x1, 0xff, 0xff,
    0xff, 0xff, 0x80, 0x7f, 0xff, 0xff, 0xff, 0xe0,
    0x1f, 0xff, 0xff, 0xff, 0xf8, 0x7, 0xff, 0xff,
    0xff, 0xfe, 0x1, 0xff, 0xff, 0xff, 0xff, 0x80,
    0x7f, 0xff, 0xff, 0xff, 0xe0, 0x1f, 0xff, 0xff,
    0xff, 0xf8, 0x7, 0xff, 0xff, 0xff, 0xfe, 0x1,
    0xff, 0xff, 0xff, 0xff, 0x80, 0x7f, 0xff, 0xff,
    0xff, 0xe0, 0x1f, 0xff, 0xff, 0xff, 0xf8, 0x7,
    0xff, 0xff, 0xff, 0xfe, 0x1, 0xff, 0xff, 0xff,
    0xff, 0x80, 0x7f, 0xff, 0xff, 0xff, 0xe0, 0x1f,
    0xff, 0xff, 0xff, 0xf8, 0x7, 0xff, 0xff, 0xff,
    0xfe, 0x1, 0xff, 0xff, 0xff, 0xff, 0x80, 0x7f,
    0xff, 0xff, 0xff, 0xe0, 0x1f, 0xff, 0xff, 0xff,
    0xf8, 0x7, 0xff, 0xff, 0xff, 0xfe, 0x1, 0xff,
    0xff, 0xff, 0xff, 0x80, 0x7f, 0xff, 0xff, 0xff,
    0xe0, 0x1f, 0xff, 0xff, 0xff, 0xf8, 0x7, 0xff,
    0xff, 0xff, 0xfe, 0x1, 0xff, 0xff, 0xff, 0xff,
    0x80, 0x7f, 0xff, 0xff, 0xff, 0xe0, 0x1f, 0xff,
    0xff, 0xff, 0xf8, 0x7, 0xff, 0xff, 0xff, 0xfe,
    0x1, 0xff, 0xff, 0xff, 0xff, 0xc0, 0xff, 0xff,
    0xdf, 0xff, 0xf0, 0x3f, 0xff, 0xe7, 0xff, 0xfe,
    0x1f, 0xff, 0xf9, 0xff, 0xff, 0xff, 0xff, 0xfe,
    0x7f, 0xff, 0xff, 0xff, 0xff, 0x9f, 0xff, 0xff,
    0xff, 0xff, 0xe3, 0xff, 0xff, 0xff, 0xff, 0xf0,
    0xff, 0xff, 0xff, 0xff, 0xfc, 0x1f, 0xff, 0xff,
    0xff, 0xfe, 0x7, 0xff, 0xff, 0xff, 0xff, 0x80,
    0xff, 0xff, 0xff, 0xff, 0xc0, 0x3f, 0xff, 0xff,
    0xff, 0xf0, 0x7, 0xff, 0xff, 0xff, 0xf8, 0x0,
    0xff, 0xff, 0xff, 0xfc, 0x0, 0x1f, 0xff, 0xff,
    0xfe, 0x0, 0x3, 0xff, 0xff, 0xff, 0x0, 0x0,
    0x3f, 0xff, 0xff, 0x0, 0x0, 0x3, 0xff, 0xff,
    0x0, 0x0, 0x0, 0x1f, 0xfc, 0x0, 0x0,

    /* U+00D4 "Ô" */
    0x0, 0x1f, 0xff, 0xfe, 0x0, 0x0, 0x7, 0xff,
    0xff, 0xe0, 0x0, 0x0, 0xff, 0xff, 0xfc, 0x0,
    0x0, 0x3f, 0xff, 0xff, 0xc0, 0x0, 0xf, 0xff,
    0xff, 0xfc, 0x0, 0x1, 0xff, 0xff, 0xff, 0x80,
    0x0, 0x7f, 0xff, 0xff, 0xf8, 0x0, 0xf, 0xff,
    0x9f, 0xff, 0x80, 0x3, 0xff, 0xf3, 0xff, 0xf0,
    0x0, 0xff, 0xfe, 0x7f, 0xff, 0x0, 0x1f, 0xff,
    0xc7, 0xff, 0xe0, 0x7, 0xff, 0xf0, 0xff, 0xfe,
    0x1, 0xff, 0xfe, 0x1f, 0xff, 0xe0, 0x3f, 0xff,
    0xc3, 0xff, 0xfc, 0xf, 0xff, 0xf0, 0x3f, 0xff,
    0xc1, 0xff, 0xfe, 0x7, 0xff, 0xf8, 0x7f, 0xff,
    0xc0, 0xff, 0xff, 0x9f, 0xff, 0xf0, 0xf, 0xff,
    0xfb, 0xff, 0xfe, 0x1, 0xff, 0xff, 0x0, 0x0,
    0x0, 0x0, 0x0, 0x0, 0x0, 0x0, 0x0, 0x0,
    0x0, 0x0, 0x0, 0x0, 0x0, 0x0, 0x0, 0x0,
    0x7f, 0xf8, 0x0, 0x0, 0x0, 0x7f, 0xff, 0xe0,
    0x0, 0x0, 0x3f, 0xff, 0xff, 0x0, 0x0, 0x1f,
    0xff, 0xff, 0xf8, 0x0, 0x7, 0xff, 0xff, 0xff,
    0x80, 0x1, 0xff, 0xff, 0xff, 0xf8, 0x0, 0x7f,
    0xff, 0xff, 0xff, 0x80, 0x1f, 0xff, 0xff, 0xff,
    0xf8, 0x7, 0xff, 0xff, 0xff, 0xff, 0x80, 0xff,
    0xff, 0xff, 0xff, 0xf0, 0x3f, 0xff, 0xff, 0xff,
    0xff, 0x7, 0xff, 0xff, 0xff, 0xff, 0xe1, 0xff,
    0xff, 0xff, 0xff, 0xfe, 0x3f, 0xff, 0xff, 0xff,
    0xff, 0xc7, 0xff, 0xff, 0xff, 0xff, 0xf8, 0xff,
    0xff, 0xff, 0xff, 0xff, 0x3f, 0xff, 0xf8, 0x7f,
    0xff, 0xf7, 0xff, 0xfe, 0x7, 0xff, 0xfe, 0xff,
    0xff, 0xc0, 0xff, 0xff, 0xdf, 0xff, 0xf0, 0xf,
    0xff, 0xfb, 0xff, 0xfe, 0x1, 0xff, 0xff, 0x7f,
    0xff, 0xc0, 0x3f, 0xff, 0xef, 0xff, 0xf8, 0x7,
    0xff, 0xfd, 0xff, 0xff, 0x0, 0xff, 0xff, 0xbf,
    0xff, 0xe0, 0x1f, 0xff, 0xf7, 0xff, 0xfc, 0x3,
    0xff, 0xfe, 0xff, 0xff, 0x80, 0x7f, 0xff, 0xdf,
    0xff, 0xf0, 0xf, 0xff, 0xfb, 0xff, 0xfe, 0x1,
    0xff, 0xff, 0x7f, 0xff, 0xc0, 0x3f, 0xff, 0xef,
    0xff, 0xf8, 0x7, 0xff, 0xfd, 0xff, 0xff, 0x0,
    0xff, 0xff, 0xbf, 0xff, 0xe0, 0x1f, 0xff, 0xf7,
    0xff, 0xfc, 0x3, 0xff, 0xfe, 0xff, 0xff, 0x80,
    0x7f, 0xff, 0xdf, 0xff, 0xf0, 0xf, 0xff, 0xfb,
    0xff, 0xfe, 0x1, 0xff, 0xff, 0x7f, 0xff, 0xc0,
    0x3f, 0xff, 0xef, 0xff, 0xf8, 0x7, 0xff, 0xfd,
    0xff, 0xff, 0x0, 0xff, 0xff, 0xbf, 0xff, 0xe0,
    0x1f, 0xff, 0xf7, 0xff, 0xfc, 0x3, 0xff, 0xfe,
    0xff, 0xff, 0x80, 0x7f, 0xff, 0xdf, 0xff, 0xf0,
    0xf, 0xff, 0xfb, 0xff, 0xfe, 0x1, 0xff, 0xff,
    0x7f, 0xff, 0xc0, 0x3f, 0xff, 0xef, 0xff, 0xf8,
    0x7, 0xff, 0xfd, 0xff, 0xff, 0x0, 0xff, 0xff,
    0xbf, 0xff, 0xe0, 0x1f, 0xff, 0xf7, 0xff, 0xfc,
    0x3, 0xff, 0xfe, 0xff, 0xff, 0x80, 0x7f, 0xff,
    0xdf, 0xff, 0xf0, 0xf, 0xff, 0xfb, 0xff, 0xfe,
    0x1, 0xff, 0xff, 0x7f, 0xff, 0xc0, 0x3f, 0xff,
    0xef, 0xff, 0xf8, 0x7, 0xff, 0xfd, 0xff, 0xff,
    0x0, 0xff, 0xff, 0xbf, 0xff, 0xe0, 0x1f, 0xff,
    0xf7, 0xff, 0xfc, 0x3, 0xff, 0xfe, 0xff, 0xff,
    0x80, 0x7f, 0xff, 0xdf, 0xff, 0xf0, 0xf, 0xff,
    0xfb, 0xff, 0xfe, 0x1, 0xff, 0xff, 0x7f, 0xff,
    0xc0, 0x3f, 0xff, 0xef, 0xff, 0xf8, 0x7, 0xff,
    0xfd, 0xff, 0xff, 0x0, 0xff, 0xff, 0xbf, 0xff,
    0xe0, 0x1f, 0xff, 0xf7, 0xff, 0xfc, 0x3, 0xff,
    0xfe, 0xff, 0xff, 0x80, 0x7f, 0xff, 0xdf, 0xff,
    0xf0, 0xf, 0xff, 0xfb, 0xff, 0xfe, 0x1, 0xff,
    0xff, 0x7f, 0xff, 0xe0, 0x7f, 0xff, 0xe7, 0xff,
    0xfc, 0xf, 0xff, 0xf8, 0xff, 0xff, 0xc3, 0xff,
    0xff, 0x1f, 0xff, 0xff, 0xff, 0xff, 0xe3, 0xff,
    0xff, 0xff, 0xff, 0xfc, 0x7f, 0xff, 0xff, 0xff,
    0xff, 0x87, 0xff, 0xff, 0xff, 0xff, 0xe0, 0xff,
    0xff, 0xff, 0xff, 0xfc, 0xf, 0xff, 0xff, 0xff,
    0xff, 0x1, 0xff, 0xff, 0xff, 0xff, 0xe0, 0x1f,
    0xff, 0xff, 0xff, 0xf8, 0x3, 0xff, 0xff, 0xff,
    0xff, 0x0, 0x3f, 0xff, 0xff, 0xff, 0xc0, 0x3,
    0xff, 0xff, 0xff, 0xf0, 0x0, 0x3f, 0xff, 0xff,
    0xfc, 0x0, 0x3, 0xff, 0xff, 0xff, 0x0, 0x0,
    0x1f, 0xff, 0xff, 0x80, 0x0, 0x0, 0xff, 0xff,
    0xc0, 0x0, 0x0, 0x3, 0xff, 0x80, 0x0, 0x0,

    /* U+00D5 "Õ" */
    0x0, 0x7f, 0x80, 0x0, 0x0, 0x0, 0x7f, 0xfc,
    0x0, 0x18, 0x0, 0x3f, 0xff, 0xc0, 0xf, 0xc0,
    0x1f, 0xff, 0xfc, 0x7, 0xfc, 0xf, 0xff, 0xff,
    0xc3, 0xff, 0x83, 0xff, 0xff, 0xff, 0xff, 0xc1,
    0xff, 0xff, 0xff, 0xff, 0xf0, 0xff, 0xff, 0xff,
    0xff, 0xfc, 0x3f, 0xff, 0xff, 0xff, 0xfe, 0xf,
    0xff, 0xff, 0xff, 0xff, 0x87, 0xff, 0xff, 0xff,
    0xff, 0xc0, 0x7f, 0x87, 0xff, 0xff, 0xe0, 0xf,
    0xc0, 0x3f, 0xff, 0xf8, 0x0, 0xe0, 0x3, 0xff,
    0xfc, 0x0, 0x0, 0x0, 0x3f, 0xfe, 0x0, 0x0,
    0x0, 0x1, 0xfc, 0x0, 0x0, 0x0, 0x0, 0x0,
    0x0, 0x0, 0x0, 0x0, 0x0, 0x0, 0x0, 0x0,
    0x0, 0x0, 0x0, 0x0, 0x0, 0x0, 0x0, 0x0,
    0x0, 0x0, 0x1, 0xff, 0xe0, 0x0, 0x0, 0x3,
    0xff, 0xff, 0x0, 0x0, 0x3, 0xff, 0xff, 0xf0,
    0x0, 0x3, 0xff, 0xff, 0xff, 0x0, 0x1, 0xff,
    0xff, 0xff, 0xe0, 0x0, 0xff, 0xff, 0xff, 0xfc,
    0x0, 0x7f, 0xff, 0xff, 0xff, 0x80, 0x3f, 0xff,
    0xff, 0xff, 0xf0, 0x1f, 0xff, 0xff, 0xff, 0xfe,
    0x7, 0xff, 0xff, 0xff, 0xff, 0x83, 0xff, 0xff,
    0xff, 0xff, 0xf0, 0xff, 0xff, 0xff, 0xff, 0xfc,
    0x7f, 0xff, 0xff, 0xff, 0xff, 0x9f, 0xff, 0xff,
    0xff, 0xff, 0xe7, 0xff, 0xff, 0xff, 0xff, 0xf9,
    0xff, 0xff, 0xff, 0xff, 0xfe, 0xff, 0xff, 0xe1,
    0xff, 0xff, 0xff, 0xff, 0xf0, 0x3f, 0xff, 0xff,
    0xff, 0xfc, 0xf, 0xff, 0xff, 0xff, 0xfe, 0x1,
    0xff, 0xff, 0xff, 0xff, 0x80, 0x7f, 0xff, 0xff,
    0xff, 0xe0, 0x1f, 0xff, 0xff, 0xff, 0xf8, 0x7,
    0xff, 0xff, 0xff, 0xfe, 0x1, 0xff, 0xff, 0xff,
    0xff, 0x80, 0x7f, 0xff, 0xff, 0xff, 0xe0, 0x1f,
    0xff, 0xff, 0xff, 0xf8, 0x7, 0xff, 0xff, 0xff,
    0xfe, 0x1, 0xff, 0xff, 0xff, 0xff, 0x80, 0x7f,
    0xff, 0xff, 0xff, 0xe0, 0x1f, 0xff, 0xff, 0xff,
    0xf8, 0x7, 0xff, 0xff, 0xff, 0xfe, 0x1, 0xff,
    0xff, 0xff, 0xff, 0x80, 0x7f, 0xff, 0xff, 0xff,
    0xe0, 0x1f, 0xff, 0xff, 0xff, 0xf8, 0x7, 0xff,
    0xff, 0xff, 0xfe, 0x1, 0xff, 0xff, 0xff, 0xff,
    0x80, 0x7f, 0xff, 0xff, 0xff, 0xe0, 0x1f, 0xff,
    0xff, 0xff, 0xf8, 0x7, 0xff, 0xff, 0xff, 0xfe,
    0x1, 0xff, 0xff, 0xff, 0xff, 0x80, 0x7f, 0xff,
    0xff, 0xff, 0xe0, 0x1f, 0xff, 0xff, 0xff, 0xf8,
    0x7, 0xff, 0xff, 0xff, 0xfe, 0x1, 0xff, 0xff,
    0xff, 0xff, 0x80, 0x7f, 0xff, 0xff, 0xff, 0xe0,
    0x1f, 0xff, 0xff, 0xff, 0xf8, 0x7, 0xff, 0xff,
    0xff, 0xfe, 0x1, 0xff, 0xff, 0xff, 0xff, 0x80,
    0x7f, 0xff, 0xff, 0xff, 0xe0, 0x1f, 0xff, 0xff,
    0xff, 0xf8, 0x7, 0xff, 0xff, 0xff, 0xfe, 0x1,
    0xff, 0xff, 0xff, 0xff, 0x80, 0x7f, 0xff, 0xff,
    0xff, 0xe0, 0x1f, 0xff, 0xff, 0xff, 0xf8, 0x7,
    0xff, 0xff, 0xff, 0xfe, 0x1, 0xff, 0xff, 0xff,
    0xff, 0x80, 0x7f, 0xff, 0xff, 0xff, 0xe0, 0x1f,
    0xff, 0xff, 0xff, 0xf8, 0x7, 0xff, 0xff, 0xff,
    0xfe, 0x1, 0xff, 0xff, 0xff, 0xff, 0x80, 0x7f,
    0xff, 0xff, 0xff, 0xe0, 0x1f, 0xff, 0xff, 0xff,
    0xf8, 0x7, 0xff, 0xff, 0xff, 0xfe, 0x1, 0xff,
    0xff, 0xff, 0xff, 0x80, 0x7f, 0xff, 0xff, 0xff,
    0xe0, 0x1f, 0xff, 0xff, 0xff, 0xf8, 0x7, 0xff,
    0xff, 0xff, 0xfe, 0x1, 0xff, 0xff, 0xff, 0xff,
    0x80, 0x7f, 0xff, 0xff, 0xff, 0xf0, 0x3f, 0xff,
    0xf7, 0xff, 0xfc, 0xf, 0xff, 0xf9, 0xff, 0xff,
    0x87, 0xff, 0xfe, 0x7f, 0xff, 0xff, 0xff, 0xff,
    0x9f, 0xff, 0xff, 0xff, 0xff, 0xe7, 0xff, 0xff,
    0xff, 0xff, 0xf8, 0xff, 0xff, 0xff, 0xff, 0xfc,
    0x3f, 0xff, 0xff, 0xff, 0xff, 0x7, 0xff, 0xff,
    0xff, 0xff, 0x81, 0xff, 0xff, 0xff, 0xff, 0xe0,
    0x3f, 0xff, 0xff, 0xff, 0xf0, 0xf, 0xff, 0xff,
    0xff, 0xfc, 0x1, 0xff, 0xff, 0xff, 0xfe, 0x0,
    0x3f, 0xff, 0xff, 0xff, 0x0, 0x7, 0xff, 0xff,
    0xff, 0x80, 0x0, 0xff, 0xff, 0xff, 0xc0, 0x0,
    0xf, 0xff, 0xff, 0xc0, 0x0, 0x0, 0xff, 0xff,
    0xc0, 0x0, 0x0, 0x7, 0xff, 0x0, 0x0,

    /* U+00D6 "Ö" */
    0xff, 0xff, 0xc0, 0xff, 0xff, 0xff, 0xff, 0xf0,
    0x3f, 0xff, 0xff, 0xff, 0xfc, 0xf, 0xff, 0xff,
    0xff, 0xff, 0x3, 0xff, 0xff, 0xff, 0xff, 0xc0,
    0xff, 0xff, 0xff, 0xff, 0xf0, 0x3f, 0xff, 0xff,
    0xff, 0xfc, 0xf, 0xff, 0xff, 0xff, 0xff, 0x3,
    0xff, 0xff, 0xff, 0xff, 0xc0, 0xff, 0xff, 0xff,
    0xff, 0xf0, 0x3f, 0xff, 0xff, 0xff, 0xfc, 0xf,
    0xff, 0xff, 0xff, 0xff, 0x3, 0xff, 0xff, 0xff,
    0xff, 0xc0, 0xff, 0xff, 0xff, 0xff, 0xf0, 0x3f,
    0xff, 0xf0, 0x0, 0x0, 0x0, 0x0, 0x0, 0x0,
    0x0, 0x0, 0x0, 0x0, 0x0, 0x0, 0x0, 0x0,
    0x0, 0x0, 0x0, 0x0, 0x0, 0x0, 0x0, 0x0,
    0x1f, 0xfe, 0x0, 0x0, 0x0, 0x3f, 0xff, 0xf0,
    0x0, 0x0, 0x3f, 0xff, 0xff, 0x0, 0x0, 0x3f,
    0xff, 0xff, 0xf0, 0x0, 0x1f, 0xff, 0xff, 0xfe,
    0x0, 0xf, 0xff, 0xff, 0xff, 0xc0, 0x7, 0xff,
    0xff, 0xff, 0xf8, 0x3, 0xff, 0xff, 0xff, 0xff,
    0x1, 0xff, 0xff, 0xff, 0xff, 0xe0, 0x7f, 0xff,
    0xff, 0xff, 0xf8, 0x3f, 0xff, 0xff, 0xff, 0xff,
    0xf, 0xff, 0xff, 0xff, 0xff, 0xc7, 0xff, 0xff,
    0xff, 0xff, 0xf9, 0xff, 0xff, 0xff, 0xff, 0xfe,
    0x7f, 0xff, 0xff, 0xff, 0xff, 0x9f, 0xff, 0xff,
    0xff, 0xff, 0xef, 0xff, 0xfe, 0x1f, 0xff, 0xff,
    0xff, 0xff, 0x3, 0xff, 0xff, 0xff, 0xff, 0xc0,
    0xff, 0xff, 0xff, 0xff, 0xe0, 0x1f, 0xff, 0xff,
    0xff, 0xf8, 0x7, 0xff, 0xff, 0xff, 0xfe, 0x1,
    0xff, 0xff, 0xff, 0xff, 0x80, 0x7f, 0xff, 0xff,
    0xff, 0xe0, 0x1f, 0xff, 0xff, 0xff, 0xf8, 0x7,
    0xff, 0xff, 0xff, 0xfe, 0x1, 0xff, 0xff, 0xff,
    0xff, 0x80, 0x7f, 0xff, 0xff, 0xff, 0xe0, 0x1f,
    0xff, 0xff, 0xff, 0xf8, 0x7, 0xff, 0xff, 0xff,
    0xfe, 0x1, 0xff, 0xff, 0xff, 0xff, 0x80, 0x7f,
    0xff, 0xff, 0xff, 0xe0, 0x1f, 0xff, 0xff, 0xff,
    0xf8, 0x7, 0xff, 0xff, 0xff, 0xfe, 0x1, 0xff,
    0xff, 0xff, 0xff, 0x80, 0x7f, 0xff, 0xff, 0xff,
    0xe0, 0x1f, 0xff, 0xff, 0xff, 0xf8, 0x7, 0xff,
    0xff, 0xff, 0xfe, 0x1, 0xff, 0xff, 0xff, 0xff,
    0x80, 0x7f, 0xff, 0xff, 0xff, 0xe0, 0x1f, 0xff,
    0xff, 0xff, 0xf8, 0x7, 0xff, 0xff, 0xff, 0xfe,
    0x1, 0xff, 0xff, 0xff, 0xff, 0x80, 0x7f, 0xff,
    0xff, 0xff, 0xe0, 0x1f, 0xff, 0xff, 0xff, 0xf8,
    0x7, 0xff, 0xff, 0xff, 0xfe, 0x1, 0xff, 0xff,
    0xff, 0xff, 0x80, 0x7f, 0xff, 0xff, 0xff, 0xe0,
    0x1f, 0xff, 0xff, 0xff, 0xf8, 0x7, 0xff, 0xff,
    0xff, 0xfe, 0x1, 0xff, 0xff, 0xff, 0xff, 0x80,
    0x7f, 0xff, 0xff, 0xff, 0xe0, 0x1f, 0xff, 0xff,
    0xff, 0xf8, 0x7, 0xff, 0xff, 0xff, 0xfe, 0x1,
    0xff, 0xff, 0xff, 0xff, 0x80, 0x7f, 0xff, 0xff,
    0xff, 0xe0, 0x1f, 0xff, 0xff, 0xff, 0xf8, 0x7,
    0xff, 0xff, 0xff, 0xfe, 0x1, 0xff, 0xff, 0xff,
    0xff, 0x80, 0x7f, 0xff, 0xff, 0xff, 0xe0, 0x1f,
    0xff, 0xff, 0xff, 0xf8, 0x7, 0xff, 0xff, 0xff,
    0xfe, 0x1, 0xff, 0xff, 0xff, 0xff, 0x80, 0x7f,
    0xff, 0xff, 0xff, 0xe0, 0x1f, 0xff, 0xff, 0xff,
    0xf8, 0x7, 0xff, 0xff, 0xff, 0xfe, 0x1, 0xff,
    0xff, 0xff, 0xff, 0x80, 0x7f, 0xff, 0xff, 0xff,
    0xe0, 0x1f, 0xff, 0xff, 0xff, 0xf8, 0x7, 0xff,
    0xff, 0xff, 0xff, 0x3, 0xff, 0xff, 0x7f, 0xff,
    0xc0, 0xff, 0xff, 0x9f, 0xff, 0xf8, 0x7f, 0xff,
    0xe7, 0xff, 0xff, 0xff, 0xff, 0xf9, 0xff, 0xff,
    0xff, 0xff, 0xfe, 0x7f, 0xff, 0xff, 0xff, 0xff,
    0x8f, 0xff, 0xff, 0xff, 0xff, 0xc3, 0xff, 0xff,
    0xff, 0xff, 0xf0, 0x7f, 0xff, 0xff, 0xff, 0xf8,
    0x1f, 0xff, 0xff, 0xff, 0xfe, 0x3, 0xff, 0xff,
    0xff, 0xff, 0x0, 0xff, 0xff, 0xff, 0xff, 0xc0,
    0x1f, 0xff, 0xff, 0xff, 0xe0, 0x3, 0xff, 0xff,
    0xff, 0xf0, 0x0, 0x7f, 0xff, 0xff, 0xf8, 0x0,
    0xf, 0xff, 0xff, 0xfc, 0x0, 0x0, 0xff, 0xff,
    0xfc, 0x0, 0x0, 0xf, 0xff, 0xfc, 0x0, 0x0,
    0x0, 0x7f, 0xf0, 0x0, 0x0,

    /* U+00D7 "×" */
    0x0, 0x0, 0x2, 0x0, 0x3, 0x0, 0xe, 0x0,
    0xf, 0x0, 0x3e, 0x0, 0x3f, 0x0, 0xfe, 0x0,
    0xff, 0x3, 0xfe, 0x3, 0xff, 0xf, 0xfe, 0xf,
    0xff, 0x3f, 0xfe, 0x3f, 0xff, 0xff, 0xfe, 0xff,
    0xff, 0xff, 0xfc, 0xff, 0xff, 0xff, 0xf0, 0xff,
    0xff, 0xff, 0xc0, 0xff, 0xff, 0xff, 0x0, 0xff,
    0xff, 0xfc, 0x0, 0xff, 0xff, 0xf0, 0x0, 0xff,
    0xff, 0xc0, 0x0, 0xff, 0xff, 0x0, 0x3, 0xff,
    0xff, 0x0, 0xf, 0xff, 0xff, 0x0, 0x3f, 0xff,
    0xff, 0x0, 0xff, 0xff, 0xff, 0x3, 0xff, 0xff,
    0xff, 0xf, 0xff, 0xff, 0xff, 0x3f, 0xff, 0xff,
    0xff, 0x3f, 0xff, 0xff, 0xfe, 0x3f, 0xfc, 0xff,
    0xf8, 0x3f, 0xf0, 0xff, 0xe0, 0x3f, 0xc0, 0xff,
    0x80, 0x3f, 0x0, 0xfe, 0x0, 0x3c, 0x0, 0xf8,
    0x0, 0x30, 0x0, 0xe0, 0x0, 0x0, 0x0, 0x80,
    0x0,

    /* U+00D8 "Ø" */
    0x0, 0x0, 0x0, 0x0, 0xfc, 0x0, 0x0, 0x0,
    0x0, 0x7f, 0x0, 0x0, 0x0, 0x0, 0x1f, 0xc0,
    0x0, 0x0, 0x0, 0x7, 0xf0, 0x0, 0x0, 0x0,
    0x1, 0xf8, 0x0, 0x0, 0x0, 0x0, 0xfe, 0x0,
    0x0, 0x0, 0x0, 0x3f, 0x80, 0x0, 0x0, 0x0,
    0xf, 0xe0, 0x0, 0x0, 0x0, 0x3, 0xf0, 0x0,
    0x0, 0x0, 0x1, 0xfc, 0x0, 0x0, 0x0, 0x0,
    0x7f, 0x0, 0x0, 0x7, 0xff, 0x9f, 0xc0, 0x0,
    0xf, 0xff, 0xff, 0xe0, 0x0, 0xf, 0xff, 0xff,
    0xf8, 0x0, 0xf, 0xff, 0xff, 0xfe, 0x0, 0x7,
    0xff, 0xff, 0xff, 0x80, 0x3, 0xff, 0xff, 0xff,
    0xf0, 0x1, 0xff, 0xff, 0xff, 0xfe, 0x0, 0xff,
    0xff, 0xff, 0xff, 0xc0, 0x7f, 0xff, 0xff, 0xff,
    0xf8, 0x1f, 0xff, 0xff, 0xff, 0xfe, 0xf, 0xff,
    0xff, 0xff, 0xff, 0xc3, 0xff, 0xff, 0xff, 0xff,
    0xf1, 0xff, 0xff, 0xff, 0xff, 0xfe, 0x7f, 0xff,
    0xff, 0xff, 0xff, 0x9f, 0xff, 0xff, 0xff, 0xff,
    0xe7, 0xff, 0xff, 0xff, 0xff, 0xfb, 0xff, 0xff,
    0x87, 0xff, 0xff, 0xff, 0xff, 0xc0, 0xff, 0xff,
    0xff, 0xff, 0xf0, 0x3f, 0xff, 0xff, 0xff, 0xf8,
    0x7, 0xff, 0xff, 0xff, 0xfe, 0x1, 0xff, 0xff,
    0xff, 0xff, 0x80, 0x7f, 0xff, 0xff, 0xff, 0xe0,
    0x1f, 0xff, 0xff, 0xff, 0xf8, 0x7, 0xff, 0xff,
    0xff, 0xfe, 0x1, 0xff, 0xff, 0xff, 0xff, 0x80,
    0x7f, 0xff, 0xff, 0xff, 0xe0, 0x1f, 0xff, 0xff,
    0xff, 0xf8, 0x7, 0xff, 0xff, 0xff, 0xfe, 0x1,
    0xff, 0xff, 0xff, 0xff, 0x80, 0x7f, 0xff, 0xff,
    0xff, 0xe0, 0x1f, 0xff, 0xff, 0xff, 0xf8, 0x7,
    0xff, 0xff, 0xff, 0xfe, 0x1, 0xff, 0xff, 0xff,
    0xff, 0x80, 0x7f, 0xff, 0xff, 0xff, 0xe0, 0x1f,
    0xff, 0xff, 0xff, 0xf8, 0x7, 0xff, 0xff, 0xff,
    0xfe, 0x1, 0xff, 0xff, 0xff, 0xff, 0x80, 0x7f,
    0xff, 0xff, 0xff, 0xe0, 0x1f, 0xff, 0xff, 0xff,
    0xf8, 0x7, 0xff, 0xff, 0xff, 0xfe, 0x1, 0xff,
    0xff, 0xff, 0xff, 0x80, 0x7f, 0xff, 0xff, 0xff,
    0xe0, 0x1f, 0xff, 0xff, 0xff, 0xf8, 0x7, 0xff,
    0xff, 0xff, 0xfe, 0x1, 0xff, 0xff, 0xff, 0xff,
    0x80, 0x7f, 0xff, 0xff, 0xff, 0xe0, 0x1f, 0xff,
    0xff, 0xff, 0xf8, 0x7, 0xff, 0xff, 0xff, 0xfe,
    0x1, 0xff, 0xff, 0xff, 0xff, 0x80, 0x7f, 0xff,
    0xff, 0xff, 0xe0, 0x1f, 0xff, 0xff, 0xff, 0xf8,
    0x7, 0xff, 0xff, 0xff, 0xfe, 0x1, 0xff, 0xff,
    0xff, 0xff, 0x80, 0x7f, 0xff, 0xff, 0xff, 0xe0,
    0x1f, 0xff, 0xff, 0xff, 0xf8, 0x7, 0xff, 0xff,
    0xff, 0xfe, 0x1, 0xff, 0xff, 0xff, 0xff, 0x80,
    0x7f, 0xff, 0xff, 0xff, 0xe0, 0x1f, 0xff, 0xff,
    0xff, 0xf8, 0x7, 0xff, 0xff, 0xff, 0xfe, 0x1,
    0xff, 0xff, 0xff, 0xff, 0x80, 0x7f, 0xff, 0xff,
    0xff, 0xe0, 0x1f, 0xff, 0xff, 0xff, 0xf8, 0x7,
    0xff, 0xff, 0xff, 0xfe, 0x1, 0xff, 0xff, 0xff,
    0xff, 0x80, 0x7f, 0xff, 0xff, 0xff, 0xe0, 0x1f,
    0xff, 0xff, 0xff, 0xf8, 0x7, 0xff, 0xff, 0xff,
    0xfe, 0x1, 0xff, 0xff, 0xff, 0xff, 0xc0, 0xff,
    0xff, 0xff, 0xff, 0xf0, 0x3f, 0xff, 0xe7, 0xff,
    0xfe, 0x1f, 0xff, 0xf9, 0xff, 0xff, 0xff, 0xff,
    0xfe, 0x7f, 0xff, 0xff, 0xff, 0xff, 0x9f, 0xff,
    0xff, 0xff, 0xff, 0xe3, 0xff, 0xff, 0xff, 0xff,
    0xf0, 0xff, 0xff, 0xff, 0xff, 0xfc, 0x1f, 0xff,
    0xff, 0xff, 0xfe, 0x7, 0xff, 0xff, 0xff, 0xff,
    0x80, 0xff, 0xff, 0xff, 0xff, 0xc0, 0x3f, 0xff,
    0xff, 0xff, 0xf0, 0x7, 0xff, 0xff, 0xff, 0xf8,
    0x0, 0xff, 0xff, 0xff, 0xfc, 0x0, 0x3f, 0xff,
    0xff, 0xfe, 0x0, 0x1f, 0xff, 0xff, 0xff, 0x0,
    0x7, 0xff, 0xff, 0xff, 0x0, 0x1, 0xff, 0xff,
    0xff, 0x0, 0x0, 0x7e, 0xf, 0xfe, 0x0, 0x0,
    0x3f, 0x80, 0x0, 0x0, 0x0, 0xf, 0xe0, 0x0,
    0x0, 0x0, 0x3, 0xf8, 0x0, 0x0, 0x0, 0x0,
    0xfc, 0x0, 0x0, 0x0, 0x0, 0x7f, 0x0, 0x0,
    0x0, 0x0, 0x1f, 0xc0, 0x0, 0x0, 0x0, 0x7,
    0xf0, 0x0, 0x0, 0x0, 0x1, 0xf8, 0x0, 0x0,
    0x0, 0x0, 0xfe, 0x0, 0x0, 0x0, 0x0,

    /* U+00D9 "Ù" */
    0x0, 0x0, 0x0, 0x0, 0x0, 0x0, 0x18, 0x0,
    0x0, 0x0, 0x0, 0x7, 0xc0, 0x0, 0x0, 0x0,
    0x1, 0xfc, 0x0, 0x0, 0x0, 0x0, 0x7f, 0xc0,
    0x0, 0x0, 0x0, 0x1f, 0xfc, 0x0, 0x0, 0x0,
    0x7, 0xff, 0xc0, 0x0, 0x0, 0x1, 0xff, 0xfc,
    0x0, 0x0, 0x0, 0x7f, 0xff, 0xe0, 0x0, 0x0,
    0x1f, 0xff, 0xfe, 0x0, 0x0, 0x7, 0xff, 0xff,
    0xe0, 0x0, 0x1, 0xff, 0xff, 0xfc, 0x0, 0x0,
    0x7f, 0xff, 0xff, 0x0, 0x0, 0x1f, 0xff, 0xff,
    0xc0, 0x0, 0x7, 0xff, 0xff, 0xf0, 0x0, 0x1,
    0xff, 0xff, 0xfc, 0x0, 0x0, 0x7f, 0xff, 0xff,
    0x0, 0x0, 0xf, 0xff, 0xff, 0xc0, 0x0, 0x0,
    0x1f, 0xff, 0xf0, 0x0, 0x0, 0x0, 0x3f, 0xfc,
    0x0, 0x0, 0x0, 0x0, 0x7f, 0x0, 0x0, 0x0,
    0x0, 0x0, 0xc0, 0x0, 0x0, 0x0, 0x0, 0x0,
    0x0, 0x0, 0x0, 0x0, 0x0, 0x0, 0xff, 0xff,
    0x80, 0x7f, 0xff, 0xff, 0xff, 0xe0, 0x1f, 0xff,
    0xff, 0xff, 0xf8, 0x7, 0xff, 0xff, 0xff, 0xfe,
    0x1, 0xff, 0xff, 0xff, 0xff, 0x80, 0x7f, 0xff,
    0xff, 0xff, 0xe0, 0x1f, 0xff, 0xff, 0xff, 0xf8,
    0x7, 0xff, 0xff, 0xff, 0xfe, 0x1, 0xff, 0xff,
    0xff, 0xff, 0x80, 0x7f, 0xff, 0xff, 0xff, 0xe0,
    0x1f, 0xff, 0xff, 0xff, 0xf8, 0x7, 0xff, 0xff,
    0xff, 0xfe, 0x1, 0xff, 0xff, 0xff, 0xff, 0x80,
    0x7f, 0xff, 0xff, 0xff, 0xe0, 0x1f, 0xff, 0xff,
    0xff, 0xf8, 0x7, 0xff, 0xff, 0xff, 0xfe, 0x1,
    0xff, 0xff, 0xff, 0xff, 0x80, 0x7f, 0xff, 0xff,
    0xff, 0xe0, 0x1f, 0xff, 0xff, 0xff, 0xf8, 0x7,
    0xff, 0xff, 0xff, 0xfe, 0x1, 0xff, 0xff, 0xff,
    0xff, 0x80, 0x7f, 0xff, 0xff, 0xff, 0xe0, 0x1f,
    0xff, 0xff, 0xff, 0xf8, 0x7, 0xff, 0xff, 0xff,
    0xfe, 0x1, 0xff, 0xff, 0xff, 0xff, 0x80, 0x7f,
    0xff, 0xff, 0xff, 0xe0, 0x1f, 0xff, 0xff, 0xff,
    0xf8, 0x7, 0xff, 0xff, 0xff, 0xfe, 0x1, 0xff,
    0xff, 0xff, 0xff, 0x80, 0x7f, 0xff, 0xff, 0xff,
    0xe0, 0x1f, 0xff, 0xff, 0xff, 0xf8, 0x7, 0xff,
    0xff, 0xff, 0xfe, 0x1, 0xff, 0xff, 0xff, 0xff,
    0x80, 0x7f, 0xff, 0xff, 0xff, 0xe0, 0x1f, 0xff,
    0xff, 0xff, 0xf8, 0x7, 0xff, 0xff, 0xff, 0xfe,
    0x1, 0xff, 0xff, 0xff, 0xff, 0x80, 0x7f, 0xff,
    0xff, 0xff, 0xe0, 0x1f, 0xff, 0xff, 0xff, 0xf8,
    0x7, 0xff, 0xff, 0xff, 0xfe, 0x1, 0xff, 0xff,
    0xff, 0xff, 0x80, 0x7f, 0xff, 0xff, 0xff, 0xe0,
    0x1f, 0xff, 0xff, 0xff, 0xf8, 0x7, 0xff, 0xff,
    0xff, 0xfe, 0x1, 0xff, 0xff, 0xff, 0xff, 0x80,
    0x7f, 0xff, 0xff, 0xff, 0xe0, 0x1f, 0xff, 0xff,
    0xff, 0xf8, 0x7, 0xff, 0xff, 0xff, 0xfe, 0x1,
    0xff, 0xff, 0xff, 0xff, 0x80, 0x7f, 0xff, 0xff,
    0xff, 0xe0, 0x1f, 0xff, 0xff, 0xff, 0xf8, 0x7,
    0xff, 0xff, 0xff, 0xfe, 0x1, 0xff, 0xff, 0xff,
    0xff, 0x80, 0x7f, 0xff, 0xff, 0xff, 0xe0, 0x1f,
    0xff, 0xff, 0xff, 0xf8, 0x7, 0xff, 0xff, 0xff,
    0xfe, 0x1, 0xff, 0xff, 0xff, 0xff, 0x80, 0x7f,
    0xff, 0xff, 0xff, 0xe0, 0x1f, 0xff, 0xff, 0xff,
    0xf8, 0x7, 0xff, 0xff, 0xff, 0xfe, 0x1, 0xff,
    0xff, 0xff, 0xff, 0x80, 0x7f, 0xff, 0xff, 0xff,
    0xe0, 0x1f, 0xff, 0xff, 0xff, 0xf8, 0x7, 0xff,
    0xff, 0xff, 0xfe, 0x1, 0xff, 0xff, 0xff, 0xff,
    0x80, 0x7f, 0xff, 0xff, 0xff, 0xe0, 0x1f, 0xff,
    0xff, 0xff, 0xf8, 0x7, 0xff, 0xff, 0xff, 0xfe,
    0x1, 0xff, 0xff, 0xff, 0xff, 0xc0, 0xff, 0xff,
    0xff, 0xff, 0xf0, 0x3f, 0xff, 0xf7, 0xff, 0xfe,
    0x1f, 0xff, 0xf9, 0xff, 0xff, 0xff, 0xff, 0xfe,
    0x7f, 0xff, 0xff, 0xff, 0xff, 0x9f, 0xff, 0xff,
    0xff, 0xff, 0xe3, 0xff, 0xff, 0xff, 0xff, 0xf0,
    0xff, 0xff, 0xff, 0xff, 0xfc, 0x3f, 0xff, 0xff,
    0xff, 0xff, 0x7, 0xff, 0xff, 0xff, 0xff, 0x81,
    0xff, 0xff, 0xff, 0xff, 0xe0, 0x3f, 0xff, 0xff,
    0xff, 0xf0, 0x7, 0xff, 0xff, 0xff, 0xf8, 0x0,
    0xff, 0xff, 0xff, 0xfc, 0x0, 0x1f, 0xff, 0xff,
    0xfe, 0x0, 0x3, 0xff, 0xff, 0xff, 0x0, 0x0,
    0x7f, 0xff, 0xff, 0x80, 0x0, 0x3, 0xff, 0xff,
    0x0, 0x0, 0x0, 0x1f, 0xfe, 0x0, 0x0,

    /* U+00DA "Ú" */
    0x0, 0x0, 0x0, 0x0, 0x0, 0x0, 0x0, 0x0,
    0x0, 0xc0, 0x0, 0x0, 0x0, 0x1, 0xf0, 0x0,
    0x0, 0x0, 0x1, 0xfc, 0x0, 0x0, 0x0, 0x1,
    0xff, 0x0, 0x0, 0x0, 0x1, 0xff, 0xc0, 0x0,
    0x0, 0x1, 0xff, 0xf0, 0x0, 0x0, 0x1, 0xff,
    0xfc, 0x0, 0x0, 0x3, 0xff, 0xff, 0x0, 0x0,
    0x3, 0xff, 0xff, 0xc0, 0x0, 0x3, 0xff, 0xff,
    0xf0, 0x0, 0x1, 0xff, 0xff, 0xfc, 0x0, 0x0,
    0x7f, 0xff, 0xff, 0x0, 0x0, 0x1f, 0xff, 0xff,
    0xc0, 0x0, 0x7, 0xff, 0xff, 0xf0, 0x0, 0x1,
    0xff, 0xff, 0xfc, 0x0, 0x0, 0x7f, 0xff, 0xff,
    0x0, 0x0, 0x1f, 0xff, 0xff, 0x80, 0x0, 0x7,
    0xff, 0xfc, 0x0, 0x0, 0x1, 0xff, 0xe0, 0x0,
    0x0, 0x0, 0x7f, 0x0, 0x0, 0x0, 0x0, 0x18,
    0x0, 0x0, 0x0, 0x0, 0x0, 0x0, 0x0, 0x0,
    0x0, 0x0, 0x0, 0x0, 0x0, 0x0, 0xff, 0xff,
    0x80, 0x7f, 0xff, 0xff, 0xff, 0xe0, 0x1f, 0xff,
    0xff, 0xff, 0xf8, 0x7, 0xff, 0xff, 0xff, 0xfe,
    0x1, 0xff, 0xff, 0xff, 0xff, 0x80, 0x7f, 0xff,
    0xff, 0xff, 0xe0, 0x1f, 0xff, 0xff, 0xff, 0xf8,
    0x7, 0xff, 0xff, 0xff, 0xfe, 0x1, 0xff, 0xff,
    0xff, 0xff, 0x80, 0x7f, 0xff, 0xff, 0xff, 0xe0,
    0x1f, 0xff, 0xff, 0xff, 0xf8, 0x7, 0xff, 0xff,
    0xff, 0xfe, 0x1, 0xff, 0xff, 0xff, 0xff, 0x80,
    0x7f, 0xff, 0xff, 0xff, 0xe0, 0x1f, 0xff, 0xff,
    0xff, 0xf8, 0x7, 0xff, 0xff, 0xff, 0xfe, 0x1,
    0xff, 0xff, 0xff, 0xff, 0x80, 0x7f, 0xff, 0xff,
    0xff, 0xe0, 0x1f, 0xff, 0xff, 0xff, 0xf8, 0x7,
    0xff, 0xff, 0xff, 0xfe, 0x1, 0xff, 0xff, 0xff,
    0xff, 0x80, 0x7f, 0xff, 0xff, 0xff, 0xe0, 0x1f,
    0xff, 0xff, 0xff, 0xf8, 0x7, 0xff, 0xff, 0xff,
    0xfe, 0x1, 0xff, 0xff, 0xff, 0xff, 0x80, 0x7f,
    0xff, 0xff, 0xff, 0xe0, 0x1f, 0xff, 0xff, 0xff,
    0xf8, 0x7, 0xff, 0xff, 0xff, 0xfe, 0x1, 0xff,
    0xff, 0xff, 0xff, 0x80, 0x7f, 0xff, 0xff, 0xff,
    0xe0, 0x1f, 0xff, 0xff, 0xff, 0xf8, 0x7, 0xff,
    0xff, 0xff, 0xfe, 0x1, 0xff, 0xff, 0xff, 0xff,
    0x80, 0x7f, 0xff, 0xff, 0xff, 0xe0, 0x1f, 0xff,
    0xff, 0xff, 0xf8, 0x7, 0xff, 0xff, 0xff, 0xfe,
    0x1, 0xff, 0xff, 0xff, 0xff, 0x80, 0x7f, 0xff,
    0xff, 0xff, 0xe0, 0x1f, 0xff, 0xff, 0xff, 0xf8,
    0x7, 0xff, 0xff, 0xff, 0xfe, 0x1, 0xff, 0xff,
    0xff, 0xff, 0x80, 0x7f, 0xff, 0xff, 0xff, 0xe0,
    0x1f, 0xff, 0xff, 0xff, 0xf8, 0x7, 0xff, 0xff,
    0xff, 0xfe, 0x1, 0xff, 0xff, 0xff, 0xff, 0x80,
    0x7f, 0xff, 0xff, 0xff, 0xe0, 0x1f, 0xff, 0xff,
    0xff, 0xf8, 0x7, 0xff, 0xff, 0xff, 0xfe, 0x1,
    0xff, 0xff, 0xff, 0xff, 0x80, 0x7f, 0xff, 0xff,
    0xff, 0xe0, 0x1f, 0xff, 0xff, 0xff, 0xf8, 0x7,
    0xff, 0xff, 0xff, 0xfe, 0x1, 0xff, 0xff, 0xff,
    0xff, 0x80, 0x7f, 0xff, 0xff, 0xff, 0xe0, 0x1f,
    0xff, 0xff, 0xff, 0xf8, 0x7, 0xff, 0xff, 0xff,
    0xfe, 0x1, 0xff, 0xff, 0xff, 0xff, 0x80, 0x7f,
    0xff, 0xff, 0xff, 0xe0, 0x1f, 0xff, 0xff, 0xff,
    0xf8, 0x7, 0xff, 0xff, 0xff, 0xfe, 0x1, 0xff,
    0xff, 0xff, 0xff, 0x80, 0x7f, 0xff, 0xff, 0xff,
    0xe0, 0x1f, 0xff, 0xff, 0xff, 0xf8, 0x7, 0xff,
    0xff, 0xff, 0xfe, 0x1, 0xff, 0xff, 0xff, 0xff,
    0x80, 0x7f, 0xff, 0xff, 0xff, 0xe0, 0x1f, 0xff,
    0xff, 0xff, 0xf8, 0x7, 0xff, 0xff, 0xff, 0xfe,
    0x1, 0xff, 0xff, 0xff, 0xff, 0xc0, 0xff, 0xff,
    0xff, 0xff, 0xf0, 0x3f, 0xff, 0xf7, 0xff, 0xfe,
    0x1f, 0xff, 0xf9, 0xff, 0xff, 0xff, 0xff, 0xfe,
    0x7f, 0xff, 0xff, 0xff, 0xff, 0x9f, 0xff, 0xff,
    0xff, 0xff, 0xe3, 0xff, 0xff, 0xff, 0xff, 0xf0,
    0xff, 0xff, 0xff, 0xff, 0xfc, 0x3f, 0xff, 0xff,
    0xff, 0xff, 0x7, 0xff, 0xff, 0xff, 0xff, 0x81,
    0xff, 0xff, 0xff, 0xff, 0xe0, 0x3f, 0xff, 0xff,
    0xff, 0xf0, 0x7, 0xff, 0xff, 0xff, 0xf8, 0x0,
    0xff, 0xff, 0xff, 0xfc, 0x0, 0x1f, 0xff, 0xff,
    0xfe, 0x0, 0x3, 0xff, 0xff, 0xff, 0x0, 0x0,
    0x7f, 0xff, 0xff, 0x80, 0x0, 0x3, 0xff, 0xff,
    0x0, 0x0, 0x0, 0x1f, 0xfe, 0x0, 0x0,

    /* U+00DB "Û" */
    0x0, 0xf, 0xff, 0xff, 0x0, 0x0, 0x1, 0xff,
    0xff, 0xf8, 0x0, 0x0, 0x1f, 0xff, 0xff, 0x80,
    0x0, 0x3, 0xff, 0xff, 0xfc, 0x0, 0x0, 0x7f,
    0xff, 0xff, 0xe0, 0x0, 0x7, 0xff, 0xff, 0xfe,
    0x0, 0x0, 0xff, 0xff, 0xff, 0xf0, 0x0, 0x1f,
    0xff, 0x9f, 0xff, 0x80, 0x1, 0xff, 0xf9, 0xff,
    0xf8, 0x0, 0x3f, 0xff, 0x9f, 0xff, 0xc0, 0x3,
    0xff, 0xf9, 0xff, 0xfc, 0x0, 0x7f, 0xff, 0xf,
    0xff, 0xe0, 0xf, 0xff, 0xf0, 0xff, 0xff, 0x0,
    0xff, 0xff, 0xf, 0xff, 0xf0, 0x1f, 0xff, 0xe0,
    0x7f, 0xff, 0x83, 0xff, 0xfe, 0x7, 0xff, 0xfc,
    0x3f, 0xff, 0xe0, 0x7f, 0xff, 0xc7, 0xff, 0xfc,
    0x3, 0xff, 0xfe, 0xff, 0xff, 0xc0, 0x3f, 0xff,
    0xf0, 0x0, 0x0, 0x0, 0x0, 0x0, 0x0, 0x0,
    0x0, 0x0, 0x0, 0x0, 0x0, 0x0, 0x0, 0x0,
    0x0, 0x0, 0x0, 0x0, 0x0, 0x0, 0x7, 0xff,
    0xfc, 0x3, 0xff, 0xfe, 0x7f, 0xff, 0xc0, 0x3f,
    0xff, 0xe7, 0xff, 0xfc, 0x3, 0xff, 0xfe, 0x7f,
    0xff, 0xc0, 0x3f, 0xff, 0xe7, 0xff, 0xfc, 0x3,
    0xff, 0xfe, 0x7f, 0xff, 0xc0, 0x3f, 0xff, 0xe7,
    0xff, 0xfc, 0x3, 0xff, 0xfe, 0x7f, 0xff, 0xc0,
    0x3f, 0xff, 0xe7, 0xff, 0xfc, 0x3, 0xff, 0xfe,
    0x7f, 0xff, 0xc0, 0x3f, 0xff, 0xe7, 0xff, 0xfc,
    0x3, 0xff, 0xfe, 0x7f, 0xff, 0xc0, 0x3f, 0xff,
    0xe7, 0xff, 0xfc, 0x3, 0xff, 0xfe, 0x7f, 0xff,
    0xc0, 0x3f, 0xff, 0xe7, 0xff, 0xfc, 0x3, 0xff,
    0xfe, 0x7f, 0xff, 0xc0, 0x3f, 0xff, 0xe7, 0xff,
    0xfc, 0x3, 0xff, 0xfe, 0x7f, 0xff, 0xc0, 0x3f,
    0xff, 0xe7, 0xff, 0xfc, 0x3, 0xff, 0xfe, 0x7f,
    0xff, 0xc0, 0x3f, 0xff, 0xe7, 0xff, 0xfc, 0x3,
    0xff, 0xfe, 0x7f, 0xff, 0xc0, 0x3f, 0xff, 0xe7,
    0xff, 0xfc, 0x3, 0xff, 0xfe, 0x7f, 0xff, 0xc0,
    0x3f, 0xff, 0xe7, 0xff, 0xfc, 0x3, 0xff, 0xfe,
    0x7f, 0xff, 0xc0, 0x3f, 0xff, 0xe7, 0xff, 0xfc,
    0x3, 0xff, 0xfe, 0x7f, 0xff, 0xc0, 0x3f, 0xff,
    0xe7, 0xff, 0xfc, 0x3, 0xff, 0xfe, 0x7f, 0xff,
    0xc0, 0x3f, 0xff, 0xe7, 0xff, 0xfc, 0x3, 0xff,
    0xfe, 0x7f, 0xff, 0xc0, 0x3f, 0xff, 0xe7, 0xff,
    0xfc, 0x3, 0xff, 0xfe, 0x7f, 0xff, 0xc0, 0x3f,
    0xff, 0xe7, 0xff, 0xfc, 0x3, 0xff, 0xfe, 0x7f,
    0xff, 0xc0, 0x3f, 0xff, 0xe7, 0xff, 0xfc, 0x3,
    0xff, 0xfe, 0x7f, 0xff, 0xc0, 0x3f, 0xff, 0xe7,
    0xff, 0xfc, 0x3, 0xff, 0xfe, 0x7f, 0xff, 0xc0,
    0x3f, 0xff, 0xe7, 0xff, 0xfc, 0x3, 0xff, 0xfe,
    0x7f, 0xff, 0xc0, 0x3f, 0xff, 0xe7, 0xff, 0xfc,
    0x3, 0xff, 0xfe, 0x7f, 0xff, 0xc0, 0x3f, 0xff,
    0xe7, 0xff, 0xfc, 0x3, 0xff, 0xfe, 0x7f, 0xff,
    0xc0, 0x3f, 0xff, 0xe7, 0xff, 0xfc, 0x3, 0xff,
    0xfe, 0x7f, 0xff, 0xc0, 0x3f, 0xff, 0xe7, 0xff,
    0xfc, 0x3, 0xff, 0xfe, 0x7f, 0xff, 0xc0, 0x3f,
    0xff, 0xe7, 0xff, 0xfc, 0x3, 0xff, 0xfe, 0x7f,
    0xff, 0xc0, 0x3f, 0xff, 0xe7, 0xff, 0xfc, 0x3,
    0xff, 0xfe, 0x7f, 0xff, 0xc0, 0x3f, 0xff, 0xe7,
    0xff, 0xfc, 0x3, 0xff, 0xfe, 0x7f, 0xff, 0xc0,
    0x3f, 0xff, 0xe7, 0xff, 0xfc, 0x3, 0xff, 0xfe,
    0x7f, 0xff, 0xc0, 0x3f, 0xff, 0xe7, 0xff, 0xfc,
    0x3, 0xff, 0xfe, 0x7f, 0xff, 0xc0, 0x3f, 0xff,
    0xe7, 0xff, 0xfc, 0x3, 0xff, 0xfe, 0x7f, 0xff,
    0xc0, 0x3f, 0xff, 0xe7, 0xff, 0xfc, 0x3, 0xff,
    0xfe, 0x7f, 0xff, 0xc0, 0x3f, 0xff, 0xe7, 0xff,
    0xfc, 0x3, 0xff, 0xfe, 0x7f, 0xff, 0xc0, 0x3f,
    0xff, 0xe7, 0xff, 0xfc, 0x3, 0xff, 0xfe, 0x7f,
    0xff, 0xc0, 0x3f, 0xff, 0xe7, 0xff, 0xfe, 0x7,
    0xff, 0xfe, 0x7f, 0xff, 0xe0, 0x7f, 0xff, 0xe3,
    0xff, 0xff, 0xf, 0xff, 0xfc, 0x3f, 0xff, 0xff,
    0xff, 0xff, 0xc3, 0xff, 0xff, 0xff, 0xff, 0xfc,
    0x3f, 0xff, 0xff, 0xff, 0xff, 0xc1, 0xff, 0xff,
    0xff, 0xff, 0xf8, 0x1f, 0xff, 0xff, 0xff, 0xff,
    0x81, 0xff, 0xff, 0xff, 0xff, 0xf8, 0xf, 0xff,
    0xff, 0xff, 0xff, 0x0, 0xff, 0xff, 0xff, 0xff,
    0xf0, 0x7, 0xff, 0xff, 0xff, 0xfe, 0x0, 0x3f,
    0xff, 0xff, 0xff, 0xc0, 0x1, 0xff, 0xff, 0xff,
    0xf8, 0x0, 0xf, 0xff, 0xff, 0xff, 0x0, 0x0,
    0x7f, 0xff, 0xff, 0xe0, 0x0, 0x3, 0xff, 0xff,
    0xfc, 0x0, 0x0, 0x7, 0xff, 0xfe, 0x0, 0x0,
    0x0, 0xf, 0xff, 0x0, 0x0,

    /* U+00DC "Ü" */
    0xff, 0xff, 0xc1, 0xff, 0xff, 0xbf, 0xff, 0xf0,
    0x7f, 0xff, 0xef, 0xff, 0xfc, 0x1f, 0xff, 0xfb,
    0xff, 0xff, 0x7, 0xff, 0xfe, 0xff, 0xff, 0xc1,
    0xff, 0xff, 0xbf, 0xff, 0xf0, 0x7f, 0xff, 0xef,
    0xff, 0xfc, 0x1f, 0xff, 0xfb, 0xff, 0xff, 0x7,
    0xff, 0xfe, 0xff, 0xff, 0xc1, 0xff, 0xff, 0xbf,
    0xff, 0xf0, 0x7f, 0xff, 0xef, 0xff, 0xfc, 0x1f,
    0xff, 0xfb, 0xff, 0xff, 0x7, 0xff, 0xfe, 0xff,
    0xff, 0xc1, 0xff, 0xff, 0xbf, 0xff, 0xf0, 0x7f,
    0xff, 0xe0, 0x0, 0x0, 0x0, 0x0, 0x0, 0x0,
    0x0, 0x0, 0x0, 0x0, 0x0, 0x0, 0x0, 0x0,
    0x0, 0x0, 0x0, 0x0, 0x0, 0x0, 0x0, 0x0,
    0x0, 0x0, 0x0, 0x3, 0xff, 0xfe, 0x1, 0xff,
    0xff, 0xff, 0xff, 0x80, 0x7f, 0xff, 0xff, 0xff,
    0xe0, 0x1f, 0xff, 0xff, 0xff, 0xf8, 0x7, 0xff,
    0xff, 0xff, 0xfe, 0x1, 0xff, 0xff, 0xff, 0xff,
    0x80, 0x7f, 0xff, 0xff, 0xff, 0xe0, 0x1f, 0xff,
    0xff, 0xff, 0xf8, 0x7, 0xff, 0xff, 0xff, 0xfe,
    0x1, 0xff, 0xff, 0xff, 0xff, 0x80, 0x7f, 0xff,
    0xff, 0xff, 0xe0, 0x1f, 0xff, 0xff, 0xff, 0xf8,
    0x7, 0xff, 0xff, 0xff, 0xfe, 0x1, 0xff, 0xff,
    0xff, 0xff, 0x80, 0x7f, 0xff, 0xff, 0xff, 0xe0,
    0x1f, 0xff, 0xff, 0xff, 0xf8, 0x7, 0xff, 0xff,
    0xff, 0xfe, 0x1, 0xff, 0xff, 0xff, 0xff, 0x80,
    0x7f, 0xff, 0xff, 0xff, 0xe0, 0x1f, 0xff, 0xff,
    0xff, 0xf8, 0x7, 0xff, 0xff, 0xff, 0xfe, 0x1,
    0xff, 0xff, 0xff, 0xff, 0x80, 0x7f, 0xff, 0xff,
    0xff, 0xe0, 0x1f, 0xff, 0xff, 0xff, 0xf8, 0x7,
    0xff, 0xff, 0xff, 0xfe, 0x1, 0xff, 0xff, 0xff,
    0xff, 0x80, 0x7f, 0xff, 0xff, 0xff, 0xe0, 0x1f,
    0xff, 0xff, 0xff, 0xf8, 0x7, 0xff, 0xff, 0xff,
    0xfe, 0x1, 0xff, 0xff, 0xff, 0xff, 0x80, 0x7f,
    0xff, 0xff, 0xff, 0xe0, 0x1f, 0xff, 0xff, 0xff,
    0xf8, 0x7, 0xff, 0xff, 0xff, 0xfe, 0x1, 0xff,
    0xff, 0xff, 0xff, 0x80, 0x7f, 0xff, 0xff, 0xff,
    0xe0, 0x1f, 0xff, 0xff, 0xff, 0xf8, 0x7, 0xff,
    0xff, 0xff, 0xfe, 0x1, 0xff, 0xff, 0xff, 0xff,
    0x80, 0x7f, 0xff, 0xff, 0xff, 0xe0, 0x1f, 0xff,
    0xff, 0xff, 0xf8, 0x7, 0xff, 0xff, 0xff, 0xfe,
    0x1, 0xff, 0xff, 0xff, 0xff, 0x80, 0x7f, 0xff,
    0xff, 0xff, 0xe0, 0x1f, 0xff, 0xff, 0xff, 0xf8,
    0x7, 0xff, 0xff, 0xff, 0xfe, 0x1, 0xff, 0xff,
    0xff, 0xff, 0x80, 0x7f, 0xff, 0xff, 0xff, 0xe0,
    0x1f, 0xff, 0xff, 0xff, 0xf8, 0x7, 0xff, 0xff,
    0xff, 0xfe, 0x1, 0xff, 0xff, 0xff, 0xff, 0x80,
    0x7f, 0xff, 0xff, 0xff, 0xe0, 0x1f, 0xff, 0xff,
    0xff, 0xf8, 0x7, 0xff, 0xff, 0xff, 0xfe, 0x1,
    0xff, 0xff, 0xff, 0xff, 0x80, 0x7f, 0xff, 0xff,
    0xff, 0xe0, 0x1f, 0xff, 0xff, 0xff, 0xf8, 0x7,
    0xff, 0xff, 0xff, 0xfe, 0x1, 0xff, 0xff, 0xff,
    0xff, 0x80, 0x7f, 0xff, 0xff, 0xff, 0xe0, 0x1f,
    0xff, 0xff, 0xff, 0xf8, 0x7, 0xff, 0xff, 0xff,
    0xfe, 0x1, 0xff, 0xff, 0xff, 0xff, 0x80, 0x7f,
    0xff, 0xff, 0xff, 0xe0, 0x1f, 0xff, 0xff, 0xff,
    0xf8, 0x7, 0xff, 0xff, 0xff, 0xfe, 0x1, 0xff,
    0xff, 0xff, 0xff, 0x80, 0x7f, 0xff, 0xff, 0xff,
    0xe0, 0x1f, 0xff, 0xff, 0xff, 0xf8, 0x7, 0xff,
    0xff, 0xff, 0xff, 0x3, 0xff, 0xff, 0xff, 0xff,
    0xc0, 0xff, 0xff, 0xdf, 0xff, 0xf8, 0x7f, 0xff,
    0xe7, 0xff, 0xff, 0xff, 0xff, 0xf9, 0xff, 0xff,
    0xff, 0xff, 0xfe, 0x7f, 0xff, 0xff, 0xff, 0xff,
    0x8f, 0xff, 0xff, 0xff, 0xff, 0xc3, 0xff, 0xff,
    0xff, 0xff, 0xf0, 0xff, 0xff, 0xff, 0xff, 0xfc,
    0x1f, 0xff, 0xff, 0xff, 0xfe, 0x7, 0xff, 0xff,
    0xff, 0xff, 0x80, 0xff, 0xff, 0xff, 0xff, 0xc0,
    0x1f, 0xff, 0xff, 0xff, 0xe0, 0x3, 0xff, 0xff,
    0xff, 0xf0, 0x0, 0x7f, 0xff, 0xff, 0xf8, 0x0,
    0xf, 0xff, 0xff, 0xfc, 0x0, 0x1, 0xff, 0xff,
    0xfc, 0x0, 0x0, 0xf, 0xff, 0xfc, 0x0, 0x0,
    0x0, 0x7f, 0xf8, 0x0, 0x0,

    /* U+00DD "Ý" */
    0x0, 0x0, 0x0, 0x0, 0x80, 0x0, 0x0, 0x0,
    0x0, 0x70, 0x0, 0x0, 0x0, 0x0, 0x7e, 0x0,
    0x0, 0x0, 0x0, 0x3f, 0xc0, 0x0, 0x0, 0x0,
    0x1f, 0xf8, 0x0, 0x0, 0x0, 0xf, 0xff, 0x0,
    0x0, 0x0, 0x7, 0xff, 0xe0, 0x0, 0x0, 0x3,
    0xff, 0xfc, 0x0, 0x0, 0x3, 0xff, 0xff, 0x80,
    0x0, 0x1, 0xff, 0xff, 0xf0, 0x0, 0x0, 0xff,
    0xff, 0xfe, 0x0, 0x0, 0x1f, 0xff, 0xff, 0xc0,
    0x0, 0x3, 0xff, 0xff, 0xf8, 0x0, 0x0, 0x7f,
    0xff, 0xff, 0x0, 0x0, 0xf, 0xff, 0xff, 0xe0,
    0x0, 0x1, 0xff, 0xff, 0xfc, 0x0, 0x0, 0x3f,
    0xff, 0xff, 0x80, 0x0, 0x7, 0xff, 0xff, 0x80,
    0x0, 0x0, 0xff, 0xfe, 0x0, 0x0, 0x0, 0x1f,
    0xf8, 0x0, 0x0, 0x0, 0x3, 0xe0, 0x0, 0x0,
    0x0, 0x0, 0x0, 0x0, 0x0, 0x0, 0x0, 0x0,
    0x0, 0x0, 0x0, 0x0, 0x0, 0x0, 0x0, 0x0,
    0x0, 0xff, 0xff, 0x80, 0x1f, 0xff, 0xff, 0xff,
    0xf8, 0x7, 0xff, 0xff, 0xff, 0xff, 0x0, 0xff,
    0xff, 0xbf, 0xff, 0xe0, 0x1f, 0xff, 0xe7, 0xff,
    0xfc, 0x3, 0xff, 0xfc, 0xff, 0xff, 0x80, 0x7f,
    0xff, 0x9f, 0xff, 0xf0, 0xf, 0xff, 0xf1, 0xff,
    0xfe, 0x3, 0xff, 0xfe, 0x3f, 0xff, 0xe0, 0x7f,
    0xff, 0x87, 0xff, 0xfc, 0xf, 0xff, 0xf0, 0xff,
    0xff, 0x81, 0xff, 0xfe, 0xf, 0xff, 0xf0, 0x3f,
    0xff, 0xc1, 0xff, 0xfe, 0x7, 0xff, 0xf0, 0x3f,
    0xff, 0xc0, 0xff, 0xfe, 0x7, 0xff, 0xfc, 0x3f,
    0xff, 0xc0, 0x7f, 0xff, 0x87, 0xff, 0xf8, 0xf,
    0xff, 0xf0, 0xff, 0xfe, 0x1, 0xff, 0xfe, 0x1f,
    0xff, 0xc0, 0x3f, 0xff, 0xc3, 0xff, 0xf8, 0x3,
    0xff, 0xf8, 0x7f, 0xff, 0x0, 0x7f, 0xff, 0x9f,
    0xff, 0xe0, 0xf, 0xff, 0xf3, 0xff, 0xf8, 0x1,
    0xff, 0xfe, 0x7f, 0xff, 0x0, 0x1f, 0xff, 0xcf,
    0xff, 0xe0, 0x3, 0xff, 0xf9, 0xff, 0xfc, 0x0,
    0x7f, 0xff, 0x3f, 0xff, 0x0, 0xf, 0xff, 0xff,
    0xff, 0xe0, 0x0, 0xff, 0xff, 0xff, 0xfc, 0x0,
    0x1f, 0xff, 0xff, 0xff, 0x80, 0x3, 0xff, 0xff,
    0xff, 0xe0, 0x0, 0x7f, 0xff, 0xff, 0xfc, 0x0,
    0x7, 0xff, 0xff, 0xff, 0x80, 0x0, 0xff, 0xff,
    0xff, 0xf0, 0x0, 0x1f, 0xff, 0xff, 0xfe, 0x0,
    0x3, 0xff, 0xff, 0xff, 0x80, 0x0, 0x3f, 0xff,
    0xff, 0xf0, 0x0, 0x7, 0xff, 0xff, 0xfe, 0x0,
    0x0, 0xff, 0xff, 0xff, 0xc0, 0x0, 0x1f, 0xff,
    0xff, 0xf0, 0x0, 0x1, 0xff, 0xff, 0xfe, 0x0,
    0x0, 0x3f, 0xff, 0xff, 0xc0, 0x0, 0x7, 0xff,
    0xff, 0xf8, 0x0, 0x0, 0xff, 0xff, 0xff, 0x0,
    0x0, 0xf, 0xff, 0xff, 0xc0, 0x0, 0x1, 0xff,
    0xff, 0xf8, 0x0, 0x0, 0x3f, 0xff, 0xff, 0x0,
    0x0, 0x7, 0xff, 0xff, 0xe0, 0x0, 0x0, 0xff,
    0xff, 0xf8, 0x0, 0x0, 0xf, 0xff, 0xff, 0x0,
    0x0, 0x1, 0xff, 0xff, 0xe0, 0x0, 0x0, 0x3f,
    0xff, 0xfc, 0x0, 0x0, 0x7, 0xff, 0xff, 0x0,
    0x0, 0x0, 0x7f, 0xff, 0xe0, 0x0, 0x0, 0xf,
    0xff, 0xfc, 0x0, 0x0, 0x1, 0xff, 0xff, 0x80,
    0x0, 0x0, 0x3f, 0xff, 0xf0, 0x0, 0x0, 0x3,
    0xff, 0xfc, 0x0, 0x0, 0x0, 0x7f, 0xff, 0x80,
    0x0, 0x0, 0xf, 0xff, 0xf0, 0x0, 0x0, 0x1,
    0xff, 0xfe, 0x0, 0x0, 0x0, 0x3f, 0xff, 0xc0,
    0x0, 0x0, 0x7, 0xff, 0xf8, 0x0, 0x0, 0x0,
    0xff, 0xff, 0x0, 0x0, 0x0, 0x1f, 0xff, 0xe0,
    0x0, 0x0, 0x3, 0xff, 0xfc, 0x0, 0x0, 0x0,
    0x7f, 0xff, 0x80, 0x0, 0x0, 0xf, 0xff, 0xf0,
    0x0, 0x0, 0x1, 0xff, 0xfe, 0x0, 0x0, 0x0,
    0x3f, 0xff, 0xc0, 0x0, 0x0, 0x7, 0xff, 0xf8,
    0x0, 0x0, 0x0, 0xff, 0xff, 0x0, 0x0, 0x0,
    0x1f, 0xff, 0xe0, 0x0, 0x0, 0x3, 0xff, 0xfc,
    0x0, 0x0, 0x0, 0x7f, 0xff, 0x80, 0x0, 0x0,
    0xf, 0xff, 0xf0, 0x0, 0x0, 0x1, 0xff, 0xfe,
    0x0, 0x0, 0x0, 0x3f, 0xff, 0xc0, 0x0, 0x0,
    0x7, 0xff, 0xf8, 0x0, 0x0, 0x0, 0xff, 0xff,
    0x0, 0x0, 0x0, 0x1f, 0xff, 0xe0, 0x0, 0x0,
    0x3, 0xff, 0xfc, 0x0, 0x0, 0x0, 0x7f, 0xff,
    0x80, 0x0, 0x0, 0xf, 0xff, 0xf0, 0x0, 0x0,
    0x1, 0xff, 0xfe, 0x0, 0x0, 0x0, 0x3f, 0xff,
    0xc0, 0x0, 0x0, 0x7, 0xff, 0xf8, 0x0, 0x0,

    /* U+00DE "Þ" */
    0xff, 0xff, 0x80, 0x0, 0x0, 0x3f, 0xff, 0xe0,
    0x0, 0x0, 0xf, 0xff, 0xf8, 0x0, 0x0, 0x3,
    0xff, 0xfe, 0x0, 0x0, 0x0, 0xff, 0xff, 0x80,
    0x0, 0x0, 0x3f, 0xff, 0xe0, 0x0, 0x0, 0xf,
    0xff, 0xf8, 0x0, 0x0, 0x3, 0xff, 0xfe, 0x0,
    0x0, 0x0, 0xff, 0xff, 0x80, 0x0, 0x0, 0x3f,
    0xff, 0xe0, 0x0, 0x0, 0xf, 0xff, 0xf8, 0x0,
    0x0, 0x3, 0xff, 0xfe, 0x0, 0x0, 0x0, 0xff,
    0xff, 0xff, 0xf0, 0x0, 0x3f, 0xff, 0xff, 0xff,
    0x80, 0xf, 0xff, 0xff, 0xff, 0xf8, 0x3, 0xff,
    0xff, 0xff, 0xff, 0x80, 0xff, 0xff, 0xff, 0xff,
    0xf0, 0x3f, 0xff, 0xff, 0xff, 0xfe, 0xf, 0xff,
    0xff, 0xff, 0xff, 0x83, 0xff, 0xff, 0xff, 0xff,
    0xf0, 0xff, 0xff, 0xff, 0xff, 0xfe, 0x3f, 0xff,
    0xff, 0xff, 0xff, 0x8f, 0xff, 0xff, 0xff, 0xff,
    0xf3, 0xff, 0xff, 0xff, 0xff, 0xfc, 0xff, 0xff,
    0xff, 0xff, 0xff, 0x3f, 0xff, 0xff, 0xff, 0xff,
    0xef, 0xff, 0xf8, 0x3f, 0xff, 0xfb, 0xff, 0xfe,
    0x7, 0xff, 0xfe, 0xff, 0xff, 0x80, 0xff, 0xff,
    0xbf, 0xff, 0xe0, 0x3f, 0xff, 0xef, 0xff, 0xf8,
    0xf, 0xff, 0xfb, 0xff, 0xfe, 0x1, 0xff, 0xff,
    0xff, 0xff, 0x80, 0x7f, 0xff, 0xff, 0xff, 0xe0,
    0x1f, 0xff, 0xff, 0xff, 0xf8, 0x7, 0xff, 0xff,
    0xff, 0xfe, 0x1, 0xff, 0xff, 0xff, 0xff, 0x80,
    0x7f, 0xff, 0xff, 0xff, 0xe0, 0x1f, 0xff, 0xff,
    0xff, 0xf8, 0x7, 0xff, 0xff, 0xff, 0xfe, 0x1,
    0xff, 0xff, 0xff, 0xff, 0x80, 0x7f, 0xff, 0xff,
    0xff, 0xe0, 0x1f, 0xff, 0xff, 0xff, 0xf8, 0x7,
    0xff, 0xff, 0xff, 0xfe, 0x1, 0xff, 0xff, 0xff,
    0xff, 0x80, 0x7f, 0xff, 0xff, 0xff, 0xe0, 0x1f,
    0xff, 0xff, 0xff, 0xf8, 0xf, 0xff, 0xff, 0xff,
    0xfe, 0x3, 0xff, 0xfe, 0xff, 0xff, 0x80, 0xff,
    0xff, 0xbf, 0xff, 0xe0, 0x7f, 0xff, 0xef, 0xff,
    0xf8, 0x7f, 0xff, 0xfb, 0xff, 0xff, 0xff, 0xff,
    0xfe, 0xff, 0xff, 0xff, 0xff, 0xff, 0xbf, 0xff,
    0xff, 0xff, 0xff, 0xcf, 0xff, 0xff, 0xff, 0xff,
    0xf3, 0xff, 0xff, 0xff, 0xff, 0xfc, 0xff, 0xff,
    0xff, 0xff, 0xfe, 0x3f, 0xff, 0xff, 0xff, 0xff,
    0x8f, 0xff, 0xff, 0xff, 0xff, 0xc3, 0xff, 0xff,
    0xff, 0xff, 0xe0, 0xff, 0xff, 0xff, 0xff, 0xf0,
    0x3f, 0xff, 0xff, 0xff, 0xf8, 0xf, 0xff, 0xff,
    0xff, 0xfc, 0x3, 0xff, 0xff, 0xff, 0xfc, 0x0,
    0xff, 0xff, 0xff, 0xf8, 0x0, 0x3f, 0xff, 0xe0,
    0x0, 0x0, 0xf, 0xff, 0xf8, 0x0, 0x0, 0x3,
    0xff, 0xfe, 0x0, 0x0, 0x0, 0xff, 0xff, 0x80,
    0x0, 0x0, 0x3f, 0xff, 0xe0, 0x0, 0x0, 0xf,
    0xff, 0xf8, 0x0, 0x0, 0x3, 0xff, 0xfe, 0x0,
    0x0, 0x0, 0xff, 0xff, 0x80, 0x0, 0x0, 0x3f,
    0xff, 0xe0, 0x0, 0x0, 0xf, 0xff, 0xf8, 0x0,
    0x0, 0x3, 0xff, 0xfe, 0x0, 0x0, 0x0, 0xff,
    0xff, 0x80, 0x0, 0x0, 0x3f, 0xff, 0xe0, 0x0,
    0x0, 0xf, 0xff, 0xf8, 0x0, 0x0, 0x3, 0xff,
    0xfe, 0x0, 0x0, 0x0, 0xff, 0xff, 0x80, 0x0,
    0x0, 0x3f, 0xff, 0xe0, 0x0, 0x0, 0xf, 0xff,
    0xf8, 0x0, 0x0, 0x3, 0xff, 0xfe, 0x0, 0x0,
    0x0, 0xff, 0xff, 0x80, 0x0, 0x0, 0x3f, 0xff,
    0xe0, 0x0, 0x0, 0x0,

    /* U+00DF "ß" */
    0x0, 0x3, 0xff, 0xc0, 0x0, 0x0, 0x3, 0xff,
    0xff, 0xc0, 0x0, 0x0, 0xff, 0xff, 0xff, 0x80,
    0x0, 0x3f, 0xff, 0xff, 0xfc, 0x0, 0x7, 0xff,
    0xff, 0xff, 0xf0, 0x0, 0xff, 0xff, 0xff, 0xff,
    0x80, 0x1f, 0xff, 0xff, 0xff, 0xfc, 0x3, 0xff,
    0xff, 0xff, 0xff, 0xe0, 0x3f, 0xff, 0xff, 0xff,
    0xfe, 0x7, 0xff, 0xff, 0xff, 0xff, 0xf0, 0x7f,
    0xff, 0xff, 0xff, 0xff, 0x7, 0xff, 0xff, 0xff,
    0xff, 0xf0, 0x7f, 0xff, 0xc1, 0xff, 0xff, 0xf,
    0xff, 0xf8, 0xf, 0xff, 0xf8, 0xff, 0xff, 0x80,
    0xff, 0xff, 0x8f, 0xff, 0xf8, 0xf, 0xff, 0xf8,
    0xff, 0xff, 0x80, 0xff, 0xff, 0x8f, 0xff, 0xf8,
    0xf, 0xff, 0xf8, 0xff, 0xff, 0x80, 0xff, 0xff,
    0x8f, 0xff, 0xf8, 0xf, 0xff, 0xf8, 0xff, 0xff,
    0x80, 0xff, 0xff, 0x8f, 0xff, 0xf8, 0xf, 0xff,
    0xf8, 0xff, 0xff, 0x80, 0xff, 0xff, 0x8f, 0xff,
    0xf8, 0xf, 0xff, 0xf8, 0xff, 0xff, 0x80, 0xff,
    0xff, 0x8f, 0xff, 0xf8, 0xf, 0xff, 0xf8, 0xff,
    0xff, 0x80, 0xff, 0xff, 0x8f, 0xff, 0xf8, 0xf,
    0xff, 0xf8, 0xff, 0xff, 0x80, 0xff, 0xff, 0x8f,
    0xff, 0xf8, 0xf, 0xff, 0xf0, 0xff, 0xff, 0x81,
    0xff, 0xff, 0xf, 0xff, 0xf8, 0x3f, 0xff, 0xf0,
    0xff, 0xff, 0x8f, 0xff, 0xfe, 0xf, 0xff, 0xf8,
    0xff, 0xff, 0xe0, 0xff, 0xff, 0x8f, 0xff, 0xfc,
    0xf, 0xff, 0xf8, 0xff, 0xff, 0x80, 0xff, 0xff,
    0x8f, 0xff, 0xe0, 0xf, 0xff, 0xf8, 0xff, 0xfe,
    0x0, 0xff, 0xff, 0x8f, 0xff, 0xf8, 0xf, 0xff,
    0xf8, 0xff, 0xff, 0xe0, 0xff, 0xff, 0x8f, 0xff,
    0xff, 0xf, 0xff, 0xf8, 0xff, 0xff, 0xf8, 0xff,
    0xff, 0x8f, 0xff, 0xff, 0x8f, 0xff, 0xf8, 0xff,
    0xff, 0xfc, 0xff, 0xff, 0x80, 0xff, 0xff, 0xcf,
    0xff, 0xf8, 0x7, 0xff, 0xfc, 0xff, 0xff, 0x80,
    0x3f, 0xff, 0xef, 0xff, 0xf8, 0x3, 0xff, 0xfe,
    0xff, 0xff, 0x80, 0x1f, 0xff, 0xef, 0xff, 0xf8,
    0x1, 0xff, 0xfe, 0xff, 0xff, 0x80, 0x1f, 0xff,
    0xef, 0xff, 0xf8, 0x1, 0xff, 0xff, 0xff, 0xff,
    0x80, 0x1f, 0xff, 0xff, 0xff, 0xf8, 0x1, 0xff,
    0xff, 0xff, 0xff, 0x80, 0x1f, 0xff, 0xff, 0xff,
    0xf8, 0x1, 0xff, 0xff, 0xff, 0xff, 0x80, 0x1f,
    0xff, 0xff, 0xff, 0xf8, 0x1, 0xff, 0xff, 0xff,
    0xff, 0x80, 0x1f, 0xff, 0xff, 0xff, 0xf8, 0x1,
    0xff, 0xff, 0xff, 0xff, 0x80, 0x1f, 0xff, 0xff,
    0xff, 0xf8, 0x1, 0xff, 0xff, 0xff, 0xff, 0x80,
    0x1f, 0xff, 0xff, 0xff, 0xf8, 0x1, 0xff, 0xff,
    0xff, 0xff, 0x80, 0x1f, 0xff, 0xff, 0xff, 0xf8,
    0x1, 0xff, 0xff, 0xff, 0xff, 0x80, 0x1f, 0xff,
    0xff, 0xff, 0xf8, 0x1, 0xff, 0xfe, 0xff, 0xff,
    0x80, 0x1f, 0xff, 0xef, 0xff, 0xf8, 0x1, 0xff,
    0xfe, 0xff, 0xff, 0x80, 0x1f, 0xff, 0xef, 0xff,
    0xf8, 0x3, 0xff, 0xfe, 0xff, 0xff, 0x80, 0x7f,
    0xff, 0xef, 0xff, 0xf8, 0xf, 0xff, 0xfc, 0xff,
    0xff, 0x8f, 0xff, 0xff, 0xcf, 0xff, 0xf8, 0xff,
    0xff, 0xfc, 0xff, 0xff, 0x8f, 0xff, 0xff, 0x8f,
    0xff, 0xf8, 0xff, 0xff, 0xf8, 0xff, 0xff, 0x8f,
    0xff, 0xff, 0xf, 0xff, 0xf8, 0xff, 0xff, 0xf0,
    0xff, 0xff, 0x8f, 0xff, 0xfe, 0xf, 0xff, 0xf8,
    0xff, 0xff, 0xc0, 0xff, 0xff, 0x8f, 0xff, 0xf8,
    0xf, 0xff, 0xf8, 0xff, 0xff, 0x0, 0xff, 0xff,
    0x8f, 0xff, 0xe0, 0xf, 0xff, 0xf8, 0xff, 0xf8,
    0x0, 0xff, 0xff, 0x8f, 0xfc, 0x0, 0x0,

    /* U+00E0 "à" */
    0x0, 0x10, 0x0, 0x0, 0x0, 0x0, 0x3, 0xc0,
    0x0, 0x0, 0x0, 0x0, 0x7e, 0x0, 0x0, 0x0,
    0x0, 0xf, 0xf0, 0x0, 0x0, 0x0, 0x1, 0xff,
    0x80, 0x0, 0x0, 0x0, 0x3f, 0xfc, 0x0, 0x0,
    0x0, 0x7, 0xff, 0xe0, 0x0, 0x0, 0x0, 0xff,
    0xff, 0x0, 0x0, 0x0, 0x1f, 0xff, 0xfc, 0x0,
    0x0, 0x3, 0xff, 0xff, 0xe0, 0x0, 0x0, 0x7f,
    0xff, 0xff, 0x0, 0x0, 0xf, 0xff, 0xff, 0xe0,
    0x0, 0x1, 0xff, 0xff, 0xfc, 0x0, 0x0, 0x3f,
    0xff, 0xff, 0x80, 0x0, 0x7, 0xff, 0xff, 0xf0,
    0x0, 0x0, 0xff, 0xff, 0xfe, 0x0, 0x0, 0x1f,
    0xff, 0xff, 0xc0, 0x0, 0x0, 0x7f, 0xff, 0xf8,
    0x0, 0x0, 0x0, 0x7f, 0xff, 0x0, 0x0, 0x0,
    0x0, 0x7f, 0xe0, 0x0, 0x0, 0x0, 0x0, 0x7c,
    0x0, 0x0, 0x0, 0x0, 0x0, 0x0, 0x0, 0x0,
    0x0, 0x0, 0x0, 0x0, 0x0, 0x0, 0x0, 0x0,
    0x0, 0x0, 0x0, 0xff, 0xf0, 0x0, 0x0, 0x1,
    0xff, 0xff, 0xc0, 0x0, 0x1, 0xff, 0xff, 0xff,
    0x0, 0x0, 0x7f, 0xff, 0xff, 0xf8, 0x0, 0x3f,
    0xff, 0xff, 0xff, 0x80, 0xf, 0xff, 0xff, 0xff,
    0xf8, 0x3, 0xff, 0xff, 0xff, 0xff, 0x80, 0x7f,
    0xff, 0xff, 0xff, 0xf8, 0x1f, 0xff, 0xff, 0xff,
    0xff, 0x3, 0xff, 0xff, 0xff, 0xff, 0xf0, 0xff,
    0xff, 0xff, 0xff, 0xff, 0x1f, 0xff, 0xff, 0xff,
    0xff, 0xe3, 0xff, 0xff, 0xff, 0xff, 0xfc, 0x7f,
    0xff, 0xe3, 0xff, 0xff, 0x9f, 0xff, 0xf8, 0x3f,
    0xff, 0xfb, 0xff, 0xfe, 0x3, 0xff, 0xff, 0x7f,
    0xff, 0xc0, 0x7f, 0xff, 0xef, 0xff, 0xf8, 0xf,
    0xff, 0xfd, 0xff, 0xff, 0x1, 0xff, 0xff, 0xbf,
    0xff, 0xe0, 0x3f, 0xff, 0xf7, 0xff, 0xfc, 0x7,
    0xff, 0xfe, 0xff, 0xff, 0x80, 0xff, 0xff, 0xc0,
    0x0, 0x0, 0x1f, 0xff, 0xf8, 0x0, 0x0, 0x3,
    0xff, 0xff, 0x0, 0x0, 0x0, 0x7f, 0xff, 0xe0,
    0x0, 0x0, 0xf, 0xff, 0xfc, 0x0, 0x0, 0x1,
    0xff, 0xff, 0x80, 0x0, 0x0, 0xff, 0xff, 0xf0,
    0x0, 0x0, 0xff, 0xff, 0xfe, 0x0, 0x0, 0xff,
    0xff, 0xff, 0xc0, 0x0, 0xff, 0xff, 0xff, 0xf8,
    0x0, 0x7f, 0xff, 0xff, 0xff, 0x0, 0x3f, 0xff,
    0xff, 0xff, 0xe0, 0x1f, 0xff, 0xff, 0xff, 0xfc,
    0xf, 0xff, 0xff, 0xff, 0xff, 0x83, 0xff, 0xff,
    0xff, 0xff, 0xf0, 0xff, 0xff, 0xe7, 0xff, 0xfe,
    0x1f, 0xff, 0xf0, 0xff, 0xff, 0xc7, 0xff, 0xfc,
    0x1f, 0xff, 0xf9, 0xff, 0xff, 0x83, 0xff, 0xff,
    0x3f, 0xff, 0xe0, 0x7f, 0xff, 0xef, 0xff, 0xfc,
    0xf, 0xff, 0xfd, 0xff, 0xff, 0x1, 0xff, 0xff,
    0xbf, 0xff, 0xe0, 0x3f, 0xff, 0xf7, 0xff, 0xfc,
    0x7, 0xff, 0xff, 0xff, 0xff, 0x80, 0xff, 0xff,
    0xff, 0xff, 0xf0, 0x1f, 0xff, 0xff, 0xff, 0xfe,
    0x3, 0xff, 0xff, 0xff, 0xff, 0xc0, 0x7f, 0xff,
    0xff, 0xff, 0xf8, 0xf, 0xff, 0xff, 0xff, 0xff,
    0x1, 0xff, 0xff, 0xff, 0xff, 0xe0, 0x3f, 0xff,
    0xff, 0xff, 0xfc, 0x7, 0xff, 0xff, 0xff, 0xff,
    0x80, 0xff, 0xff, 0xff, 0xff, 0xf0, 0x1f, 0xff,
    0xff, 0xff, 0xfe, 0x3, 0xff, 0xff, 0xff, 0xff,
    0xc0, 0x7f, 0xff, 0xff, 0xff, 0xf8, 0xf, 0xff,
    0xff, 0xff, 0xff, 0x1, 0xff, 0xff, 0xff, 0xff,
    0xf0, 0x7f, 0xff, 0xff, 0xff, 0xfe, 0xf, 0xff,
    0xfe, 0xff, 0xff, 0xe3, 0xff, 0xff, 0xdf, 0xff,
    0xff, 0xff, 0xff, 0xfb, 0xff, 0xff, 0xff, 0xff,
    0xff, 0x7f, 0xff, 0xff, 0xff, 0xff, 0xef, 0xff,
    0xff, 0xff, 0xff, 0xfc, 0xff, 0xff, 0xff, 0xff,
    0xff, 0x9f, 0xff, 0xff, 0xff, 0xff, 0xf1, 0xff,
    0xff, 0xf7, 0xff, 0xfe, 0x3f, 0xff, 0xfe, 0xff,
    0xff, 0xc3, 0xff, 0xff, 0x9f, 0xff, 0xf8, 0x3f,
    0xff, 0xe3, 0xff, 0xff, 0x3, 0xff, 0xf8, 0x7f,
    0xff, 0xe0, 0x3f, 0xfe, 0xf, 0xff, 0xfc, 0x0,
    0xff, 0x0, 0x0, 0x0, 0x0,

    /* U+00E1 "á" */
    0x0, 0x0, 0x0, 0x0, 0x40, 0x0, 0x0, 0x0,
    0x0, 0x38, 0x0, 0x0, 0x0, 0x0, 0x3f, 0x0,
    0x0, 0x0, 0x0, 0x1f, 0xe0, 0x0, 0x0, 0x0,
    0xf, 0xfc, 0x0, 0x0, 0x0, 0x7, 0xff, 0x80,
    0x0, 0x0, 0x3, 0xff, 0xf0, 0x0, 0x0, 0x1,
    0xff, 0xfe, 0x0, 0x0, 0x1, 0xff, 0xff, 0xc0,
    0x0, 0x0, 0xff, 0xff, 0xf8, 0x0, 0x0, 0x7f,
    0xff, 0xff, 0x0, 0x0, 0xf, 0xff, 0xff, 0xe0,
    0x0, 0x1, 0xff, 0xff, 0xfc, 0x0, 0x0, 0x3f,
    0xff, 0xff, 0x80, 0x0, 0x7, 0xff, 0xff, 0xf0,
    0x0, 0x0, 0xff, 0xff, 0xfe, 0x0, 0x0, 0x1f,
    0xff, 0xff, 0xc0, 0x0, 0x3, 0xff, 0xff, 0xc0,
    0x0, 0x0, 0x7f, 0xff, 0x0, 0x0, 0x0, 0xf,
    0xfc, 0x0, 0x0, 0x0, 0x1, 0xf0, 0x0, 0x0,
    0x0, 0x0, 0x0, 0x0, 0x0, 0x0, 0x0, 0x0,
    0x0, 0x0, 0x0, 0x0, 0x0, 0x0, 0x0, 0x0,
    0x0, 0x0, 0x0, 0xff, 0xf0, 0x0, 0x0, 0x1,
    0xff, 0xff, 0xc0, 0x0, 0x1, 0xff, 0xff, 0xff,
    0x0, 0x0, 0x7f, 0xff, 0xff, 0xf8, 0x0, 0x3f,
    0xff, 0xff, 0xff, 0x80, 0xf, 0xff, 0xff, 0xff,
    0xf8, 0x3, 0xff, 0xff, 0xff, 0xff, 0x80, 0x7f,
    0xff, 0xff, 0xff, 0xf8, 0x1f, 0xff, 0xff, 0xff,
    0xff, 0x3, 0xff, 0xff, 0xff, 0xff, 0xf0, 0xff,
    0xff, 0xff, 0xff, 0xff, 0x1f, 0xff, 0xff, 0xff,
    0xff, 0xe3, 0xff, 0xff, 0xff, 0xff, 0xfc, 0x7f,
    0xff, 0xe3, 0xff, 0xff, 0x9f, 0xff, 0xf8, 0x3f,
    0xff, 0xfb, 0xff, 0xfe, 0x3, 0xff, 0xff, 0x7f,
    0xff, 0xc0, 0x7f, 0xff, 0xef, 0xff, 0xf8, 0xf,
    0xff, 0xfd, 0xff, 0xff, 0x1, 0xff, 0xff, 0xbf,
    0xff, 0xe0, 0x3f, 0xff, 0xf7, 0xff, 0xfc, 0x7,
    0xff, 0xfe, 0xff, 0xff, 0x80, 0xff, 0xff, 0xc0,
    0x0, 0x0, 0x1f, 0xff, 0xf8, 0x0, 0x0, 0x3,
    0xff, 0xff, 0x0, 0x0, 0x0, 0x7f, 0xff, 0xe0,
    0x0, 0x0, 0xf, 0xff, 0xfc, 0x0, 0x0, 0x1,
    0xff, 0xff, 0x80, 0x0, 0x0, 0xff, 0xff, 0xf0,
    0x0, 0x0, 0xff, 0xff, 0xfe, 0x0, 0x0, 0xff,
    0xff, 0xff, 0xc0, 0x0, 0xff, 0xff, 0xff, 0xf8,
    0x0, 0x7f, 0xff, 0xff, 0xff, 0x0, 0x3f, 0xff,
    0xff, 0xff, 0xe0, 0x1f, 0xff, 0xff, 0xff, 0xfc,
    0xf, 0xff, 0xff, 0xff, 0xff, 0x83, 0xff, 0xff,
    0xff, 0xff, 0xf0, 0xff, 0xff, 0xe7, 0xff, 0xfe,
    0x1f, 0xff, 0xf0, 0xff, 0xff, 0xc7, 0xff, 0xfc,
    0x1f, 0xff, 0xf9, 0xff, 0xff, 0x83, 0xff, 0xff,
    0x3f, 0xff, 0xe0, 0x7f, 0xff, 0xef, 0xff, 0xfc,
    0xf, 0xff, 0xfd, 0xff, 0xff, 0x1, 0xff, 0xff,
    0xbf, 0xff, 0xe0, 0x3f, 0xff, 0xf7, 0xff, 0xfc,
    0x7, 0xff, 0xff, 0xff, 0xff, 0x80, 0xff, 0xff,
    0xff, 0xff, 0xf0, 0x1f, 0xff, 0xff, 0xff, 0xfe,
    0x3, 0xff, 0xff, 0xff, 0xff, 0xc0, 0x7f, 0xff,
    0xff, 0xff, 0xf8, 0xf, 0xff, 0xff, 0xff, 0xff,
    0x1, 0xff, 0xff, 0xff, 0xff, 0xe0, 0x3f, 0xff,
    0xff, 0xff, 0xfc, 0x7, 0xff, 0xff, 0xff, 0xff,
    0x80, 0xff, 0xff, 0xff, 0xff, 0xf0, 0x1f, 0xff,
    0xff, 0xff, 0xfe, 0x3, 0xff, 0xff, 0xff, 0xff,
    0xc0, 0x7f, 0xff, 0xff, 0xff, 0xf8, 0xf, 0xff,
    0xff, 0xff, 0xff, 0x1, 0xff, 0xff, 0xff, 0xff,
    0xf0, 0x7f, 0xff, 0xff, 0xff, 0xfe, 0xf, 0xff,
    0xfe, 0xff, 0xff, 0xe3, 0xff, 0xff, 0xdf, 0xff,
    0xff, 0xff, 0xff, 0xfb, 0xff, 0xff, 0xff, 0xff,
    0xff, 0x7f, 0xff, 0xff, 0xff, 0xff, 0xef, 0xff,
    0xff, 0xff, 0xff, 0xfc, 0xff, 0xff, 0xff, 0xff,
    0xff, 0x9f, 0xff, 0xff, 0xff, 0xff, 0xf1, 0xff,
    0xff, 0xf7, 0xff, 0xfe, 0x3f, 0xff, 0xfe, 0xff,
    0xff, 0xc3, 0xff, 0xff, 0x9f, 0xff, 0xf8, 0x3f,
    0xff, 0xe3, 0xff, 0xff, 0x3, 0xff, 0xf8, 0x7f,
    0xff, 0xe0, 0x3f, 0xfe, 0xf, 0xff, 0xfc, 0x0,
    0xff, 0x0, 0x0, 0x0, 0x0,

    /* U+00E2 "â" */
    0x0, 0xf, 0xff, 0xff, 0x80, 0x0, 0x0, 0xff,
    0xff, 0xf8, 0x0, 0x0, 0x1f, 0xff, 0xff, 0xc0,
    0x0, 0x3, 0xff, 0xff, 0xfc, 0x0, 0x0, 0x3f,
    0xff, 0xff, 0xe0, 0x0, 0x7, 0xff, 0xff, 0xff,
    0x0, 0x0, 0x7f, 0xff, 0xff, 0xf0, 0x0, 0xf,
    0xff, 0xdf, 0xff, 0x80, 0x1, 0xff, 0xf9, 0xff,
    0xfc, 0x0, 0x1f, 0xff, 0x9f, 0xff, 0xc0, 0x3,
    0xff, 0xf8, 0xff, 0xfe, 0x0, 0x7f, 0xff, 0xf,
    0xff, 0xe0, 0x7, 0xff, 0xf0, 0xff, 0xff, 0x0,
    0xff, 0xff, 0x7, 0xff, 0xf8, 0xf, 0xff, 0xf0,
    0x7f, 0xff, 0x81, 0xff, 0xfe, 0x7, 0xff, 0xfc,
    0x3f, 0xff, 0xe0, 0x3f, 0xff, 0xe3, 0xff, 0xfe,
    0x3, 0xff, 0xfe, 0x7f, 0xff, 0xc0, 0x3f, 0xff,
    0xf0, 0x0, 0x0, 0x0, 0x0, 0x0, 0x0, 0x0,
    0x0, 0x0, 0x0, 0x0, 0x0, 0x0, 0x0, 0x0,
    0x0, 0x0, 0x0, 0x0, 0x0, 0x0, 0x0, 0x0,
    0x0, 0x0, 0x0, 0x0, 0x0, 0x0, 0xff, 0xf0,
    0x0, 0x0, 0x0, 0xff, 0xff, 0xe0, 0x0, 0x0,
    0x7f, 0xff, 0xff, 0xc0, 0x0, 0xf, 0xff, 0xff,
    0xff, 0x0, 0x3, 0xff, 0xff, 0xff, 0xf8, 0x0,
    0x7f, 0xff, 0xff, 0xff, 0xc0, 0xf, 0xff, 0xff,
    0xff, 0xfe, 0x0, 0xff, 0xff, 0xff, 0xff, 0xf0,
    0x1f, 0xff, 0xff, 0xff, 0xff, 0x1, 0xff, 0xff,
    0xff, 0xff, 0xf8, 0x3f, 0xff, 0xff, 0xff, 0xff,
    0xc3, 0xff, 0xff, 0xff, 0xff, 0xfc, 0x3f, 0xff,
    0xff, 0xff, 0xff, 0xc3, 0xff, 0xff, 0x1f, 0xff,
    0xfc, 0x7f, 0xff, 0xe0, 0xff, 0xff, 0xe7, 0xff,
    0xfc, 0x7, 0xff, 0xfe, 0x7f, 0xff, 0xc0, 0x7f,
    0xff, 0xe7, 0xff, 0xfc, 0x7, 0xff, 0xfe, 0x7f,
    0xff, 0xc0, 0x7f, 0xff, 0xe7, 0xff, 0xfc, 0x7,
    0xff, 0xfe, 0x7f, 0xff, 0xc0, 0x7f, 0xff, 0xe7,
    0xff, 0xfc, 0x7, 0xff, 0xfe, 0x0, 0x0, 0x0,
    0x7f, 0xff, 0xe0, 0x0, 0x0, 0x7, 0xff, 0xfe,
    0x0, 0x0, 0x0, 0x7f, 0xff, 0xe0, 0x0, 0x0,
    0x7, 0xff, 0xfe, 0x0, 0x0, 0x0, 0x7f, 0xff,
    0xe0, 0x0, 0x0, 0x1f, 0xff, 0xfe, 0x0, 0x0,
    0xf, 0xff, 0xff, 0xe0, 0x0, 0x7, 0xff, 0xff,
    0xfe, 0x0, 0x3, 0xff, 0xff, 0xff, 0xe0, 0x0,
    0xff, 0xff, 0xff, 0xfe, 0x0, 0x3f, 0xff, 0xff,
    0xff, 0xe0, 0xf, 0xff, 0xff, 0xff, 0xfe, 0x3,
    0xff, 0xff, 0xff, 0xff, 0xe0, 0x7f, 0xff, 0xff,
    0xff, 0xfe, 0xf, 0xff, 0xfe, 0x7f, 0xff, 0xe0,
    0xff, 0xff, 0x87, 0xff, 0xfe, 0x1f, 0xff, 0xf0,
    0x7f, 0xff, 0xe3, 0xff, 0xff, 0x7, 0xff, 0xfe,
    0x3f, 0xff, 0xe0, 0x7f, 0xff, 0xe7, 0xff, 0xfe,
    0x7, 0xff, 0xfe, 0x7f, 0xff, 0xc0, 0x7f, 0xff,
    0xe7, 0xff, 0xfc, 0x7, 0xff, 0xfe, 0x7f, 0xff,
    0xc0, 0x7f, 0xff, 0xef, 0xff, 0xfc, 0x7, 0xff,
    0xfe, 0xff, 0xff, 0xc0, 0x7f, 0xff, 0xef, 0xff,
    0xfc, 0x7, 0xff, 0xfe, 0xff, 0xff, 0xc0, 0x7f,
    0xff, 0xef, 0xff, 0xfc, 0x7, 0xff, 0xfe, 0xff,
    0xff, 0xc0, 0x7f, 0xff, 0xef, 0xff, 0xfc, 0x7,
    0xff, 0xfe, 0xff, 0xff, 0xc0, 0x7f, 0xff, 0xef,
    0xff, 0xfc, 0x7, 0xff, 0xfe, 0xff, 0xff, 0xc0,
    0x7f, 0xff, 0xef, 0xff, 0xfc, 0x7, 0xff, 0xfe,
    0xff, 0xff, 0xc0, 0x7f, 0xff, 0xef, 0xff, 0xfc,
    0x7, 0xff, 0xfe, 0xff, 0xff, 0xc0, 0x7f, 0xff,
    0xef, 0xff, 0xfe, 0xf, 0xff, 0xfe, 0xff, 0xff,
    0xe0, 0xff, 0xff, 0xe7, 0xff, 0xff, 0x1f, 0xff,
    0xfe, 0x7f, 0xff, 0xff, 0xff, 0xff, 0xe7, 0xff,
    0xff, 0xff, 0xff, 0xfe, 0x7f, 0xff, 0xff, 0xff,
    0xff, 0xe7, 0xff, 0xff, 0xff, 0xff, 0xfe, 0x3f,
    0xff, 0xff, 0xff, 0xff, 0xe3, 0xff, 0xff, 0xff,
    0xff, 0xfe, 0x1f, 0xff, 0xff, 0x7f, 0xff, 0xe1,
    0xff, 0xff, 0xf7, 0xff, 0xfe, 0xf, 0xff, 0xfe,
    0x7f, 0xff, 0xe0, 0x7f, 0xff, 0xc7, 0xff, 0xfe,
    0x3, 0xff, 0xf8, 0x7f, 0xff, 0xe0, 0x1f, 0xff,
    0x7, 0xff, 0xfe, 0x0, 0x3f, 0xc0, 0x0, 0x0,
    0x0,

    /* U+00E3 "ã" */
    0x0, 0x1f, 0xe0, 0x0, 0x20, 0x0, 0xf, 0xff,
    0x80, 0x7, 0x80, 0x7, 0xff, 0xfe, 0x1, 0xfe,
    0x1, 0xff, 0xff, 0xf0, 0x7f, 0xe0, 0x7f, 0xff,
    0xff, 0xff, 0xfc, 0xf, 0xff, 0xff, 0xff, 0xff,
    0x83, 0xff, 0xff, 0xff, 0xff, 0xe0, 0x7f, 0xff,
    0xff, 0xff, 0xfc, 0x1f, 0xff, 0xff, 0xff, 0xff,
    0x3, 0xff, 0xff, 0xff, 0xff, 0xe0, 0xff, 0xff,
    0xff, 0xff, 0xf8, 0x7, 0xf8, 0x3f, 0xff, 0xfe,
    0x0, 0x3e, 0x0, 0xff, 0xff, 0x80, 0x0, 0x80,
    0x3, 0xff, 0xe0, 0x0, 0x0, 0x0, 0xf, 0xf0,
    0x0, 0x0, 0x0, 0x0, 0x0, 0x0, 0x0, 0x0,
    0x0, 0x0, 0x0, 0x0, 0x0, 0x0, 0x0, 0x0,
    0x0, 0x0, 0x0, 0x0, 0x0, 0x0, 0x0, 0x0,
    0x0, 0x0, 0x0, 0x0, 0x0, 0x0, 0x0, 0x0,
    0x0, 0x0, 0x1, 0xff, 0xe0, 0x0, 0x0, 0x3,
    0xff, 0xff, 0x80, 0x0, 0x3, 0xff, 0xff, 0xfe,
    0x0, 0x0, 0xff, 0xff, 0xff, 0xf0, 0x0, 0x7f,
    0xff, 0xff, 0xff, 0x0, 0x1f, 0xff, 0xff, 0xff,
    0xf0, 0x7, 0xff, 0xff, 0xff, 0xff, 0x0, 0xff,
    0xff, 0xff, 0xff, 0xf0, 0x3f, 0xff, 0xff, 0xff,
    0xfe, 0x7, 0xff, 0xff, 0xff, 0xff, 0xe1, 0xff,
    0xff, 0xff, 0xff, 0xfe, 0x3f, 0xff, 0xff, 0xff,
    0xff, 0xc7, 0xff, 0xff, 0xff, 0xff, 0xf8, 0xff,
    0xff, 0xc7, 0xff, 0xff, 0x3f, 0xff, 0xf0, 0x7f,
    0xff, 0xf7, 0xff, 0xfc, 0x7, 0xff, 0xfe, 0xff,
    0xff, 0x80, 0xff, 0xff, 0xdf, 0xff, 0xf0, 0x1f,
    0xff, 0xfb, 0xff, 0xfe, 0x3, 0xff, 0xff, 0x7f,
    0xff, 0xc0, 0x7f, 0xff, 0xef, 0xff, 0xf8, 0xf,
    0xff, 0xfd, 0xff, 0xff, 0x1, 0xff, 0xff, 0x80,
    0x0, 0x0, 0x3f, 0xff, 0xf0, 0x0, 0x0, 0x7,
    0xff, 0xfe, 0x0, 0x0, 0x0, 0xff, 0xff, 0xc0,
    0x0, 0x0, 0x1f, 0xff, 0xf8, 0x0, 0x0, 0x3,
    0xff, 0xff, 0x0, 0x0, 0x1, 0xff, 0xff, 0xe0,
    0x0, 0x1, 0xff, 0xff, 0xfc, 0x0, 0x1, 0xff,
    0xff, 0xff, 0x80, 0x1, 0xff, 0xff, 0xff, 0xf0,
    0x0, 0xff, 0xff, 0xff, 0xfe, 0x0, 0x7f, 0xff,
    0xff, 0xff, 0xc0, 0x3f, 0xff, 0xff, 0xff, 0xf8,
    0x1f, 0xff, 0xff, 0xff, 0xff, 0x7, 0xff, 0xff,
    0xff, 0xff, 0xe1, 0xff, 0xff, 0xcf, 0xff, 0xfc,
    0x3f, 0xff, 0xe1, 0xff, 0xff, 0x8f, 0xff, 0xf8,
    0x3f, 0xff, 0xf3, 0xff, 0xff, 0x7, 0xff, 0xfe,
    0x7f, 0xff, 0xc0, 0xff, 0xff, 0xdf, 0xff, 0xf8,
    0x1f, 0xff, 0xfb, 0xff, 0xfe, 0x3, 0xff, 0xff,
    0x7f, 0xff, 0xc0, 0x7f, 0xff, 0xef, 0xff, 0xf8,
    0xf, 0xff, 0xff, 0xff, 0xff, 0x1, 0xff, 0xff,
    0xff, 0xff, 0xe0, 0x3f, 0xff, 0xff, 0xff, 0xfc,
    0x7, 0xff, 0xff, 0xff, 0xff, 0x80, 0xff, 0xff,
    0xff, 0xff, 0xf0, 0x1f, 0xff, 0xff, 0xff, 0xfe,
    0x3, 0xff, 0xff, 0xff, 0xff, 0xc0, 0x7f, 0xff,
    0xff, 0xff, 0xf8, 0xf, 0xff, 0xff, 0xff, 0xff,
    0x1, 0xff, 0xff, 0xff, 0xff, 0xe0, 0x3f, 0xff,
    0xff, 0xff, 0xfc, 0x7, 0xff, 0xff, 0xff, 0xff,
    0x80, 0xff, 0xff, 0xff, 0xff, 0xf0, 0x1f, 0xff,
    0xff, 0xff, 0xfe, 0x3, 0xff, 0xff, 0xff, 0xff,
    0xe0, 0xff, 0xff, 0xff, 0xff, 0xfc, 0x1f, 0xff,
    0xfd, 0xff, 0xff, 0xc7, 0xff, 0xff, 0xbf, 0xff,
    0xff, 0xff, 0xff, 0xf7, 0xff, 0xff, 0xff, 0xff,
    0xfe, 0xff, 0xff, 0xff, 0xff, 0xff, 0xdf, 0xff,
    0xff, 0xff, 0xff, 0xf9, 0xff, 0xff, 0xff, 0xff,
    0xff, 0x3f, 0xff, 0xff, 0xff, 0xff, 0xe3, 0xff,
    0xff, 0xef, 0xff, 0xfc, 0x7f, 0xff, 0xfd, 0xff,
    0xff, 0x87, 0xff, 0xff, 0x3f, 0xff, 0xf0, 0x7f,
    0xff, 0xc7, 0xff, 0xfe, 0x7, 0xff, 0xf0, 0xff,
    0xff, 0xc0, 0x7f, 0xfc, 0x1f, 0xff, 0xf8, 0x1,
    0xfe, 0x0, 0x0, 0x0,

    /* U+00E4 "ä" */
    0x7f, 0xff, 0xe0, 0x7f, 0xff, 0xef, 0xff, 0xfc,
    0xf, 0xff, 0xfd, 0xff, 0xff, 0x81, 0xff, 0xff,
    0xbf, 0xff, 0xf0, 0x3f, 0xff, 0xf7, 0xff, 0xfe,
    0x7, 0xff, 0xfe, 0xff, 0xff, 0xc0, 0xff, 0xff,
    0xdf, 0xff, 0xf8, 0x1f, 0xff, 0xfb, 0xff, 0xff,
    0x3, 0xff, 0xff, 0x7f, 0xff, 0xe0, 0x7f, 0xff,
    0xef, 0xff, 0xfc, 0xf, 0xff, 0xfd, 0xff, 0xff,
    0x81, 0xff, 0xff, 0xbf, 0xff, 0xf0, 0x3f, 0xff,
    0xf7, 0xff, 0xfe, 0x7, 0xff, 0xfe, 0xff, 0xff,
    0xc0, 0xff, 0xff, 0xc0, 0x0, 0x0, 0x0, 0x0,
    0x0, 0x0, 0x0, 0x0, 0x0, 0x0, 0x0, 0x0,
    0x0, 0x0, 0x0, 0x0, 0x0, 0x0, 0x0, 0x0,
    0x0, 0x0, 0x0, 0x0, 0x0, 0x0, 0x0, 0x0,
    0x7f, 0xf8, 0x0, 0x0, 0x0, 0xff, 0xff, 0xe0,
    0x0, 0x0, 0xff, 0xff, 0xff, 0x80, 0x0, 0x3f,
    0xff, 0xff, 0xfc, 0x0, 0x1f, 0xff, 0xff, 0xff,
    0xc0, 0x7, 0xff, 0xff, 0xff, 0xfc, 0x1, 0xff,
    0xff, 0xff, 0xff, 0xc0, 0x3f, 0xff, 0xff, 0xff,
    0xfc, 0xf, 0xff, 0xff, 0xff, 0xff, 0x81, 0xff,
    0xff, 0xff, 0xff, 0xf8, 0x7f, 0xff, 0xff, 0xff,
    0xff, 0x8f, 0xff, 0xff, 0xff, 0xff, 0xf1, 0xff,
    0xff, 0xff, 0xff, 0xfe, 0x3f, 0xff, 0xf1, 0xff,
    0xff, 0xcf, 0xff, 0xfc, 0x1f, 0xff, 0xfd, 0xff,
    0xff, 0x1, 0xff, 0xff, 0xbf, 0xff, 0xe0, 0x3f,
    0xff, 0xf7, 0xff, 0xfc, 0x7, 0xff, 0xfe, 0xff,
    0xff, 0x80, 0xff, 0xff, 0xdf, 0xff, 0xf0, 0x1f,
    0xff, 0xfb, 0xff, 0xfe, 0x3, 0xff, 0xff, 0x7f,
    0xff, 0xc0, 0x7f, 0xff, 0xe0, 0x0, 0x0, 0xf,
    0xff, 0xfc, 0x0, 0x0, 0x1, 0xff, 0xff, 0x80,
    0x0, 0x0, 0x3f, 0xff, 0xf0, 0x0, 0x0, 0x7,
    0xff, 0xfe, 0x0, 0x0, 0x0, 0xff, 0xff, 0xc0,
    0x0, 0x0, 0x7f, 0xff, 0xf8, 0x0, 0x0, 0x7f,
    0xff, 0xff, 0x0, 0x0, 0x7f, 0xff, 0xff, 0xe0,
    0x0, 0x7f, 0xff, 0xff, 0xfc, 0x0, 0x3f, 0xff,
    0xff, 0xff, 0x80, 0x1f, 0xff, 0xff, 0xff, 0xf0,
    0xf, 0xff, 0xff, 0xff, 0xfe, 0x7, 0xff, 0xff,
    0xff, 0xff, 0xc1, 0xff, 0xff, 0xff, 0xff, 0xf8,
    0x7f, 0xff, 0xf3, 0xff, 0xff, 0xf, 0xff, 0xf8,
    0x7f, 0xff, 0xe3, 0xff, 0xfe, 0xf, 0xff, 0xfc,
    0xff, 0xff, 0xc1, 0xff, 0xff, 0x9f, 0xff, 0xf0,
    0x3f, 0xff, 0xf7, 0xff, 0xfe, 0x7, 0xff, 0xfe,
    0xff, 0xff, 0x80, 0xff, 0xff, 0xdf, 0xff, 0xf0,
    0x1f, 0xff, 0xfb, 0xff, 0xfe, 0x3, 0xff, 0xff,
    0xff, 0xff, 0xc0, 0x7f, 0xff, 0xff, 0xff, 0xf8,
    0xf, 0xff, 0xff, 0xff, 0xff, 0x1, 0xff, 0xff,
    0xff, 0xff, 0xe0, 0x3f, 0xff, 0xff, 0xff, 0xfc,
    0x7, 0xff, 0xff, 0xff, 0xff, 0x80, 0xff, 0xff,
    0xff, 0xff, 0xf0, 0x1f, 0xff, 0xff, 0xff, 0xfe,
    0x3, 0xff, 0xff, 0xff, 0xff, 0xc0, 0x7f, 0xff,
    0xff, 0xff, 0xf8, 0xf, 0xff, 0xff, 0xff, 0xff,
    0x1, 0xff, 0xff, 0xff, 0xff, 0xe0, 0x3f, 0xff,
    0xff, 0xff, 0xfc, 0x7, 0xff, 0xff, 0xff, 0xff,
    0x80, 0xff, 0xff, 0xff, 0xff, 0xf8, 0x3f, 0xff,
    0xff, 0xff, 0xff, 0x7, 0xff, 0xff, 0x7f, 0xff,
    0xf1, 0xff, 0xff, 0xef, 0xff, 0xff, 0xff, 0xff,
    0xfd, 0xff, 0xff, 0xff, 0xff, 0xff, 0xbf, 0xff,
    0xff, 0xff, 0xff, 0xf7, 0xff, 0xff, 0xff, 0xff,
    0xfe, 0x7f, 0xff, 0xff, 0xff, 0xff, 0xcf, 0xff,
    0xff, 0xff, 0xff, 0xf8, 0xff, 0xff, 0xfb, 0xff,
    0xff, 0x1f, 0xff, 0xff, 0x7f, 0xff, 0xe1, 0xff,
    0xff, 0xcf, 0xff, 0xfc, 0x1f, 0xff, 0xf1, 0xff,
    0xff, 0x81, 0xff, 0xfc, 0x3f, 0xff, 0xf0, 0x1f,
    0xff, 0x7, 0xff, 0xfe, 0x0, 0x7f, 0x80, 0x0,
    0x0, 0x0,

    /* U+00E5 "å" */
    0x0, 0x0, 0x3f, 0xe0, 0x0, 0x0, 0x0, 0x7f,
    0xff, 0xc0, 0x0, 0x0, 0x3f, 0xff, 0xfe, 0x0,
    0x0, 0xf, 0xff, 0xff, 0xe0, 0x0, 0x3, 0xff,
    0xff, 0xfe, 0x0, 0x0, 0xff, 0xff, 0xff, 0xe0,
    0x0, 0x3f, 0xff, 0xff, 0xfe, 0x0, 0xf, 0xff,
    0xff, 0xff, 0xe0, 0x1, 0xff, 0xff, 0xff, 0xfc,
    0x0, 0x7f, 0xfe, 0xf, 0xff, 0xc0, 0xf, 0xff,
    0x0, 0x7f, 0xf8, 0x1, 0xff, 0xc0, 0x7, 0xff,
    0x0, 0x7f, 0xf0, 0x0, 0x7f, 0xf0, 0xf, 0xfe,
    0x0, 0xf, 0xfe, 0x1, 0xff, 0x80, 0x0, 0xff,
    0xc0, 0x3f, 0xf0, 0x0, 0x1f, 0xf8, 0x7, 0xfe,
    0x0, 0x3, 0xff, 0x0, 0xff, 0xc0, 0x0, 0x7f,
    0xe0, 0x1f, 0xf8, 0x0, 0xf, 0xfc, 0x3, 0xff,
    0x80, 0x3, 0xff, 0x80, 0x7f, 0xf0, 0x0, 0x7f,
    0xf0, 0x7, 0xff, 0x0, 0x1f, 0xfc, 0x0, 0xff,
    0xf0, 0x7, 0xff, 0x80, 0x1f, 0xff, 0x83, 0xff,
    0xf0, 0x1, 0xff, 0xff, 0xff, 0xfc, 0x0, 0x3f,
    0xff, 0xff, 0xff, 0x80, 0x3, 0xff, 0xff, 0xff,
    0xe0, 0x0, 0x3f, 0xff, 0xff, 0xf8, 0x0, 0x3,
    0xff, 0xff, 0xfe, 0x0, 0x0, 0x3f, 0xff, 0xff,
    0x80, 0x0, 0x3, 0xff, 0xff, 0xe0, 0x0, 0x0,
    0x1f, 0xff, 0xf0, 0x0, 0x0, 0x0, 0x3f, 0xe0,
    0x0, 0x0, 0x0, 0x0, 0x0, 0x0, 0x0, 0x0,
    0x0, 0x0, 0x0, 0x0, 0x0, 0x0, 0x0, 0x0,
    0x0, 0x0, 0x0, 0x0, 0x0, 0x0, 0x0, 0x0,
    0x1, 0xff, 0xe0, 0x0, 0x0, 0x3, 0xff, 0xff,
    0x80, 0x0, 0x3, 0xff, 0xff, 0xfe, 0x0, 0x0,
    0xff, 0xff, 0xff, 0xf0, 0x0, 0x7f, 0xff, 0xff,
    0xff, 0x0, 0x1f, 0xff, 0xff, 0xff, 0xf0, 0x7,
    0xff, 0xff, 0xff, 0xff, 0x0, 0xff, 0xff, 0xff,
    0xff, 0xf0, 0x3f, 0xff, 0xff, 0xff, 0xfe, 0x7,
    0xff, 0xff, 0xff, 0xff, 0xe1, 0xff, 0xff, 0xff,
    0xff, 0xfe, 0x3f, 0xff, 0xff, 0xff, 0xff, 0xc7,
    0xff, 0xff, 0xff, 0xff, 0xf8, 0xff, 0xff, 0xc7,
    0xff, 0xff, 0x3f, 0xff, 0xf0, 0x7f, 0xff, 0xf7,
    0xff, 0xfc, 0x7, 0xff, 0xfe, 0xff, 0xff, 0x80,
    0xff, 0xff, 0xdf, 0xff, 0xf0, 0x1f, 0xff, 0xfb,
    0xff, 0xfe, 0x3, 0xff, 0xff, 0x7f, 0xff, 0xc0,
    0x7f, 0xff, 0xef, 0xff, 0xf8, 0xf, 0xff, 0xfd,
    0xff, 0xff, 0x1, 0xff, 0xff, 0x80, 0x0, 0x0,
    0x3f, 0xff, 0xf0, 0x0, 0x0, 0x7, 0xff, 0xfe,
    0x0, 0x0, 0x0, 0xff, 0xff, 0xc0, 0x0, 0x0,
    0x1f, 0xff, 0xf8, 0x0, 0x0, 0x3, 0xff, 0xff,
    0x0, 0x0, 0x1, 0xff, 0xff, 0xe0, 0x0, 0x1,
    0xff, 0xff, 0xfc, 0x0, 0x1, 0xff, 0xff, 0xff,
    0x80, 0x1, 0xff, 0xff, 0xff, 0xf0, 0x0, 0xff,
    0xff, 0xff, 0xfe, 0x0, 0x7f, 0xff, 0xff, 0xff,
    0xc0, 0x3f, 0xff, 0xff, 0xff, 0xf8, 0x1f, 0xff,
    0xff, 0xff, 0xff, 0x7, 0xff, 0xff, 0xff, 0xff,
    0xe1, 0xff, 0xff, 0xcf, 0xff, 0xfc, 0x3f, 0xff,
    0xe1, 0xff, 0xff, 0x8f, 0xff, 0xf8, 0x3f, 0xff,
    0xf3, 0xff, 0xff, 0x7, 0xff, 0xfe, 0x7f, 0xff,
    0xc0, 0xff, 0xff, 0xdf, 0xff, 0xf8, 0x1f, 0xff,
    0xfb, 0xff, 0xfe, 0x3, 0xff, 0xff, 0x7f, 0xff,
    0xc0, 0x7f, 0xff, 0xef, 0xff, 0xf8, 0xf, 0xff,
    0xff, 0xff, 0xff, 0x1, 0xff, 0xff, 0xff, 0xff,
    0xe0, 0x3f, 0xff, 0xff, 0xff, 0xfc, 0x7, 0xff,
    0xff, 0xff, 0xff, 0x80, 0xff, 0xff, 0xff, 0xff,
    0xf0, 0x1f, 0xff, 0xff, 0xff, 0xfe, 0x3, 0xff,
    0xff, 0xff, 0xff, 0xc0, 0x7f, 0xff, 0xff, 0xff,
    0xf8, 0xf, 0xff, 0xff, 0xff, 0xff, 0x1, 0xff,
    0xff, 0xff, 0xff, 0xe0, 0x3f, 0xff, 0xff, 0xff,
    0xfc, 0x7, 0xff, 0xff, 0xff, 0xff, 0x80, 0xff,
    0xff, 0xff, 0xff, 0xf0, 0x1f, 0xff, 0xff, 0xff,
    0xfe, 0x3, 0xff, 0xff, 0xff, 0xff, 0xe0, 0xff,
    0xff, 0xff, 0xff, 0xfc, 0x1f, 0xff, 0xfd, 0xff,
    0xff, 0xc7, 0xff, 0xff, 0xbf, 0xff, 0xff, 0xff,
    0xff, 0xf7, 0xff, 0xff, 0xff, 0xff, 0xfe, 0xff,
    0xff, 0xff, 0xff, 0xff, 0xdf, 0xff, 0xff, 0xff,
    0xff, 0xf9, 0xff, 0xff, 0xff, 0xff, 0xff, 0x3f,
    0xff, 0xff, 0xff, 0xff, 0xe3, 0xff, 0xff, 0xef,
    0xff, 0xfc, 0x7f, 0xff, 0xfd, 0xff, 0xff, 0x87,
    0xff, 0xff, 0x3f, 0xff, 0xf0, 0x7f, 0xff, 0xc7,
    0xff, 0xfe, 0x7, 0xff, 0xf0, 0xff, 0xff, 0xc0,
    0x7f, 0xfc, 0x1f, 0xff, 0xf8, 0x1, 0xfe, 0x0,
    0x0, 0x0,

    /* U+00E6 "æ" */
    0x0, 0x3, 0xff, 0xc0, 0x0, 0x1f, 0xfe, 0x0,
    0x0, 0x0, 0xff, 0xff, 0xc0, 0x7, 0xff, 0xfe,
    0x0, 0x0, 0x1f, 0xff, 0xff, 0x80, 0xff, 0xff,
    0xfc, 0x0, 0x3, 0xff, 0xff, 0xfe, 0x1f, 0xff,
    0xff, 0xf8, 0x0, 0x3f, 0xff, 0xff, 0xf9, 0xff,
    0xff, 0xff, 0xe0, 0x3, 0xff, 0xff, 0xff, 0xef,
    0xff, 0xff, 0xff, 0x80, 0x3f, 0xff, 0xff, 0xff,
    0xff, 0xff, 0xff, 0xfe, 0x1, 0xff, 0xff, 0xff,
    0xff, 0xff, 0xff, 0xff, 0xf8, 0x1f, 0xff, 0xff,
    0xff, 0xff, 0xff, 0xff, 0xff, 0xc0, 0xff, 0xff,
    0xff, 0xff, 0xff, 0xff, 0xff, 0xff, 0xf, 0xff,
    0xff, 0xff, 0xff, 0xff, 0xff, 0xff, 0xf8, 0x7f,
    0xff, 0xff, 0xff, 0xff, 0xff, 0xff, 0xff, 0xe3,
    0xff, 0xff, 0xff, 0xff, 0xff, 0xff, 0xff, 0xff,
    0x1f, 0xff, 0xf0, 0xff, 0xff, 0xfc, 0x3f, 0xff,
    0xf9, 0xff, 0xff, 0x83, 0xff, 0xff, 0xc0, 0xff,
    0xff, 0xcf, 0xff, 0xf8, 0x1f, 0xff, 0xfe, 0x7,
    0xff, 0xff, 0x7f, 0xff, 0xc0, 0x7f, 0xff, 0xe0,
    0x1f, 0xff, 0xfb, 0xff, 0xfe, 0x3, 0xff, 0xff,
    0x0, 0xff, 0xff, 0xdf, 0xff, 0xf0, 0x1f, 0xff,
    0xf8, 0x7, 0xff, 0xfe, 0xff, 0xff, 0x80, 0xff,
    0xff, 0xc0, 0x3f, 0xff, 0xf7, 0xff, 0xfc, 0x7,
    0xff, 0xfe, 0x1, 0xff, 0xff, 0xbf, 0xff, 0xe0,
    0x3f, 0xff, 0xf0, 0xf, 0xff, 0xfd, 0xff, 0xff,
    0x1, 0xff, 0xff, 0x80, 0x7f, 0xff, 0xe0, 0x0,
    0x0, 0xf, 0xff, 0xfc, 0x3, 0xff, 0xff, 0x0,
    0x0, 0x0, 0x7f, 0xff, 0xe0, 0x1f, 0xff, 0xf8,
    0x0, 0x0, 0x3, 0xff, 0xff, 0x0, 0xff, 0xff,
    0xc0, 0x0, 0x0, 0x1f, 0xff, 0xf8, 0x7, 0xff,
    0xfe, 0x0, 0x0, 0x7, 0xff, 0xff, 0xc0, 0x3f,
    0xff, 0xf0, 0x0, 0x1, 0xff, 0xff, 0xfe, 0x1,
    0xff, 0xff, 0x80, 0x0, 0x7f, 0xff, 0xff, 0xff,
    0xff, 0xff, 0xfc, 0x0, 0xf, 0xff, 0xff, 0xff,
    0xff, 0xff, 0xff, 0xe0, 0x3, 0xff, 0xff, 0xff,
    0xff, 0xff, 0xff, 0xff, 0x0, 0x7f, 0xff, 0xff,
    0xff, 0xff, 0xff, 0xff, 0xf8, 0x7, 0xff, 0xff,
    0xff, 0xff, 0xff, 0xff, 0xff, 0xc0, 0xff, 0xff,
    0xff, 0xff, 0xff, 0xff, 0xff, 0xfe, 0xf, 0xff,
    0xff, 0xff, 0xff, 0xff, 0xff, 0xff, 0xf0, 0xff,
    0xff, 0xff, 0xff, 0xff, 0xff, 0xff, 0xff, 0x87,
    0xff, 0xff, 0x3f, 0xff, 0xff, 0xff, 0xff, 0xfc,
    0x7f, 0xff, 0xf1, 0xff, 0xff, 0xff, 0xff, 0xff,
    0xe7, 0xff, 0xff, 0xf, 0xff, 0xff, 0xff, 0xff,
    0xff, 0x3f, 0xff, 0xf0, 0x7f, 0xff, 0xe0, 0x0,
    0x0, 0x1, 0xff, 0xff, 0x3, 0xff, 0xff, 0x0,
    0x0, 0x0, 0x1f, 0xff, 0xf8, 0x1f, 0xff, 0xf8,
    0x0, 0x0, 0x0, 0xff, 0xff, 0x80, 0xff, 0xff,
    0xc0, 0x0, 0x0, 0x7, 0xff, 0xfc, 0x7, 0xff,
    0xfe, 0x0, 0x0, 0x0, 0x3f, 0xff, 0xe0, 0x3f,
    0xff, 0xf0, 0x0, 0x0, 0x3, 0xff, 0xff, 0x1,
    0xff, 0xff, 0x80, 0x7f, 0xff, 0xff, 0xff, 0xf8,
    0xf, 0xff, 0xfc, 0x3, 0xff, 0xff, 0xff, 0xff,
    0xc0, 0x7f, 0xff, 0xe0, 0x1f, 0xff, 0xff, 0xff,
    0xfe, 0x3, 0xff, 0xff, 0x0, 0xff, 0xff, 0xff,
    0xff, 0xf0, 0x1f, 0xff, 0xf8, 0x7, 0xff, 0xff,
    0xff, 0xff, 0x80, 0xff, 0xff, 0xc0, 0x3f, 0xff,
    0xff, 0xff, 0xfc, 0x7, 0xff, 0xfe, 0x1, 0xff,
    0xff, 0xff, 0xff, 0xe0, 0x3f, 0xff, 0xf0, 0xf,
    0xff, 0xff, 0xff, 0xff, 0x1, 0xff, 0xff, 0x80,
    0x7f, 0xff, 0xff, 0xff, 0xf8, 0xf, 0xff, 0xfc,
    0x3, 0xff, 0xff, 0xff, 0xff, 0xc0, 0x7f, 0xff,
    0xe0, 0x1f, 0xff, 0xff, 0xff, 0xfe, 0x3, 0xff,
    0xff, 0x80, 0xff, 0xff, 0xff, 0xff, 0xf0, 0x1f,
    0xff, 0xfc, 0x7, 0xff, 0xfc, 0xff, 0xff, 0xc1,
    0xff, 0xff, 0xe0, 0x7f, 0xff, 0xe7, 0xff, 0xfe,
    0xf, 0xff, 0xff, 0x83, 0xff, 0xff, 0x3f, 0xff,
    0xf8, 0xff, 0xff, 0xfe, 0x3f, 0xff, 0xf9, 0xff,
    0xff, 0xff, 0xff, 0xff, 0xff, 0xff, 0xff, 0xc7,
    0xff, 0xff, 0xff, 0xff, 0xff, 0xff, 0xff, 0xfc,
    0x3f, 0xff, 0xff, 0xff, 0xff, 0xff, 0xff, 0xff,
    0xe0, 0xff, 0xff, 0xff, 0xff, 0xff, 0xff, 0xff,
    0xfe, 0x7, 0xff, 0xff, 0xff, 0xff, 0xff, 0xff,
    0xff, 0xf0, 0x1f, 0xff, 0xff, 0xff, 0xff, 0xff,
    0xff, 0xff, 0x0, 0x7f, 0xff, 0xff, 0xfd, 0xff,
    0xff, 0xff, 0xf8, 0x3, 0xff, 0xff, 0xff, 0xc7,
    0xff, 0xff, 0xff, 0x80, 0xf, 0xff, 0xff, 0xfc,
    0x1f, 0xff, 0xff, 0xf8, 0x0, 0x1f, 0xff, 0xff,
    0xc0, 0x7f, 0xff, 0xff, 0x80, 0x0, 0x7f, 0xff,
    0xfc, 0x1, 0xff, 0xff, 0xf0, 0x0, 0x0, 0xff,
    0xff, 0x80, 0x3, 0xff, 0xfe, 0x0, 0x0, 0x0,
    0x7f, 0xe0, 0x0, 0x3, 0xff, 0x80, 0x0,

    /* U+00E7 "ç" */
    0x0, 0x0, 0xff, 0xf0, 0x0, 0x0, 0x0, 0xff,
    0xff, 0xf0, 0x0, 0x0, 0x3f, 0xff, 0xff, 0xc0,
    0x0, 0xf, 0xff, 0xff, 0xff, 0x0, 0x1, 0xff,
    0xff, 0xff, 0xfc, 0x0, 0x3f, 0xff, 0xff, 0xff,
    0xe0, 0x7, 0xff, 0xff, 0xff, 0xff, 0x0, 0xff,
    0xff, 0xff, 0xff, 0xf8, 0xf, 0xff, 0xff, 0xff,
    0xff, 0x81, 0xff, 0xff, 0xff, 0xff, 0xfc, 0x1f,
    0xff, 0xff, 0xff, 0xff, 0xc3, 0xff, 0xff, 0xff,
    0xff, 0xfe, 0x3f, 0xff, 0xff, 0xff, 0xff, 0xe3,
    0xff, 0xff, 0xf, 0xff, 0xfe, 0x7f, 0xff, 0xe0,
    0x7f, 0xff, 0xf7, 0xff, 0xfe, 0x3, 0xff, 0xff,
    0x7f, 0xff, 0xc0, 0x3f, 0xff, 0xf7, 0xff, 0xfc,
    0x3, 0xff, 0xff, 0x7f, 0xff, 0xc0, 0x3f, 0xff,
    0xff, 0xff, 0xfc, 0x3, 0xff, 0xff, 0xff, 0xff,
    0xc0, 0x3f, 0xff, 0xff, 0xff, 0xfc, 0x3, 0xff,
    0xff, 0xff, 0xff, 0xc0, 0x3f, 0xff, 0xff, 0xff,
    0xfc, 0x3, 0xff, 0xff, 0xff, 0xff, 0xc0, 0x3f,
    0xff, 0xff, 0xff, 0xfc, 0x3, 0xff, 0xff, 0xff,
    0xff, 0xc0, 0x3f, 0xff, 0xff, 0xff, 0xfc, 0x3,
    0xff, 0xff, 0xff, 0xff, 0xc0, 0x3f, 0xff, 0xff,
    0xff, 0xfc, 0x0, 0x0, 0x0, 0xff, 0xff, 0xc0,
    0x0, 0x0, 0xf, 0xff, 0xfc, 0x0, 0x0, 0x0,
    0xff, 0xff, 0xc0, 0x0, 0x0, 0xf, 0xff, 0xfc,
    0x0, 0x0, 0x0, 0xff, 0xff, 0xc0, 0x0, 0x0,
    0xf, 0xff, 0xfc, 0x0, 0x0, 0x0, 0xff, 0xff,
    0xc0, 0x0, 0x0, 0xf, 0xff, 0xfc, 0x0, 0x0,
    0x0, 0xff, 0xff, 0xc0, 0x0, 0x0, 0xf, 0xff,
    0xfc, 0x0, 0x0, 0x0, 0xff, 0xff, 0xc0, 0x0,
    0x0, 0xf, 0xff, 0xfc, 0x0, 0x0, 0x0, 0xff,
    0xff, 0xc0, 0x3f, 0xff, 0xff, 0xff, 0xfc, 0x3,
    0xff, 0xff, 0xff, 0xff, 0xc0, 0x3f, 0xff, 0xff,
    0xff, 0xfc, 0x3, 0xff, 0xff, 0xff, 0xff, 0xc0,
    0x3f, 0xff, 0xff, 0xff, 0xfc, 0x3, 0xff, 0xff,
    0xff, 0xff, 0xc0, 0x3f, 0xff, 0xff, 0xff, 0xfc,
    0x3, 0xff, 0xff, 0xff, 0xff, 0xc0, 0x3f, 0xff,
    0xff, 0xff, 0xfc, 0x3, 0xff, 0xff, 0xff, 0xff,
    0xc0, 0x3f, 0xff, 0xff, 0xff, 0xfc, 0x3, 0xff,
    0xff, 0xff, 0xff, 0xc0, 0x3f, 0xff, 0xff, 0xff,
    0xfc, 0x3, 0xff, 0xff, 0xff, 0xff, 0xc0, 0x3f,
    0xff, 0xf7, 0xff, 0xfc, 0x3, 0xff, 0xff, 0x7f,
    0xff, 0xe0, 0x7f, 0xff, 0xf7, 0xff, 0xfe, 0x7,
    0xff, 0xff, 0x7f, 0xff, 0xf0, 0xff, 0xff, 0xe7,
    0xff, 0xff, 0xff, 0xff, 0xfe, 0x3f, 0xff, 0xff,
    0xff, 0xff, 0xe3, 0xff, 0xff, 0xff, 0xff, 0xfe,
    0x1f, 0xff, 0xff, 0xff, 0xff, 0xc1, 0xff, 0xff,
    0xff, 0xff, 0xfc, 0xf, 0xff, 0xff, 0xff, 0xff,
    0x80, 0xff, 0xff, 0xff, 0xff, 0xf0, 0x7, 0xff,
    0xff, 0xff, 0xfe, 0x0, 0x3f, 0xff, 0xff, 0xff,
    0xc0, 0x1, 0xff, 0xff, 0xff, 0xf8, 0x0, 0xf,
    0xff, 0xff, 0xff, 0x0, 0x0, 0x3f, 0xff, 0xff,
    0xc0, 0x0, 0x0, 0xff, 0xff, 0xf0, 0x0, 0x0,
    0x0, 0xff, 0xf0, 0x0, 0x0, 0x0, 0x1, 0xfe,
    0x0, 0x0, 0x0, 0x0, 0x1f, 0xf0, 0x0, 0x0,
    0x0, 0x0, 0xff, 0x80, 0x0, 0x0, 0x0, 0xf,
    0xfc, 0x0, 0x0, 0x0, 0x0, 0x7f, 0xc0, 0x0,
    0x0, 0x0, 0x7, 0xfe, 0x0, 0x0, 0x0, 0x0,
    0x3f, 0xf0, 0x0, 0x0, 0x0, 0x3, 0xff, 0x0,
    0x0, 0x0, 0x0, 0x3f, 0xf8, 0x0, 0x0, 0x0,
    0x1, 0xff, 0x80, 0x0, 0x0, 0x0, 0x1f, 0xf8,
    0x0, 0x0, 0x0, 0x1, 0xff, 0xc0, 0x0, 0x0,
    0x0, 0x1f, 0xfc, 0x0, 0x0, 0x0, 0x1, 0xff,
    0xc0, 0x0, 0x0, 0x0, 0x1f, 0xfe, 0x0, 0x0,
    0x0, 0x1, 0xff, 0xe0, 0x0, 0x0, 0x0, 0x3f,
    0xfe, 0x0, 0x0, 0x0, 0x7, 0xff, 0xe0, 0x0,
    0x1, 0x80, 0xff, 0xfe, 0x0, 0x0, 0x1f, 0xff,
    0xff, 0xe0, 0x0, 0x1, 0xff, 0xff, 0xfe, 0x0,
    0x0, 0x1f, 0xff, 0xff, 0xe0, 0x0, 0x1, 0xff,
    0xff, 0xfc, 0x0, 0x0, 0x1f, 0xff, 0xff, 0xc0,
    0x0, 0x1, 0xff, 0xff, 0xf8, 0x0, 0x0, 0x1f,
    0xff, 0xff, 0x0, 0x0, 0x1, 0xff, 0xff, 0xf0,
    0x0, 0x0, 0x1f, 0xff, 0xfe, 0x0, 0x0, 0x0,
    0xff, 0xff, 0x80, 0x0, 0x0, 0x1, 0xff, 0xc0,
    0x0, 0x0,

    /* U+00E8 "è" */
    0x0, 0x30, 0x0, 0x0, 0x0, 0x0, 0x7, 0x80,
    0x0, 0x0, 0x0, 0x0, 0xfc, 0x0, 0x0, 0x0,
    0x0, 0x1f, 0xe0, 0x0, 0x0, 0x0, 0x3, 0xff,
    0x0, 0x0, 0x0, 0x0, 0x7f, 0xfc, 0x0, 0x0,
    0x0, 0xf, 0xff, 0xe0, 0x0, 0x0, 0x1, 0xff,
    0xff, 0x0, 0x0, 0x0, 0x3f, 0xff, 0xf8, 0x0,
    0x0, 0x7, 0xff, 0xff, 0xc0, 0x0, 0x0, 0xff,
    0xff, 0xfe, 0x0, 0x0, 0x1f, 0xff, 0xff, 0xc0,
    0x0, 0x3, 0xff, 0xff, 0xf8, 0x0, 0x0, 0x7f,
    0xff, 0xff, 0x0, 0x0, 0xf, 0xff, 0xff, 0xe0,
    0x0, 0x1, 0xff, 0xff, 0xfc, 0x0, 0x0, 0x3f,
    0xff, 0xff, 0x80, 0x0, 0x0, 0x7f, 0xff, 0xf0,
    0x0, 0x0, 0x0, 0x7f, 0xfe, 0x0, 0x0, 0x0,
    0x0, 0x7f, 0xc0, 0x0, 0x0, 0x0, 0x0, 0x78,
    0x0, 0x0, 0x0, 0x0, 0x0, 0x0, 0x0, 0x0,
    0x0, 0x0, 0x0, 0x0, 0x0, 0x7, 0xff, 0x80,
    0x0, 0x0, 0xf, 0xff, 0xff, 0x0, 0x0, 0x7,
    0xff, 0xff, 0xf8, 0x0, 0x3, 0xff, 0xff, 0xff,
    0xc0, 0x0, 0xff, 0xff, 0xff, 0xfc, 0x0, 0x3f,
    0xff, 0xff, 0xff, 0xc0, 0xf, 0xff, 0xff, 0xff,
    0xfc, 0x3, 0xff, 0xff, 0xff, 0xff, 0xc0, 0xff,
    0xff, 0xff, 0xff, 0xf8, 0x3f, 0xff, 0xff, 0xff,
    0xff, 0x87, 0xff, 0xff, 0xff, 0xff, 0xf0, 0xff,
    0xff, 0xff, 0xff, 0xff, 0x3f, 0xff, 0xff, 0xff,
    0xff, 0xe7, 0xff, 0xff, 0x1f, 0xff, 0xfc, 0xff,
    0xff, 0xc1, 0xff, 0xff, 0xbf, 0xff, 0xf8, 0x3f,
    0xff, 0xff, 0xff, 0xfe, 0x3, 0xff, 0xff, 0xff,
    0xff, 0xc0, 0x7f, 0xff, 0xff, 0xff, 0xf8, 0xf,
    0xff, 0xff, 0xff, 0xff, 0x1, 0xff, 0xff, 0xff,
    0xff, 0xe0, 0x3f, 0xff, 0xff, 0xff, 0xfc, 0x7,
    0xff, 0xff, 0xff, 0xff, 0x80, 0xff, 0xff, 0xff,
    0xff, 0xf0, 0x1f, 0xff, 0xff, 0xff, 0xfe, 0x3,
    0xff, 0xff, 0xff, 0xff, 0xc0, 0x7f, 0xff, 0xff,
    0xff, 0xf8, 0xf, 0xff, 0xff, 0xff, 0xff, 0x1,
    0xff, 0xff, 0xff, 0xff, 0xe0, 0x3f, 0xff, 0xff,
    0xff, 0xfc, 0x7, 0xff, 0xff, 0xff, 0xff, 0x80,
    0xff, 0xff, 0xff, 0xff, 0xff, 0xff, 0xff, 0xff,
    0xff, 0xff, 0xff, 0xff, 0xff, 0xff, 0xff, 0xff,
    0xff, 0xff, 0xff, 0xff, 0xff, 0xff, 0xff, 0xff,
    0xff, 0xff, 0xff, 0xff, 0xff, 0xff, 0xff, 0xff,
    0xff, 0xff, 0xff, 0xff, 0xff, 0xff, 0xff, 0xff,
    0xff, 0xff, 0xff, 0xff, 0xff, 0xff, 0xff, 0xf0,
    0x0, 0x0, 0x7, 0xff, 0xfe, 0x0, 0x0, 0x0,
    0xff, 0xff, 0xc0, 0x0, 0x0, 0x1f, 0xff, 0xf8,
    0x0, 0x0, 0x3, 0xff, 0xff, 0x0, 0x0, 0x0,
    0x7f, 0xff, 0xe0, 0x0, 0x0, 0xf, 0xff, 0xfc,
    0x0, 0x0, 0x1, 0xff, 0xff, 0x80, 0xff, 0xff,
    0xff, 0xff, 0xf0, 0x1f, 0xff, 0xff, 0xff, 0xfe,
    0x3, 0xff, 0xff, 0xff, 0xff, 0xc0, 0x7f, 0xff,
    0xff, 0xff, 0xf8, 0xf, 0xff, 0xff, 0xff, 0xff,
    0x1, 0xff, 0xff, 0xff, 0xff, 0xe0, 0x3f, 0xff,
    0xff, 0xff, 0xfc, 0x7, 0xff, 0xff, 0xff, 0xff,
    0x80, 0xff, 0xff, 0xff, 0xff, 0xf0, 0x1f, 0xff,
    0xff, 0xff, 0xfe, 0x3, 0xff, 0xff, 0xff, 0xff,
    0xc0, 0x7f, 0xff, 0xef, 0xff, 0xf8, 0xf, 0xff,
    0xf9, 0xff, 0xff, 0x83, 0xff, 0xff, 0x3f, 0xff,
    0xf0, 0x7f, 0xff, 0xe7, 0xff, 0xff, 0x1f, 0xff,
    0xfc, 0x7f, 0xff, 0xff, 0xff, 0xff, 0xf, 0xff,
    0xff, 0xff, 0xff, 0xe1, 0xff, 0xff, 0xff, 0xff,
    0xfc, 0x1f, 0xff, 0xff, 0xff, 0xff, 0x3, 0xff,
    0xff, 0xff, 0xff, 0xe0, 0x3f, 0xff, 0xff, 0xff,
    0xf8, 0x3, 0xff, 0xff, 0xff, 0xfe, 0x0, 0x3f,
    0xff, 0xff, 0xff, 0xc0, 0x3, 0xff, 0xff, 0xff,
    0xf0, 0x0, 0x3f, 0xff, 0xff, 0xf8, 0x0, 0x3,
    0xff, 0xff, 0xfe, 0x0, 0x0, 0x1f, 0xff, 0xfe,
    0x0, 0x0, 0x0, 0x3f, 0xfe, 0x0, 0x0,

    /* U+00E9 "é" */
    0x0, 0x0, 0x0, 0x1, 0x80, 0x0, 0x0, 0x0,
    0x0, 0xf0, 0x0, 0x0, 0x0, 0x0, 0x7e, 0x0,
    0x0, 0x0, 0x0, 0x3f, 0xc0, 0x0, 0x0, 0x0,
    0x1f, 0xf8, 0x0, 0x0, 0x0, 0x1f, 0xff, 0x0,
    0x0, 0x0, 0xf, 0xff, 0xe0, 0x0, 0x0, 0x7,
    0xff, 0xfc, 0x0, 0x0, 0x3, 0xff, 0xff, 0x80,
    0x0, 0x1, 0xff, 0xff, 0xf0, 0x0, 0x0, 0xff,
    0xff, 0xfe, 0x0, 0x0, 0x1f, 0xff, 0xff, 0xc0,
    0x0, 0x3, 0xff, 0xff, 0xf8, 0x0, 0x0, 0x7f,
    0xff, 0xff, 0x0, 0x0, 0xf, 0xff, 0xff, 0xe0,
    0x0, 0x1, 0xff, 0xff, 0xfc, 0x0, 0x0, 0x3f,
    0xff, 0xff, 0x80, 0x0, 0x7, 0xff, 0xff, 0x0,
    0x0, 0x0, 0xff, 0xfc, 0x0, 0x0, 0x0, 0x1f,
    0xf0, 0x0, 0x0, 0x0, 0x3, 0xc0, 0x0, 0x0,
    0x0, 0x0, 0x0, 0x0, 0x0, 0x0, 0x0, 0x0,
    0x0, 0x0, 0x0, 0x0, 0x0, 0x7, 0xff, 0x80,
    0x0, 0x0, 0xf, 0xff, 0xff, 0x0, 0x0, 0x7,
    0xff, 0xff, 0xf8, 0x0, 0x3, 0xff, 0xff, 0xff,
    0xc0, 0x0, 0xff, 0xff, 0xff, 0xfc, 0x0, 0x3f,
    0xff, 0xff, 0xff, 0xc0, 0xf, 0xff, 0xff, 0xff,
    0xfc, 0x3, 0xff, 0xff, 0xff, 0xff, 0xc0, 0xff,
    0xff, 0xff, 0xff, 0xf8, 0x3f, 0xff, 0xff, 0xff,
    0xff, 0x87, 0xff, 0xff, 0xff, 0xff, 0xf0, 0xff,
    0xff, 0xff, 0xff, 0xff, 0x3f, 0xff, 0xff, 0xff,
    0xff, 0xe7, 0xff, 0xff, 0x1f, 0xff, 0xfc, 0xff,
    0xff, 0xc1, 0xff, 0xff, 0xbf, 0xff, 0xf8, 0x3f,
    0xff, 0xff, 0xff, 0xfe, 0x3, 0xff, 0xff, 0xff,
    0xff, 0xc0, 0x7f, 0xff, 0xff, 0xff, 0xf8, 0xf,
    0xff, 0xff, 0xff, 0xff, 0x1, 0xff, 0xff, 0xff,
    0xff, 0xe0, 0x3f, 0xff, 0xff, 0xff, 0xfc, 0x7,
    0xff, 0xff, 0xff, 0xff, 0x80, 0xff, 0xff, 0xff,
    0xff, 0xf0, 0x1f, 0xff, 0xff, 0xff, 0xfe, 0x3,
    0xff, 0xff, 0xff, 0xff, 0xc0, 0x7f, 0xff, 0xff,
    0xff, 0xf8, 0xf, 0xff, 0xff, 0xff, 0xff, 0x1,
    0xff, 0xff, 0xff, 0xff, 0xe0, 0x3f, 0xff, 0xff,
    0xff, 0xfc, 0x7, 0xff, 0xff, 0xff, 0xff, 0x80,
    0xff, 0xff, 0xff, 0xff, 0xff, 0xff, 0xff, 0xff,
    0xff, 0xff, 0xff, 0xff, 0xff, 0xff, 0xff, 0xff,
    0xff, 0xff, 0xff, 0xff, 0xff, 0xff, 0xff, 0xff,
    0xff, 0xff, 0xff, 0xff, 0xff, 0xff, 0xff, 0xff,
    0xff, 0xff, 0xff, 0xff, 0xff, 0xff, 0xff, 0xff,
    0xff, 0xff, 0xff, 0xff, 0xff, 0xff, 0xff, 0xf0,
    0x0, 0x0, 0x7, 0xff, 0xfe, 0x0, 0x0, 0x0,
    0xff, 0xff, 0xc0, 0x0, 0x0, 0x1f, 0xff, 0xf8,
    0x0, 0x0, 0x3, 0xff, 0xff, 0x0, 0x0, 0x0,
    0x7f, 0xff, 0xe0, 0x0, 0x0, 0xf, 0xff, 0xfc,
    0x0, 0x0, 0x1, 0xff, 0xff, 0x80, 0xff, 0xff,
    0xff, 0xff, 0xf0, 0x1f, 0xff, 0xff, 0xff, 0xfe,
    0x3, 0xff, 0xff, 0xff, 0xff, 0xc0, 0x7f, 0xff,
    0xff, 0xff, 0xf8, 0xf, 0xff, 0xff, 0xff, 0xff,
    0x1, 0xff, 0xff, 0xff, 0xff, 0xe0, 0x3f, 0xff,
    0xff, 0xff, 0xfc, 0x7, 0xff, 0xff, 0xff, 0xff,
    0x80, 0xff, 0xff, 0xff, 0xff, 0xf0, 0x1f, 0xff,
    0xff, 0xff, 0xfe, 0x3, 0xff, 0xff, 0xff, 0xff,
    0xc0, 0x7f, 0xff, 0xef, 0xff, 0xf8, 0xf, 0xff,
    0xf9, 0xff, 0xff, 0x83, 0xff, 0xff, 0x3f, 0xff,
    0xf0, 0x7f, 0xff, 0xe7, 0xff, 0xff, 0x1f, 0xff,
    0xfc, 0x7f, 0xff, 0xff, 0xff, 0xff, 0xf, 0xff,
    0xff, 0xff, 0xff, 0xe1, 0xff, 0xff, 0xff, 0xff,
    0xfc, 0x1f, 0xff, 0xff, 0xff, 0xff, 0x3, 0xff,
    0xff, 0xff, 0xff, 0xe0, 0x3f, 0xff, 0xff, 0xff,
    0xf8, 0x3, 0xff, 0xff, 0xff, 0xfe, 0x0, 0x3f,
    0xff, 0xff, 0xff, 0xc0, 0x3, 0xff, 0xff, 0xff,
    0xf0, 0x0, 0x3f, 0xff, 0xff, 0xf8, 0x0, 0x3,
    0xff, 0xff, 0xfe, 0x0, 0x0, 0x1f, 0xff, 0xfe,
    0x0, 0x0, 0x0, 0x3f, 0xfe, 0x0, 0x0,

    /* U+00EA "ê" */
    0x0, 0xf, 0xff, 0xff, 0x0, 0x0, 0x1, 0xff,
    0xff, 0xf0, 0x0, 0x0, 0x1f, 0xff, 0xff, 0x80,
    0x0, 0x3, 0xff, 0xff, 0xfc, 0x0, 0x0, 0x7f,
    0xff, 0xff, 0xc0, 0x0, 0x7, 0xff, 0xff, 0xfe,
    0x0, 0x0, 0xff, 0xff, 0xff, 0xf0, 0x0, 0xf,
    0xff, 0xbf, 0xff, 0x0, 0x1, 0xff, 0xf9, 0xff,
    0xf8, 0x0, 0x3f, 0xff, 0x9f, 0xff, 0xc0, 0x3,
    0xff, 0xf9, 0xff, 0xfc, 0x0, 0x7f, 0xff, 0x1f,
    0xff, 0xe0, 0xf, 0xff, 0xf0, 0xff, 0xff, 0x0,
    0xff, 0xff, 0xf, 0xff, 0xf0, 0x1f, 0xff, 0xe0,
    0xff, 0xff, 0x83, 0xff, 0xfe, 0x7, 0xff, 0xf8,
    0x3f, 0xff, 0xe0, 0x7f, 0xff, 0xc7, 0xff, 0xfe,
    0x7, 0xff, 0xfe, 0x7f, 0xff, 0xc0, 0x7f, 0xff,
    0xe0, 0x0, 0x0, 0x0, 0x0, 0x0, 0x0, 0x0,
    0x0, 0x0, 0x0, 0x0, 0x0, 0x0, 0x0, 0x0,
    0x0, 0x0, 0x0, 0x0, 0x0, 0x0, 0x0, 0x0,
    0xf, 0xff, 0x0, 0x0, 0x0, 0xf, 0xff, 0xff,
    0x0, 0x0, 0x3, 0xff, 0xff, 0xfc, 0x0, 0x0,
    0xff, 0xff, 0xff, 0xf0, 0x0, 0x1f, 0xff, 0xff,
    0xff, 0x80, 0x3, 0xff, 0xff, 0xff, 0xfc, 0x0,
    0x7f, 0xff, 0xff, 0xff, 0xe0, 0xf, 0xff, 0xff,
    0xff, 0xff, 0x1, 0xff, 0xff, 0xff, 0xff, 0xf0,
    0x3f, 0xff, 0xff, 0xff, 0xff, 0x83, 0xff, 0xff,
    0xff, 0xff, 0xf8, 0x3f, 0xff, 0xff, 0xff, 0xff,
    0xc7, 0xff, 0xff, 0xff, 0xff, 0xfc, 0x7f, 0xff,
    0xf1, 0xff, 0xff, 0xc7, 0xff, 0xfe, 0xf, 0xff,
    0xfc, 0xff, 0xff, 0xe0, 0xff, 0xff, 0xef, 0xff,
    0xfc, 0x7, 0xff, 0xfe, 0xff, 0xff, 0xc0, 0x7f,
    0xff, 0xef, 0xff, 0xfc, 0x7, 0xff, 0xfe, 0xff,
    0xff, 0xc0, 0x7f, 0xff, 0xef, 0xff, 0xfc, 0x7,
    0xff, 0xfe, 0xff, 0xff, 0xc0, 0x7f, 0xff, 0xef,
    0xff, 0xfc, 0x7, 0xff, 0xfe, 0xff, 0xff, 0xc0,
    0x7f, 0xff, 0xef, 0xff, 0xfc, 0x7, 0xff, 0xfe,
    0xff, 0xff, 0xc0, 0x7f, 0xff, 0xef, 0xff, 0xfc,
    0x7, 0xff, 0xfe, 0xff, 0xff, 0xc0, 0x7f, 0xff,
    0xef, 0xff, 0xfc, 0x7, 0xff, 0xfe, 0xff, 0xff,
    0xc0, 0x7f, 0xff, 0xef, 0xff, 0xfc, 0x7, 0xff,
    0xfe, 0xff, 0xff, 0xff, 0xff, 0xff, 0xef, 0xff,
    0xff, 0xff, 0xff, 0xfe, 0xff, 0xff, 0xff, 0xff,
    0xff, 0xef, 0xff, 0xff, 0xff, 0xff, 0xfe, 0xff,
    0xff, 0xff, 0xff, 0xff, 0xef, 0xff, 0xff, 0xff,
    0xff, 0xfe, 0xff, 0xff, 0xff, 0xff, 0xff, 0xef,
    0xff, 0xff, 0xff, 0xff, 0xfe, 0xff, 0xff, 0xc0,
    0x0, 0x0, 0xf, 0xff, 0xfc, 0x0, 0x0, 0x0,
    0xff, 0xff, 0xc0, 0x0, 0x0, 0xf, 0xff, 0xfc,
    0x0, 0x0, 0x0, 0xff, 0xff, 0xc0, 0x0, 0x0,
    0xf, 0xff, 0xfc, 0x0, 0x0, 0x0, 0xff, 0xff,
    0xc0, 0x0, 0x0, 0xf, 0xff, 0xfc, 0x7, 0xff,
    0xfe, 0xff, 0xff, 0xc0, 0x7f, 0xff, 0xef, 0xff,
    0xfc, 0x7, 0xff, 0xfe, 0xff, 0xff, 0xc0, 0x7f,
    0xff, 0xef, 0xff, 0xfc, 0x7, 0xff, 0xfe, 0xff,
    0xff, 0xc0, 0x7f, 0xff, 0xef, 0xff, 0xfc, 0x7,
    0xff, 0xfe, 0xff, 0xff, 0xc0, 0x7f, 0xff, 0xef,
    0xff, 0xfc, 0x7, 0xff, 0xfe, 0xff, 0xff, 0xc0,
    0x7f, 0xff, 0xef, 0xff, 0xfc, 0x7, 0xff, 0xfe,
    0xff, 0xff, 0xc0, 0x7f, 0xff, 0xe7, 0xff, 0xfc,
    0x7, 0xff, 0xfc, 0x7f, 0xff, 0xe0, 0xff, 0xff,
    0xc7, 0xff, 0xfe, 0xf, 0xff, 0xfc, 0x7f, 0xff,
    0xf1, 0xff, 0xff, 0xc3, 0xff, 0xff, 0xff, 0xff,
    0xf8, 0x3f, 0xff, 0xff, 0xff, 0xff, 0x83, 0xff,
    0xff, 0xff, 0xff, 0xf8, 0x1f, 0xff, 0xff, 0xff,
    0xff, 0x1, 0xff, 0xff, 0xff, 0xff, 0xf0, 0xf,
    0xff, 0xff, 0xff, 0xfe, 0x0, 0x7f, 0xff, 0xff,
    0xff, 0xc0, 0x3, 0xff, 0xff, 0xff, 0xfc, 0x0,
    0x1f, 0xff, 0xff, 0xff, 0x80, 0x0, 0xff, 0xff,
    0xff, 0xe0, 0x0, 0x7, 0xff, 0xff, 0xfc, 0x0,
    0x0, 0x1f, 0xff, 0xfe, 0x0, 0x0, 0x0, 0x1f,
    0xff, 0x0, 0x0,

    /* U+00EB "ë" */
    0x7f, 0xff, 0xe0, 0xff, 0xff, 0xcf, 0xff, 0xfc,
    0x1f, 0xff, 0xf9, 0xff, 0xff, 0x83, 0xff, 0xff,
    0x3f, 0xff, 0xf0, 0x7f, 0xff, 0xe7, 0xff, 0xfe,
    0xf, 0xff, 0xfc, 0xff, 0xff, 0xc1, 0xff, 0xff,
    0x9f, 0xff, 0xf8, 0x3f, 0xff, 0xf3, 0xff, 0xff,
    0x7, 0xff, 0xfe, 0x7f, 0xff, 0xe0, 0xff, 0xff,
    0xcf, 0xff, 0xfc, 0x1f, 0xff, 0xf9, 0xff, 0xff,
    0x83, 0xff, 0xff, 0x3f, 0xff, 0xf0, 0x7f, 0xff,
    0xe7, 0xff, 0xfe, 0xf, 0xff, 0xfc, 0xff, 0xff,
    0xc1, 0xff, 0xff, 0x80, 0x0, 0x0, 0x0, 0x0,
    0x0, 0x0, 0x0, 0x0, 0x0, 0x0, 0x0, 0x0,
    0x0, 0x0, 0x0, 0x0, 0x0, 0x0, 0x0, 0x0,
    0x0, 0x0, 0x3, 0xff, 0xc0, 0x0, 0x0, 0x7,
    0xff, 0xff, 0x80, 0x0, 0x3, 0xff, 0xff, 0xfc,
    0x0, 0x1, 0xff, 0xff, 0xff, 0xe0, 0x0, 0x7f,
    0xff, 0xff, 0xfe, 0x0, 0x1f, 0xff, 0xff, 0xff,
    0xe0, 0x7, 0xff, 0xff, 0xff, 0xfe, 0x1, 0xff,
    0xff, 0xff, 0xff, 0xe0, 0x7f, 0xff, 0xff, 0xff,
    0xfc, 0x1f, 0xff, 0xff, 0xff, 0xff, 0xc3, 0xff,
    0xff, 0xff, 0xff, 0xf8, 0x7f, 0xff, 0xff, 0xff,
    0xff, 0x9f, 0xff, 0xff, 0xff, 0xff, 0xf3, 0xff,
    0xff, 0x8f, 0xff, 0xfe, 0x7f, 0xff, 0xe0, 0xff,
    0xff, 0xdf, 0xff, 0xfc, 0x1f, 0xff, 0xff, 0xff,
    0xff, 0x1, 0xff, 0xff, 0xff, 0xff, 0xe0, 0x3f,
    0xff, 0xff, 0xff, 0xfc, 0x7, 0xff, 0xff, 0xff,
    0xff, 0x80, 0xff, 0xff, 0xff, 0xff, 0xf0, 0x1f,
    0xff, 0xff, 0xff, 0xfe, 0x3, 0xff, 0xff, 0xff,
    0xff, 0xc0, 0x7f, 0xff, 0xff, 0xff, 0xf8, 0xf,
    0xff, 0xff, 0xff, 0xff, 0x1, 0xff, 0xff, 0xff,
    0xff, 0xe0, 0x3f, 0xff, 0xff, 0xff, 0xfc, 0x7,
    0xff, 0xff, 0xff, 0xff, 0x80, 0xff, 0xff, 0xff,
    0xff, 0xf0, 0x1f, 0xff, 0xff, 0xff, 0xfe, 0x3,
    0xff, 0xff, 0xff, 0xff, 0xc0, 0x7f, 0xff, 0xff,
    0xff, 0xff, 0xff, 0xff, 0xff, 0xff, 0xff, 0xff,
    0xff, 0xff, 0xff, 0xff, 0xff, 0xff, 0xff, 0xff,
    0xff, 0xff, 0xff, 0xff, 0xff, 0xff, 0xff, 0xff,
    0xff, 0xff, 0xff, 0xff, 0xff, 0xff, 0xff, 0xff,
    0xff, 0xff, 0xff, 0xff, 0xff, 0xff, 0xff, 0xff,
    0xff, 0xff, 0xff, 0xff, 0xf8, 0x0, 0x0, 0x3,
    0xff, 0xff, 0x0, 0x0, 0x0, 0x7f, 0xff, 0xe0,
    0x0, 0x0, 0xf, 0xff, 0xfc, 0x0, 0x0, 0x1,
    0xff, 0xff, 0x80, 0x0, 0x0, 0x3f, 0xff, 0xf0,
    0x0, 0x0, 0x7, 0xff, 0xfe, 0x0, 0x0, 0x0,
    0xff, 0xff, 0xc0, 0x7f, 0xff, 0xff, 0xff, 0xf8,
    0xf, 0xff, 0xff, 0xff, 0xff, 0x1, 0xff, 0xff,
    0xff, 0xff, 0xe0, 0x3f, 0xff, 0xff, 0xff, 0xfc,
    0x7, 0xff, 0xff, 0xff, 0xff, 0x80, 0xff, 0xff,
    0xff, 0xff, 0xf0, 0x1f, 0xff, 0xff, 0xff, 0xfe,
    0x3, 0xff, 0xff, 0xff, 0xff, 0xc0, 0x7f, 0xff,
    0xff, 0xff, 0xf8, 0xf, 0xff, 0xff, 0xff, 0xff,
    0x1, 0xff, 0xff, 0xff, 0xff, 0xe0, 0x3f, 0xff,
    0xf7, 0xff, 0xfc, 0x7, 0xff, 0xfc, 0xff, 0xff,
    0xc1, 0xff, 0xff, 0x9f, 0xff, 0xf8, 0x3f, 0xff,
    0xf3, 0xff, 0xff, 0x8f, 0xff, 0xfe, 0x3f, 0xff,
    0xff, 0xff, 0xff, 0x87, 0xff, 0xff, 0xff, 0xff,
    0xf0, 0xff, 0xff, 0xff, 0xff, 0xfe, 0xf, 0xff,
    0xff, 0xff, 0xff, 0x81, 0xff, 0xff, 0xff, 0xff,
    0xf0, 0x1f, 0xff, 0xff, 0xff, 0xfc, 0x1, 0xff,
    0xff, 0xff, 0xff, 0x0, 0x1f, 0xff, 0xff, 0xff,
    0xe0, 0x1, 0xff, 0xff, 0xff, 0xf8, 0x0, 0x1f,
    0xff, 0xff, 0xfc, 0x0, 0x1, 0xff, 0xff, 0xff,
    0x0, 0x0, 0xf, 0xff, 0xff, 0x0, 0x0, 0x0,
    0x1f, 0xff, 0x0, 0x0,

    /* U+00EC "ì" */
    0x80, 0x0, 0x1, 0xe0, 0x0, 0x3, 0xf0, 0x0,
    0x7, 0xf8, 0x0, 0xf, 0xfc, 0x0, 0x1f, 0xfe,
    0x0, 0x3f, 0xff, 0x0, 0x7f, 0xff, 0x80, 0xff,
    0xff, 0xe1, 0xff, 0xff, 0xf3, 0xff, 0xff, 0xff,
    0xff, 0xff, 0xff, 0xff, 0xff, 0xff, 0xff, 0xff,
    0xff, 0xff, 0xff, 0xff, 0xff, 0xff, 0xff, 0xff,
    0xfe, 0x3f, 0xff, 0xfc, 0x3, 0xff, 0xf8, 0x0,
    0x3f, 0xf0, 0x0, 0x3, 0xe0, 0x0, 0x0, 0x0,
    0x0, 0x0, 0x0, 0x0, 0x0, 0x1f, 0xff, 0xf8,
    0x3f, 0xff, 0xf0, 0x7f, 0xff, 0xe0, 0xff, 0xff,
    0xc1, 0xff, 0xff, 0x83, 0xff, 0xff, 0x7, 0xff,
    0xfe, 0xf, 0xff, 0xfc, 0x1f, 0xff, 0xf8, 0x3f,
    0xff, 0xf0, 0x7f, 0xff, 0xe0, 0xff, 0xff, 0xc1,
    0xff, 0xff, 0x83, 0xff, 0xff, 0x7, 0xff, 0xfe,
    0xf, 0xff, 0xfc, 0x1f, 0xff, 0xf8, 0x3f, 0xff,
    0xf0, 0x7f, 0xff, 0xe0, 0xff, 0xff, 0xc1, 0xff,
    0xff, 0x83, 0xff, 0xff, 0x7, 0xff, 0xfe, 0xf,
    0xff, 0xfc, 0x1f, 0xff, 0xf8, 0x3f, 0xff, 0xf0,
    0x7f, 0xff, 0xe0, 0xff, 0xff, 0xc1, 0xff, 0xff,
    0x83, 0xff, 0xff, 0x7, 0xff, 0xfe, 0xf, 0xff,
    0xfc, 0x1f, 0xff, 0xf8, 0x3f, 0xff, 0xf0, 0x7f,
    0xff, 0xe0, 0xff, 0xff, 0xc1, 0xff, 0xff, 0x83,
    0xff, 0xff, 0x7, 0xff, 0xfe, 0xf, 0xff, 0xfc,
    0x1f, 0xff, 0xf8, 0x3f, 0xff, 0xf0, 0x7f, 0xff,
    0xe0, 0xff, 0xff, 0xc1, 0xff, 0xff, 0x83, 0xff,
    0xff, 0x7, 0xff, 0xfe, 0xf, 0xff, 0xfc, 0x1f,
    0xff, 0xf8, 0x3f, 0xff, 0xf0, 0x7f, 0xff, 0xe0,
    0xff, 0xff, 0xc1, 0xff, 0xff, 0x83, 0xff, 0xff,
    0x7, 0xff, 0xfe, 0xf, 0xff, 0xfc, 0x1f, 0xff,
    0xf8, 0x3f, 0xff, 0xf0, 0x7f, 0xff, 0xe0, 0xff,
    0xff, 0xc1, 0xff, 0xff, 0x83, 0xff, 0xff, 0x7,
    0xff, 0xfe, 0xf, 0xff, 0xfc, 0x1f, 0xff, 0xf8,
    0x3f, 0xff, 0xf0, 0x7f, 0xff, 0xe0, 0xff, 0xff,
    0xc1, 0xff, 0xff, 0x83, 0xff, 0xff, 0x7, 0xff,
    0xfe, 0xf, 0xff, 0xfc, 0x1f, 0xff, 0xf8,

    /* U+00ED "í" */
    0x0, 0x0, 0x2, 0x0, 0x0, 0x1c, 0x0, 0x1,
    0xf8, 0x0, 0xf, 0xf0, 0x0, 0x7f, 0xe0, 0x3,
    0xff, 0xc0, 0x1f, 0xff, 0x80, 0xff, 0xff, 0xf,
    0xff, 0xfe, 0x7f, 0xff, 0xff, 0xff, 0xff, 0xff,
    0xff, 0xff, 0xff, 0xff, 0xff, 0xff, 0xff, 0xff,
    0xff, 0xff, 0xff, 0xff, 0xff, 0xff, 0xff, 0xff,
    0xff, 0xff, 0xff, 0xe3, 0xff, 0xf8, 0x7, 0xfe,
    0x0, 0xf, 0x80, 0x0, 0x0, 0x0, 0x0, 0x0,
    0x0, 0x0, 0x0, 0x0, 0x0, 0x1f, 0xff, 0xf8,
    0x3f, 0xff, 0xf0, 0x7f, 0xff, 0xe0, 0xff, 0xff,
    0xc1, 0xff, 0xff, 0x83, 0xff, 0xff, 0x7, 0xff,
    0xfe, 0xf, 0xff, 0xfc, 0x1f, 0xff, 0xf8, 0x3f,
    0xff, 0xf0, 0x7f, 0xff, 0xe0, 0xff, 0xff, 0xc1,
    0xff, 0xff, 0x83, 0xff, 0xff, 0x7, 0xff, 0xfe,
    0xf, 0xff, 0xfc, 0x1f, 0xff, 0xf8, 0x3f, 0xff,
    0xf0, 0x7f, 0xff, 0xe0, 0xff, 0xff, 0xc1, 0xff,
    0xff, 0x83, 0xff, 0xff, 0x7, 0xff, 0xfe, 0xf,
    0xff, 0xfc, 0x1f, 0xff, 0xf8, 0x3f, 0xff, 0xf0,
    0x7f, 0xff, 0xe0, 0xff, 0xff, 0xc1, 0xff, 0xff,
    0x83, 0xff, 0xff, 0x7, 0xff, 0xfe, 0xf, 0xff,
    0xfc, 0x1f, 0xff, 0xf8, 0x3f, 0xff, 0xf0, 0x7f,
    0xff, 0xe0, 0xff, 0xff, 0xc1, 0xff, 0xff, 0x83,
    0xff, 0xff, 0x7, 0xff, 0xfe, 0xf, 0xff, 0xfc,
    0x1f, 0xff, 0xf8, 0x3f, 0xff, 0xf0, 0x7f, 0xff,
    0xe0, 0xff, 0xff, 0xc1, 0xff, 0xff, 0x83, 0xff,
    0xff, 0x7, 0xff, 0xfe, 0xf, 0xff, 0xfc, 0x1f,
    0xff, 0xf8, 0x3f, 0xff, 0xf0, 0x7f, 0xff, 0xe0,
    0xff, 0xff, 0xc1, 0xff, 0xff, 0x83, 0xff, 0xff,
    0x7, 0xff, 0xfe, 0xf, 0xff, 0xfc, 0x1f, 0xff,
    0xf8, 0x3f, 0xff, 0xf0, 0x7f, 0xff, 0xe0, 0xff,
    0xff, 0xc1, 0xff, 0xff, 0x83, 0xff, 0xff, 0x7,
    0xff, 0xfe, 0xf, 0xff, 0xfc, 0x1f, 0xff, 0xf8,
    0x3f, 0xff, 0xf0, 0x7f, 0xff, 0xe0, 0xff, 0xff,
    0xc1, 0xff, 0xff, 0x83, 0xff, 0xff, 0x7, 0xff,
    0xfe, 0xf, 0xff, 0xfc, 0x1f, 0xff, 0xf8,

    /* U+00EE "î" */
    0x0, 0x1f, 0xff, 0xff, 0x80, 0x0, 0x1, 0xff,
    0xff, 0xf8, 0x0, 0x0, 0x3f, 0xff, 0xff, 0xc0,
    0x0, 0x3, 0xff, 0xff, 0xfc, 0x0, 0x0, 0x7f,
    0xff, 0xff, 0xe0, 0x0, 0xf, 0xff, 0xff, 0xff,
    0x0, 0x0, 0xff, 0xff, 0xff, 0xf0, 0x0, 0x1f,
    0xff, 0x9f, 0xff, 0x80, 0x3, 0xff, 0xf9, 0xff,
    0xf8, 0x0, 0x3f, 0xff, 0x9f, 0xff, 0xc0, 0x7,
    0xff, 0xf0, 0xff, 0xfe, 0x0, 0x7f, 0xff, 0xf,
    0xff, 0xe0, 0xf, 0xff, 0xf0, 0xff, 0xff, 0x1,
    0xff, 0xfe, 0x7, 0xff, 0xf8, 0x1f, 0xff, 0xe0,
    0x7f, 0xff, 0x83, 0xff, 0xfe, 0x7, 0xff, 0xfc,
    0x3f, 0xff, 0xc0, 0x3f, 0xff, 0xc7, 0xff, 0xfc,
    0x3, 0xff, 0xfe, 0xff, 0xff, 0xc0, 0x3f, 0xff,
    0xf0, 0x0, 0x0, 0x0, 0x0, 0x0, 0x0, 0x0,
    0x0, 0x0, 0x0, 0x0, 0x0, 0x0, 0x0, 0x0,
    0x0, 0x0, 0x0, 0x0, 0x0, 0x0, 0x0, 0x0,
    0x0, 0x0, 0x0, 0x0, 0x0, 0x7, 0xff, 0xfe,
    0x0, 0x0, 0x0, 0x7f, 0xff, 0xe0, 0x0, 0x0,
    0x7, 0xff, 0xfe, 0x0, 0x0, 0x0, 0x7f, 0xff,
    0xe0, 0x0, 0x0, 0x7, 0xff, 0xfe, 0x0, 0x0,
    0x0, 0x7f, 0xff, 0xe0, 0x0, 0x0, 0x7, 0xff,
    0xfe, 0x0, 0x0, 0x0, 0x7f, 0xff, 0xe0, 0x0,
    0x0, 0x7, 0xff, 0xfe, 0x0, 0x0, 0x0, 0x7f,
    0xff, 0xe0, 0x0, 0x0, 0x7, 0xff, 0xfe, 0x0,
    0x0, 0x0, 0x7f, 0xff, 0xe0, 0x0, 0x0, 0x7,
    0xff, 0xfe, 0x0, 0x0, 0x0, 0x7f, 0xff, 0xe0,
    0x0, 0x0, 0x7, 0xff, 0xfe, 0x0, 0x0, 0x0,
    0x7f, 0xff, 0xe0, 0x0, 0x0, 0x7, 0xff, 0xfe,
    0x0, 0x0, 0x0, 0x7f, 0xff, 0xe0, 0x0, 0x0,
    0x7, 0xff, 0xfe, 0x0, 0x0, 0x0, 0x7f, 0xff,
    0xe0, 0x0, 0x0, 0x7, 0xff, 0xfe, 0x0, 0x0,
    0x0, 0x7f, 0xff, 0xe0, 0x0, 0x0, 0x7, 0xff,
    0xfe, 0x0, 0x0, 0x0, 0x7f, 0xff, 0xe0, 0x0,
    0x0, 0x7, 0xff, 0xfe, 0x0, 0x0, 0x0, 0x7f,
    0xff, 0xe0, 0x0, 0x0, 0x7, 0xff, 0xfe, 0x0,
    0x0, 0x0, 0x7f, 0xff, 0xe0, 0x0, 0x0, 0x7,
    0xff, 0xfe, 0x0, 0x0, 0x0, 0x7f, 0xff, 0xe0,
    0x0, 0x0, 0x7, 0xff, 0xfe, 0x0, 0x0, 0x0,
    0x7f, 0xff, 0xe0, 0x0, 0x0, 0x7, 0xff, 0xfe,
    0x0, 0x0, 0x0, 0x7f, 0xff, 0xe0, 0x0, 0x0,
    0x7, 0xff, 0xfe, 0x0, 0x0, 0x0, 0x7f, 0xff,
    0xe0, 0x0, 0x0, 0x7, 0xff, 0xfe, 0x0, 0x0,
    0x0, 0x7f, 0xff, 0xe0, 0x0, 0x0, 0x7, 0xff,
    0xfe, 0x0, 0x0, 0x0, 0x7f, 0xff, 0xe0, 0x0,
    0x0, 0x7, 0xff, 0xfe, 0x0, 0x0, 0x0, 0x7f,
    0xff, 0xe0, 0x0, 0x0, 0x7, 0xff, 0xfe, 0x0,
    0x0, 0x0, 0x7f, 0xff, 0xe0, 0x0, 0x0, 0x7,
    0xff, 0xfe, 0x0, 0x0, 0x0, 0x7f, 0xff, 0xe0,
    0x0, 0x0, 0x7, 0xff, 0xfe, 0x0, 0x0, 0x0,
    0x7f, 0xff, 0xe0, 0x0, 0x0, 0x7, 0xff, 0xfe,
    0x0, 0x0, 0x0, 0x7f, 0xff, 0xe0, 0x0, 0x0,
    0x7, 0xff, 0xfe, 0x0, 0x0, 0x0, 0x7f, 0xff,
    0xe0, 0x0, 0x0, 0x7, 0xff, 0xfe, 0x0, 0x0,
    0x0, 0x7f, 0xff, 0xe0, 0x0, 0x0, 0x7, 0xff,
    0xfe, 0x0, 0x0, 0x0, 0x7f, 0xff, 0xe0, 0x0,
    0x0, 0x7, 0xff, 0xfe, 0x0, 0x0, 0x0, 0x7f,
    0xff, 0xe0, 0x0, 0x0, 0x7, 0xff, 0xfe, 0x0,
    0x0, 0x0, 0x7f, 0xff, 0xe0, 0x0, 0x0, 0x7,
    0xff, 0xfe, 0x0, 0x0, 0x0, 0x7f, 0xff, 0xe0,
    0x0, 0x0, 0x7, 0xff, 0xfe, 0x0, 0x0, 0x0,
    0x7f, 0xff, 0xe0, 0x0, 0x0, 0x7, 0xff, 0xfe,
    0x0, 0x0, 0x0, 0x7f, 0xff, 0xe0, 0x0, 0x0,
    0x7, 0xff, 0xfe, 0x0, 0x0, 0x0, 0x7f, 0xff,
    0xe0, 0x0, 0x0, 0x7, 0xff, 0xfe, 0x0, 0x0,
    0x0, 0x7f, 0xff, 0xe0, 0x0, 0x0, 0x7, 0xff,
    0xfe, 0x0, 0x0, 0x0, 0x7f, 0xff, 0xe0, 0x0,
    0x0, 0x7, 0xff, 0xfe, 0x0, 0x0,

    /* U+00EF "ï" */
    0xff, 0xff, 0xc1, 0xff, 0xff, 0xff, 0xff, 0xe0,
    0xff, 0xff, 0xff, 0xff, 0xf0, 0x7f, 0xff, 0xff,
    0xff, 0xf8, 0x3f, 0xff, 0xff, 0xff, 0xfc, 0x1f,
    0xff, 0xff, 0xff, 0xfe, 0xf, 0xff, 0xff, 0xff,
    0xff, 0x7, 0xff, 0xff, 0xff, 0xff, 0x83, 0xff,
    0xff, 0xff, 0xff, 0xc1, 0xff, 0xff, 0xff, 0xff,
    0xe0, 0xff, 0xff, 0xff, 0xff, 0xf0, 0x7f, 0xff,
    0xff, 0xff, 0xf8, 0x3f, 0xff, 0xff, 0xff, 0xfc,
    0x1f, 0xff, 0xff, 0xff, 0xfe, 0xf, 0xff, 0xfc,
    0x0, 0x0, 0x0, 0x0, 0x0, 0x0, 0x0, 0x0,
    0x0, 0x0, 0x0, 0x0, 0x0, 0x0, 0x0, 0x0,
    0x0, 0x0, 0x0, 0x0, 0x0, 0x0, 0x0, 0x0,
    0x0, 0x0, 0x1, 0xff, 0xff, 0x80, 0x0, 0x0,
    0xff, 0xff, 0xc0, 0x0, 0x0, 0x7f, 0xff, 0xe0,
    0x0, 0x0, 0x3f, 0xff, 0xf0, 0x0, 0x0, 0x1f,
    0xff, 0xf8, 0x0, 0x0, 0xf, 0xff, 0xfc, 0x0,
    0x0, 0x7, 0xff, 0xfe, 0x0, 0x0, 0x3, 0xff,
    0xff, 0x0, 0x0, 0x1, 0xff, 0xff, 0x80, 0x0,
    0x0, 0xff, 0xff, 0xc0, 0x0, 0x0, 0x7f, 0xff,
    0xe0, 0x0, 0x0, 0x3f, 0xff, 0xf0, 0x0, 0x0,
    0x1f, 0xff, 0xf8, 0x0, 0x0, 0xf, 0xff, 0xfc,
    0x0, 0x0, 0x7, 0xff, 0xfe, 0x0, 0x0, 0x3,
    0xff, 0xff, 0x0, 0x0, 0x1, 0xff, 0xff, 0x80,
    0x0, 0x0, 0xff, 0xff, 0xc0, 0x0, 0x0, 0x7f,
    0xff, 0xe0, 0x0, 0x0, 0x3f, 0xff, 0xf0, 0x0,
    0x0, 0x1f, 0xff, 0xf8, 0x0, 0x0, 0xf, 0xff,
    0xfc, 0x0, 0x0, 0x7, 0xff, 0xfe, 0x0, 0x0,
    0x3, 0xff, 0xff, 0x0, 0x0, 0x1, 0xff, 0xff,
    0x80, 0x0, 0x0, 0xff, 0xff, 0xc0, 0x0, 0x0,
    0x7f, 0xff, 0xe0, 0x0, 0x0, 0x3f, 0xff, 0xf0,
    0x0, 0x0, 0x1f, 0xff, 0xf8, 0x0, 0x0, 0xf,
    0xff, 0xfc, 0x0, 0x0, 0x7, 0xff, 0xfe, 0x0,
    0x0, 0x3, 0xff, 0xff, 0x0, 0x0, 0x1, 0xff,
    0xff, 0x80, 0x0, 0x0, 0xff, 0xff, 0xc0, 0x0,
    0x0, 0x7f, 0xff, 0xe0, 0x0, 0x0, 0x3f, 0xff,
    0xf0, 0x0, 0x0, 0x1f, 0xff, 0xf8, 0x0, 0x0,
    0xf, 0xff, 0xfc, 0x0, 0x0, 0x7, 0xff, 0xfe,
    0x0, 0x0, 0x3, 0xff, 0xff, 0x0, 0x0, 0x1,
    0xff, 0xff, 0x80, 0x0, 0x0, 0xff, 0xff, 0xc0,
    0x0, 0x0, 0x7f, 0xff, 0xe0, 0x0, 0x0, 0x3f,
    0xff, 0xf0, 0x0, 0x0, 0x1f, 0xff, 0xf8, 0x0,
    0x0, 0xf, 0xff, 0xfc, 0x0, 0x0, 0x7, 0xff,
    0xfe, 0x0, 0x0, 0x3, 0xff, 0xff, 0x0, 0x0,
    0x1, 0xff, 0xff, 0x80, 0x0, 0x0, 0xff, 0xff,
    0xc0, 0x0, 0x0, 0x7f, 0xff, 0xe0, 0x0, 0x0,
    0x3f, 0xff, 0xf0, 0x0, 0x0, 0x1f, 0xff, 0xf8,
    0x0, 0x0, 0xf, 0xff, 0xfc, 0x0, 0x0, 0x7,
    0xff, 0xfe, 0x0, 0x0, 0x3, 0xff, 0xff, 0x0,
    0x0, 0x1, 0xff, 0xff, 0x80, 0x0, 0x0, 0xff,
    0xff, 0xc0, 0x0, 0x0, 0x7f, 0xff, 0xe0, 0x0,
    0x0, 0x3f, 0xff, 0xf0, 0x0, 0x0, 0x1f, 0xff,
    0xf8, 0x0, 0x0, 0xf, 0xff, 0xfc, 0x0, 0x0,
    0x7, 0xff, 0xfe, 0x0, 0x0, 0x3, 0xff, 0xff,
    0x0, 0x0, 0x1, 0xff, 0xff, 0x80, 0x0, 0x0,
    0xff, 0xff, 0xc0, 0x0, 0x0, 0x7f, 0xff, 0xe0,
    0x0, 0x0, 0x3f, 0xff, 0xf0, 0x0, 0x0, 0x1f,
    0xff, 0xf8, 0x0, 0x0, 0xf, 0xff, 0xfc, 0x0,
    0x0, 0x7, 0xff, 0xfe, 0x0, 0x0, 0x3, 0xff,
    0xff, 0x0, 0x0, 0x1, 0xff, 0xff, 0x80, 0x0,

    /* U+00F0 "ð" */
    0x3, 0x80, 0x0, 0x0, 0x0, 0x0, 0xf, 0xe0,
    0x0, 0x0, 0x0, 0x0, 0x7f, 0xf0, 0x0, 0x0,
    0x0, 0x1, 0xff, 0xf0, 0x0, 0x0, 0x0, 0x7,
    0xff, 0xf0, 0x0, 0x0, 0x0, 0x3f, 0xff, 0xf0,
    0x0, 0x0, 0x0, 0xff, 0xff, 0xe0, 0x0, 0x60,
    0x7, 0xff, 0xff, 0xe0, 0x3, 0x80, 0x1f, 0xff,
    0xff, 0xc0, 0x3f, 0x0, 0xff, 0xff, 0xff, 0xc1,
    0xfc, 0x3, 0xff, 0xff, 0xff, 0x9f, 0xf8, 0xf,
    0xff, 0xff, 0xff, 0xff, 0xf0, 0x7, 0xff, 0xff,
    0xff, 0xff, 0xc0, 0x3, 0xff, 0xff, 0xff, 0xfc,
    0x0, 0x3, 0xff, 0xff, 0xff, 0xe0, 0x0, 0x7,
    0xff, 0xff, 0xfe, 0x0, 0x0, 0x7, 0xff, 0xff,
    0xf0, 0x0, 0x0, 0xf, 0xff, 0xff, 0xc0, 0x0,
    0x0, 0x1f, 0xff, 0xff, 0x0, 0x0, 0x0, 0x1f,
    0xff, 0xfe, 0x0, 0x0, 0x0, 0xff, 0xff, 0xfc,
    0x0, 0x0, 0xf, 0xff, 0xff, 0xf0, 0x0, 0x0,
    0x7f, 0xff, 0xff, 0xe0, 0x0, 0x7, 0xff, 0xff,
    0xff, 0x80, 0x0, 0x3f, 0xff, 0xff, 0xff, 0x0,
    0x0, 0xff, 0xff, 0xff, 0xfc, 0x0, 0x1, 0xff,
    0x1f, 0xff, 0xf8, 0x0, 0x7, 0xf8, 0x3f, 0xff,
    0xe0, 0x0, 0xf, 0x80, 0xff, 0xff, 0xc0, 0x0,
    0x1c, 0x1, 0xff, 0xff, 0x0, 0x0, 0x40, 0x7,
    0xff, 0xfe, 0x0, 0x0, 0x0, 0xf, 0xff, 0xf8,
    0x0, 0x0, 0x0, 0x3f, 0xff, 0xf0, 0x0, 0x7,
    0xfe, 0x7f, 0xff, 0xc0, 0x1, 0xff, 0xff, 0xff,
    0xff, 0x0, 0x1f, 0xff, 0xff, 0xff, 0xfc, 0x0,
    0xff, 0xff, 0xff, 0xff, 0xf8, 0xf, 0xff, 0xff,
    0xff, 0xff, 0xe0, 0x7f, 0xff, 0xff, 0xff, 0xff,
    0x81, 0xff, 0xff, 0xff, 0xff, 0xfe, 0xf, 0xff,
    0xff, 0xff, 0xff, 0xf8, 0x7f, 0xff, 0xff, 0xff,
    0xff, 0xf1, 0xff, 0xff, 0xff, 0xff, 0xff, 0xcf,
    0xff, 0xff, 0xff, 0xff, 0xff, 0x3f, 0xff, 0xff,
    0xff, 0xff, 0xfc, 0xff, 0xff, 0xff, 0xff, 0xff,
    0xf7, 0xff, 0xff, 0x87, 0xff, 0xff, 0xdf, 0xff,
    0xfc, 0x7, 0xff, 0xff, 0x7f, 0xff, 0xf0, 0x1f,
    0xff, 0xfd, 0xff, 0xff, 0x80, 0x3f, 0xff, 0xff,
    0xff, 0xfe, 0x0, 0xff, 0xff, 0xff, 0xff, 0xf8,
    0x3, 0xff, 0xff, 0xff, 0xff, 0xe0, 0xf, 0xff,
    0xff, 0xff, 0xff, 0x80, 0x3f, 0xff, 0xff, 0xff,
    0xfe, 0x0, 0xff, 0xff, 0xff, 0xff, 0xf8, 0x3,
    0xff, 0xff, 0xff, 0xff, 0xe0, 0xf, 0xff, 0xff,
    0xff, 0xff, 0x80, 0x3f, 0xff, 0xff, 0xff, 0xfe,
    0x0, 0xff, 0xff, 0xff, 0xff, 0xf8, 0x3, 0xff,
    0xff, 0xff, 0xff, 0xe0, 0xf, 0xff, 0xff, 0xff,
    0xff, 0x80, 0x3f, 0xff, 0xff, 0xff, 0xfe, 0x0,
    0xff, 0xff, 0xff, 0xff, 0xf8, 0x3, 0xff, 0xff,
    0xff, 0xff, 0xe0, 0xf, 0xff, 0xff, 0xff, 0xff,
    0x80, 0x3f, 0xff, 0xff, 0xff, 0xfe, 0x0, 0xff,
    0xff, 0xdf, 0xff, 0xf8, 0x3, 0xff, 0xff, 0x7f,
    0xff, 0xe0, 0xf, 0xff, 0xfd, 0xff, 0xff, 0x80,
    0x3f, 0xff, 0xe7, 0xff, 0xff, 0x0, 0xff, 0xff,
    0x9f, 0xff, 0xfc, 0x7, 0xff, 0xfe, 0x3f, 0xff,
    0xf0, 0x1f, 0xff, 0xf8, 0xff, 0xff, 0xe0, 0xff,
    0xff, 0xe3, 0xff, 0xff, 0xff, 0xff, 0xff, 0xf,
    0xff, 0xff, 0xff, 0xff, 0xfc, 0x1f, 0xff, 0xff,
    0xff, 0xff, 0xf0, 0x7f, 0xff, 0xff, 0xff, 0xff,
    0x80, 0xff, 0xff, 0xff, 0xff, 0xfe, 0x3, 0xff,
    0xff, 0xff, 0xff, 0xf0, 0x7, 0xff, 0xff, 0xff,
    0xff, 0xc0, 0xf, 0xff, 0xff, 0xff, 0xfe, 0x0,
    0x1f, 0xff, 0xff, 0xff, 0xf0, 0x0, 0x3f, 0xff,
    0xff, 0xff, 0x80, 0x0, 0x7f, 0xff, 0xff, 0xfc,
    0x0, 0x0, 0x7f, 0xff, 0xff, 0xc0, 0x0, 0x0,
    0x7f, 0xff, 0xf8, 0x0, 0x0, 0x0, 0x3f, 0xfe,
    0x0, 0x0,

    /* U+00F1 "ñ" */
    0x0, 0x3f, 0xc0, 0x0, 0x0, 0x0, 0x1f, 0xff,
    0x0, 0xf, 0x0, 0xf, 0xff, 0xfc, 0x3, 0xfc,
    0x3, 0xff, 0xff, 0xe0, 0xff, 0xe0, 0x7f, 0xff,
    0xff, 0xff, 0xf8, 0x1f, 0xff, 0xff, 0xff, 0xff,
    0x7, 0xff, 0xff, 0xff, 0xff, 0xc0, 0xff, 0xff,
    0xff, 0xff, 0xf8, 0x3f, 0xff, 0xff, 0xff, 0xfe,
    0x7, 0xff, 0xff, 0xff, 0xff, 0xc1, 0xff, 0xff,
    0xff, 0xff, 0xf0, 0xf, 0xf0, 0x7f, 0xff, 0xfc,
    0x0, 0x3c, 0x1, 0xff, 0xff, 0x0, 0x1, 0x0,
    0x7, 0xff, 0xc0, 0x0, 0x0, 0x0, 0x1f, 0xe0,
    0x0, 0x0, 0x0, 0x0, 0x0, 0x0, 0x0, 0x0,
    0x0, 0x0, 0x0, 0x0, 0x0, 0x0, 0x0, 0x0,
    0x0, 0x0, 0x0, 0x0, 0x0, 0x0, 0x0, 0x0,
    0x0, 0x0, 0x0, 0x0, 0x0, 0x0, 0x7, 0xf8,
    0x1, 0xff, 0xff, 0x83, 0xff, 0xe0, 0x3f, 0xff,
    0xf0, 0xff, 0xff, 0x7, 0xff, 0xfe, 0x3f, 0xff,
    0xf0, 0xff, 0xff, 0xcf, 0xff, 0xfe, 0x1f, 0xff,
    0xf9, 0xff, 0xff, 0xe3, 0xff, 0xff, 0x7f, 0xff,
    0xfe, 0x7f, 0xff, 0xef, 0xff, 0xff, 0xcf, 0xff,
    0xff, 0xff, 0xff, 0xfd, 0xff, 0xff, 0xff, 0xff,
    0xff, 0xbf, 0xff, 0xff, 0xff, 0xff, 0xf7, 0xff,
    0xff, 0xff, 0xff, 0xfe, 0xff, 0xff, 0xff, 0xff,
    0xff, 0xff, 0xff, 0xff, 0xff, 0xff, 0xff, 0xff,
    0xff, 0xc3, 0xff, 0xff, 0xff, 0xff, 0xf0, 0x3f,
    0xff, 0xff, 0xff, 0xfe, 0x3, 0xff, 0xff, 0xff,
    0xff, 0x80, 0x7f, 0xff, 0xff, 0xff, 0xf0, 0xf,
    0xff, 0xff, 0xff, 0xfe, 0x1, 0xff, 0xff, 0xff,
    0xff, 0xc0, 0x3f, 0xff, 0xff, 0xff, 0xf8, 0x7,
    0xff, 0xff, 0xff, 0xff, 0x0, 0xff, 0xff, 0xff,
    0xff, 0xe0, 0x1f, 0xff, 0xff, 0xff, 0xfc, 0x3,
    0xff, 0xff, 0xff, 0xff, 0x80, 0x7f, 0xff, 0xff,
    0xff, 0xf0, 0xf, 0xff, 0xff, 0xff, 0xfe, 0x1,
    0xff, 0xff, 0xff, 0xff, 0xc0, 0x3f, 0xff, 0xff,
    0xff, 0xf8, 0x7, 0xff, 0xff, 0xff, 0xff, 0x0,
    0xff, 0xff, 0xff, 0xff, 0xe0, 0x1f, 0xff, 0xff,
    0xff, 0xfc, 0x3, 0xff, 0xff, 0xff, 0xff, 0x80,
    0x7f, 0xff, 0xff, 0xff, 0xf0, 0xf, 0xff, 0xff,
    0xff, 0xfe, 0x1, 0xff, 0xff, 0xff, 0xff, 0xc0,
    0x3f, 0xff, 0xff, 0xff, 0xf8, 0x7, 0xff, 0xff,
    0xff, 0xff, 0x0, 0xff, 0xff, 0xff, 0xff, 0xe0,
    0x1f, 0xff, 0xff, 0xff, 0xfc, 0x3, 0xff, 0xff,
    0xff, 0xff, 0x80, 0x7f, 0xff, 0xff, 0xff, 0xf0,
    0xf, 0xff, 0xff, 0xff, 0xfe, 0x1, 0xff, 0xff,
    0xff, 0xff, 0xc0, 0x3f, 0xff, 0xff, 0xff, 0xf8,
    0x7, 0xff, 0xff, 0xff, 0xff, 0x0, 0xff, 0xff,
    0xff, 0xff, 0xe0, 0x1f, 0xff, 0xff, 0xff, 0xfc,
    0x3, 0xff, 0xff, 0xff, 0xff, 0x80, 0x7f, 0xff,
    0xff, 0xff, 0xf0, 0xf, 0xff, 0xff, 0xff, 0xfe,
    0x1, 0xff, 0xff, 0xff, 0xff, 0xc0, 0x3f, 0xff,
    0xff, 0xff, 0xf8, 0x7, 0xff, 0xff, 0xff, 0xff,
    0x0, 0xff, 0xff, 0xff, 0xff, 0xe0, 0x1f, 0xff,
    0xff, 0xff, 0xfc, 0x3, 0xff, 0xff, 0xff, 0xff,
    0x80, 0x7f, 0xff, 0xff, 0xff, 0xf0, 0xf, 0xff,
    0xff, 0xff, 0xfe, 0x1, 0xff, 0xff, 0xff, 0xff,
    0xc0, 0x3f, 0xff, 0xff, 0xff, 0xf8, 0x7, 0xff,
    0xff, 0xff, 0xff, 0x0, 0xff, 0xff, 0xff, 0xff,
    0xe0, 0x1f, 0xff, 0xff, 0xff, 0xfc, 0x3, 0xff,
    0xff, 0xff, 0xff, 0x80, 0x7f, 0xff, 0xff, 0xff,
    0xf0, 0xf, 0xff, 0xff, 0xff, 0xfe, 0x1, 0xff,
    0xff, 0xff, 0xff, 0xc0, 0x3f, 0xff, 0xff, 0xff,
    0xf8, 0x7, 0xff, 0xff, 0xff, 0xff, 0x0, 0xff,
    0xff, 0xff, 0xff, 0xe0, 0x1f, 0xff, 0xff, 0xff,
    0xfc, 0x3, 0xff, 0xff, 0xff, 0xff, 0x80, 0x7f,
    0xff, 0xc0,

    /* U+00F2 "ò" */
    0x0, 0x20, 0x0, 0x0, 0x0, 0x0, 0x3, 0xc0,
    0x0, 0x0, 0x0, 0x0, 0x3f, 0x0, 0x0, 0x0,
    0x0, 0x3, 0xfc, 0x0, 0x0, 0x0, 0x0, 0x3f,
    0xf0, 0x0, 0x0, 0x0, 0x3, 0xff, 0xc0, 0x0,
    0x0, 0x0, 0x3f, 0xff, 0x0, 0x0, 0x0, 0x3,
    0xff, 0xfc, 0x0, 0x0, 0x0, 0x3f, 0xff, 0xf8,
    0x0, 0x0, 0x3, 0xff, 0xff, 0xe0, 0x0, 0x0,
    0x3f, 0xff, 0xff, 0x80, 0x0, 0x3, 0xff, 0xff,
    0xf8, 0x0, 0x0, 0x3f, 0xff, 0xff, 0x80, 0x0,
    0x3, 0xff, 0xff, 0xf8, 0x0, 0x0, 0x3f, 0xff,
    0xff, 0x80, 0x0, 0x3, 0xff, 0xff, 0xf8, 0x0,
    0x0, 0x3f, 0xff, 0xff, 0x80, 0x0, 0x0, 0x7f,
    0xff, 0xf8, 0x0, 0x0, 0x0, 0x3f, 0xff, 0x80,
    0x0, 0x0, 0x0, 0x1f, 0xf8, 0x0, 0x0, 0x0,
    0x0, 0xf, 0x80, 0x0, 0x0, 0x0, 0x0, 0x0,
    0x0, 0x0, 0x0, 0x0, 0x0, 0x0, 0x0, 0x0,
    0x0, 0x0, 0x0, 0x0, 0x0, 0x0, 0x7f, 0xe0,
    0x0, 0x0, 0x0, 0x7f, 0xff, 0xe0, 0x0, 0x0,
    0x1f, 0xff, 0xff, 0x80, 0x0, 0x7, 0xff, 0xff,
    0xfe, 0x0, 0x0, 0xff, 0xff, 0xff, 0xf0, 0x0,
    0x1f, 0xff, 0xff, 0xff, 0x80, 0x3, 0xff, 0xff,
    0xff, 0xfc, 0x0, 0x7f, 0xff, 0xff, 0xff, 0xe0,
    0xf, 0xff, 0xff, 0xff, 0xff, 0x1, 0xff, 0xff,
    0xff, 0xff, 0xf8, 0x1f, 0xff, 0xff, 0xff, 0xff,
    0x83, 0xff, 0xff, 0xff, 0xff, 0xfc, 0x3f, 0xff,
    0xff, 0xff, 0xff, 0xc7, 0xff, 0xff, 0xf, 0xff,
    0xfe, 0x7f, 0xff, 0xe0, 0x7f, 0xff, 0xe7, 0xff,
    0xfe, 0x7, 0xff, 0xfe, 0x7f, 0xff, 0xc0, 0x3f,
    0xff, 0xef, 0xff, 0xfc, 0x3, 0xff, 0xff, 0xff,
    0xff, 0xc0, 0x3f, 0xff, 0xff, 0xff, 0xfc, 0x3,
    0xff, 0xff, 0xff, 0xff, 0xc0, 0x3f, 0xff, 0xff,
    0xff, 0xfc, 0x3, 0xff, 0xff, 0xff, 0xff, 0xc0,
    0x3f, 0xff, 0xff, 0xff, 0xfc, 0x3, 0xff, 0xff,
    0xff, 0xff, 0xc0, 0x3f, 0xff, 0xff, 0xff, 0xfc,
    0x3, 0xff, 0xff, 0xff, 0xff, 0xc0, 0x3f, 0xff,
    0xff, 0xff, 0xfc, 0x3, 0xff, 0xff, 0xff, 0xff,
    0xc0, 0x3f, 0xff, 0xff, 0xff, 0xfc, 0x3, 0xff,
    0xff, 0xff, 0xff, 0xc0, 0x3f, 0xff, 0xff, 0xff,
    0xfc, 0x3, 0xff, 0xff, 0xff, 0xff, 0xc0, 0x3f,
    0xff, 0xff, 0xff, 0xfc, 0x3, 0xff, 0xff, 0xff,
    0xff, 0xc0, 0x3f, 0xff, 0xff, 0xff, 0xfc, 0x3,
    0xff, 0xff, 0xff, 0xff, 0xc0, 0x3f, 0xff, 0xff,
    0xff, 0xfc, 0x3, 0xff, 0xff, 0xff, 0xff, 0xc0,
    0x3f, 0xff, 0xff, 0xff, 0xfc, 0x3, 0xff, 0xff,
    0xff, 0xff, 0xc0, 0x3f, 0xff, 0xff, 0xff, 0xfc,
    0x3, 0xff, 0xff, 0xff, 0xff, 0xc0, 0x3f, 0xff,
    0xff, 0xff, 0xfc, 0x3, 0xff, 0xff, 0xff, 0xff,
    0xc0, 0x3f, 0xff, 0xff, 0xff, 0xfc, 0x3, 0xff,
    0xff, 0xff, 0xff, 0xc0, 0x3f, 0xff, 0xff, 0xff,
    0xfc, 0x3, 0xff, 0xff, 0xff, 0xff, 0xc0, 0x3f,
    0xff, 0xff, 0xff, 0xfc, 0x3, 0xff, 0xff, 0xff,
    0xff, 0xc0, 0x3f, 0xff, 0xff, 0xff, 0xfc, 0x3,
    0xff, 0xff, 0xff, 0xff, 0xc0, 0x3f, 0xff, 0xff,
    0xff, 0xfc, 0x3, 0xff, 0xff, 0xff, 0xff, 0xc0,
    0x3f, 0xff, 0xff, 0xff, 0xfc, 0x3, 0xff, 0xff,
    0xff, 0xff, 0xc0, 0x3f, 0xff, 0xff, 0xff, 0xfc,
    0x3, 0xff, 0xff, 0xff, 0xff, 0xc0, 0x3f, 0xff,
    0xe7, 0xff, 0xfe, 0x7, 0xff, 0xfe, 0x7f, 0xff,
    0xe0, 0x7f, 0xff, 0xe7, 0xff, 0xff, 0xf, 0xff,
    0xfe, 0x7f, 0xff, 0xff, 0xff, 0xff, 0xe3, 0xff,
    0xff, 0xff, 0xff, 0xfc, 0x3f, 0xff, 0xff, 0xff,
    0xff, 0xc1, 0xff, 0xff, 0xff, 0xff, 0xf8, 0x1f,
    0xff, 0xff, 0xff, 0xff, 0x80, 0xff, 0xff, 0xff,
    0xff, 0xf0, 0x7, 0xff, 0xff, 0xff, 0xfe, 0x0,
    0x3f, 0xff, 0xff, 0xff, 0xc0, 0x1, 0xff, 0xff,
    0xff, 0xf8, 0x0, 0xf, 0xff, 0xff, 0xff, 0x0,
    0x0, 0x3f, 0xff, 0xff, 0xc0, 0x0, 0x0, 0xff,
    0xff, 0xf0, 0x0, 0x0, 0x0, 0xff, 0xf0, 0x0,
    0x0,

    /* U+00F3 "ó" */
    0x0, 0x0, 0x0, 0x0, 0x80, 0x0, 0x0, 0x0,
    0x0, 0x38, 0x0, 0x0, 0x0, 0x0, 0x1f, 0x80,
    0x0, 0x0, 0x0, 0x7, 0xf8, 0x0, 0x0, 0x0,
    0x1, 0xff, 0x80, 0x0, 0x0, 0x0, 0x7f, 0xf8,
    0x0, 0x0, 0x0, 0x1f, 0xff, 0x80, 0x0, 0x0,
    0x7, 0xff, 0xf8, 0x0, 0x0, 0x3, 0xff, 0xff,
    0x80, 0x0, 0x0, 0xff, 0xff, 0xf8, 0x0, 0x0,
    0x3f, 0xff, 0xff, 0x80, 0x0, 0x3, 0xff, 0xff,
    0xf8, 0x0, 0x0, 0x3f, 0xff, 0xff, 0x80, 0x0,
    0x3, 0xff, 0xff, 0xf8, 0x0, 0x0, 0x3f, 0xff,
    0xff, 0x80, 0x0, 0x3, 0xff, 0xff, 0xf8, 0x0,
    0x0, 0x3f, 0xff, 0xff, 0x80, 0x0, 0x3, 0xff,
    0xff, 0xc0, 0x0, 0x0, 0x3f, 0xff, 0x80, 0x0,
    0x0, 0x3, 0xff, 0x0, 0x0, 0x0, 0x0, 0x3e,
    0x0, 0x0, 0x0, 0x0, 0x0, 0x0, 0x0, 0x0,
    0x0, 0x0, 0x0, 0x0, 0x0, 0x0, 0x0, 0x0,
    0x0, 0x0, 0x0, 0x0, 0x0, 0x0, 0x7f, 0xe0,
    0x0, 0x0, 0x0, 0x7f, 0xff, 0xe0, 0x0, 0x0,
    0x1f, 0xff, 0xff, 0x80, 0x0, 0x7, 0xff, 0xff,
    0xfe, 0x0, 0x0, 0xff, 0xff, 0xff, 0xf0, 0x0,
    0x1f, 0xff, 0xff, 0xff, 0x80, 0x3, 0xff, 0xff,
    0xff, 0xfc, 0x0, 0x7f, 0xff, 0xff, 0xff, 0xe0,
    0xf, 0xff, 0xff, 0xff, 0xff, 0x1, 0xff, 0xff,
    0xff, 0xff, 0xf8, 0x1f, 0xff, 0xff, 0xff, 0xff,
    0x83, 0xff, 0xff, 0xff, 0xff, 0xfc, 0x3f, 0xff,
    0xff, 0xff, 0xff, 0xc7, 0xff, 0xff, 0xf, 0xff,
    0xfe, 0x7f, 0xff, 0xe0, 0x7f, 0xff, 0xe7, 0xff,
    0xfe, 0x7, 0xff, 0xfe, 0x7f, 0xff, 0xc0, 0x3f,
    0xff, 0xef, 0xff, 0xfc, 0x3, 0xff, 0xff, 0xff,
    0xff, 0xc0, 0x3f, 0xff, 0xff, 0xff, 0xfc, 0x3,
    0xff, 0xff, 0xff, 0xff, 0xc0, 0x3f, 0xff, 0xff,
    0xff, 0xfc, 0x3, 0xff, 0xff, 0xff, 0xff, 0xc0,
    0x3f, 0xff, 0xff, 0xff, 0xfc, 0x3, 0xff, 0xff,
    0xff, 0xff, 0xc0, 0x3f, 0xff, 0xff, 0xff, 0xfc,
    0x3, 0xff, 0xff, 0xff, 0xff, 0xc0, 0x3f, 0xff,
    0xff, 0xff, 0xfc, 0x3, 0xff, 0xff, 0xff, 0xff,
    0xc0, 0x3f, 0xff, 0xff, 0xff, 0xfc, 0x3, 0xff,
    0xff, 0xff, 0xff, 0xc0, 0x3f, 0xff, 0xff, 0xff,
    0xfc, 0x3, 0xff, 0xff, 0xff, 0xff, 0xc0, 0x3f,
    0xff, 0xff, 0xff, 0xfc, 0x3, 0xff, 0xff, 0xff,
    0xff, 0xc0, 0x3f, 0xff, 0xff, 0xff, 0xfc, 0x3,
    0xff, 0xff, 0xff, 0xff, 0xc0, 0x3f, 0xff, 0xff,
    0xff, 0xfc, 0x3, 0xff, 0xff, 0xff, 0xff, 0xc0,
    0x3f, 0xff, 0xff, 0xff, 0xfc, 0x3, 0xff, 0xff,
    0xff, 0xff, 0xc0, 0x3f, 0xff, 0xff, 0xff, 0xfc,
    0x3, 0xff, 0xff, 0xff, 0xff, 0xc0, 0x3f, 0xff,
    0xff, 0xff, 0xfc, 0x3, 0xff, 0xff, 0xff, 0xff,
    0xc0, 0x3f, 0xff, 0xff, 0xff, 0xfc, 0x3, 0xff,
    0xff, 0xff, 0xff, 0xc0, 0x3f, 0xff, 0xff, 0xff,
    0xfc, 0x3, 0xff, 0xff, 0xff, 0xff, 0xc0, 0x3f,
    0xff, 0xff, 0xff, 0xfc, 0x3, 0xff, 0xff, 0xff,
    0xff, 0xc0, 0x3f, 0xff, 0xff, 0xff, 0xfc, 0x3,
    0xff, 0xff, 0xff, 0xff, 0xc0, 0x3f, 0xff, 0xff,
    0xff, 0xfc, 0x3, 0xff, 0xff, 0xff, 0xff, 0xc0,
    0x3f, 0xff, 0xff, 0xff, 0xfc, 0x3, 0xff, 0xff,
    0xff, 0xff, 0xc0, 0x3f, 0xff, 0xff, 0xff, 0xfc,
    0x3, 0xff, 0xff, 0xff, 0xff, 0xc0, 0x3f, 0xff,
    0xe7, 0xff, 0xfe, 0x7, 0xff, 0xfe, 0x7f, 0xff,
    0xe0, 0x7f, 0xff, 0xe7, 0xff, 0xff, 0xf, 0xff,
    0xfe, 0x7f, 0xff, 0xff, 0xff, 0xff, 0xe3, 0xff,
    0xff, 0xff, 0xff, 0xfc, 0x3f, 0xff, 0xff, 0xff,
    0xff, 0xc1, 0xff, 0xff, 0xff, 0xff, 0xf8, 0x1f,
    0xff, 0xff, 0xff, 0xff, 0x80, 0xff, 0xff, 0xff,
    0xff, 0xf0, 0x7, 0xff, 0xff, 0xff, 0xfe, 0x0,
    0x3f, 0xff, 0xff, 0xff, 0xc0, 0x1, 0xff, 0xff,
    0xff, 0xf8, 0x0, 0xf, 0xff, 0xff, 0xff, 0x0,
    0x0, 0x3f, 0xff, 0xff, 0xc0, 0x0, 0x0, 0xff,
    0xff, 0xf0, 0x0, 0x0, 0x0, 0xff, 0xf0, 0x0,
    0x0,

    /* U+00F4 "ô" */
    0x0, 0xf, 0xff, 0xff, 0x0, 0x0, 0x1, 0xff,
    0xff, 0xf8, 0x0, 0x0, 0x3f, 0xff, 0xff, 0x80,
    0x0, 0x3, 0xff, 0xff, 0xfc, 0x0, 0x0, 0x7f,
    0xff, 0xff, 0xe0, 0x0, 0x7, 0xff, 0xff, 0xfe,
    0x0, 0x0, 0xff, 0xff, 0xff, 0xf0, 0x0, 0x1f,
    0xff, 0x9f, 0xff, 0x80, 0x1, 0xff, 0xf9, 0xff,
    0xf8, 0x0, 0x3f, 0xff, 0x9f, 0xff, 0xc0, 0x7,
    0xff, 0xf8, 0xff, 0xfc, 0x0, 0x7f, 0xff, 0xf,
    0xff, 0xe0, 0xf, 0xff, 0xf0, 0xff, 0xff, 0x0,
    0xff, 0xff, 0xf, 0xff, 0xf0, 0x1f, 0xff, 0xe0,
    0x7f, 0xff, 0x83, 0xff, 0xfe, 0x7, 0xff, 0xfc,
    0x3f, 0xff, 0xe0, 0x7f, 0xff, 0xc7, 0xff, 0xfc,
    0x3, 0xff, 0xfe, 0xff, 0xff, 0xc0, 0x3f, 0xff,
    0xe0, 0x0, 0x0, 0x0, 0x0, 0x0, 0x0, 0x0,
    0x0, 0x0, 0x0, 0x0, 0x0, 0x0, 0x0, 0x0,
    0x0, 0x0, 0x0, 0x0, 0x0, 0x0, 0x0, 0x0,
    0x0, 0x0, 0x0, 0x0, 0x0, 0x0, 0x7f, 0xe0,
    0x0, 0x0, 0x0, 0x7f, 0xff, 0xe0, 0x0, 0x0,
    0x1f, 0xff, 0xff, 0x80, 0x0, 0x7, 0xff, 0xff,
    0xfe, 0x0, 0x0, 0xff, 0xff, 0xff, 0xf0, 0x0,
    0x1f, 0xff, 0xff, 0xff, 0x80, 0x3, 0xff, 0xff,
    0xff, 0xfc, 0x0, 0x7f, 0xff, 0xff, 0xff, 0xe0,
    0xf, 0xff, 0xff, 0xff, 0xff, 0x1, 0xff, 0xff,
    0xff, 0xff, 0xf8, 0x1f, 0xff, 0xff, 0xff, 0xff,
    0x83, 0xff, 0xff, 0xff, 0xff, 0xfc, 0x3f, 0xff,
    0xff, 0xff, 0xff, 0xc7, 0xff, 0xff, 0xf, 0xff,
    0xfe, 0x7f, 0xff, 0xe0, 0x7f, 0xff, 0xe7, 0xff,
    0xfe, 0x7, 0xff, 0xfe, 0x7f, 0xff, 0xc0, 0x3f,
    0xff, 0xef, 0xff, 0xfc, 0x3, 0xff, 0xff, 0xff,
    0xff, 0xc0, 0x3f, 0xff, 0xff, 0xff, 0xfc, 0x3,
    0xff, 0xff, 0xff, 0xff, 0xc0, 0x3f, 0xff, 0xff,
    0xff, 0xfc, 0x3, 0xff, 0xff, 0xff, 0xff, 0xc0,
    0x3f, 0xff, 0xff, 0xff, 0xfc, 0x3, 0xff, 0xff,
    0xff, 0xff, 0xc0, 0x3f, 0xff, 0xff, 0xff, 0xfc,
    0x3, 0xff, 0xff, 0xff, 0xff, 0xc0, 0x3f, 0xff,
    0xff, 0xff, 0xfc, 0x3, 0xff, 0xff, 0xff, 0xff,
    0xc0, 0x3f, 0xff, 0xff, 0xff, 0xfc, 0x3, 0xff,
    0xff, 0xff, 0xff, 0xc0, 0x3f, 0xff, 0xff, 0xff,
    0xfc, 0x3, 0xff, 0xff, 0xff, 0xff, 0xc0, 0x3f,
    0xff, 0xff, 0xff, 0xfc, 0x3, 0xff, 0xff, 0xff,
    0xff, 0xc0, 0x3f, 0xff, 0xff, 0xff, 0xfc, 0x3,
    0xff, 0xff, 0xff, 0xff, 0xc0, 0x3f, 0xff, 0xff,
    0xff, 0xfc, 0x3, 0xff, 0xff, 0xff, 0xff, 0xc0,
    0x3f, 0xff, 0xff, 0xff, 0xfc, 0x3, 0xff, 0xff,
    0xff, 0xff, 0xc0, 0x3f, 0xff, 0xff, 0xff, 0xfc,
    0x3, 0xff, 0xff, 0xff, 0xff, 0xc0, 0x3f, 0xff,
    0xff, 0xff, 0xfc, 0x3, 0xff, 0xff, 0xff, 0xff,
    0xc0, 0x3f, 0xff, 0xff, 0xff, 0xfc, 0x3, 0xff,
    0xff, 0xff, 0xff, 0xc0, 0x3f, 0xff, 0xff, 0xff,
    0xfc, 0x3, 0xff, 0xff, 0xff, 0xff, 0xc0, 0x3f,
    0xff, 0xff, 0xff, 0xfc, 0x3, 0xff, 0xff, 0xff,
    0xff, 0xc0, 0x3f, 0xff, 0xff, 0xff, 0xfc, 0x3,
    0xff, 0xff, 0xff, 0xff, 0xc0, 0x3f, 0xff, 0xff,
    0xff, 0xfc, 0x3, 0xff, 0xff, 0xff, 0xff, 0xc0,
    0x3f, 0xff, 0xff, 0xff, 0xfc, 0x3, 0xff, 0xff,
    0xff, 0xff, 0xc0, 0x3f, 0xff, 0xff, 0xff, 0xfc,
    0x3, 0xff, 0xff, 0xff, 0xff, 0xc0, 0x3f, 0xff,
    0xe7, 0xff, 0xfe, 0x7, 0xff, 0xfe, 0x7f, 0xff,
    0xe0, 0x7f, 0xff, 0xe7, 0xff, 0xff, 0xf, 0xff,
    0xfe, 0x7f, 0xff, 0xff, 0xff, 0xff, 0xe3, 0xff,
    0xff, 0xff, 0xff, 0xfc, 0x3f, 0xff, 0xff, 0xff,
    0xff, 0xc1, 0xff, 0xff, 0xff, 0xff, 0xf8, 0x1f,
    0xff, 0xff, 0xff, 0xff, 0x80, 0xff, 0xff, 0xff,
    0xff, 0xf0, 0x7, 0xff, 0xff, 0xff, 0xfe, 0x0,
    0x3f, 0xff, 0xff, 0xff, 0xc0, 0x1, 0xff, 0xff,
    0xff, 0xf8, 0x0, 0xf, 0xff, 0xff, 0xff, 0x0,
    0x0, 0x3f, 0xff, 0xff, 0xc0, 0x0, 0x0, 0xff,
    0xff, 0xf0, 0x0, 0x0, 0x0, 0xff, 0xf0, 0x0,
    0x0,

    /* U+00F5 "õ" */
    0x0, 0x3f, 0xe0, 0x0, 0x0, 0x0, 0xf, 0xff,
    0xc0, 0x7, 0xc0, 0x1, 0xff, 0xff, 0x0, 0x7f,
    0x80, 0x3f, 0xff, 0xfe, 0x1f, 0xfc, 0x7, 0xff,
    0xff, 0xff, 0xff, 0xc0, 0xff, 0xff, 0xff, 0xff,
    0xf8, 0xf, 0xff, 0xff, 0xff, 0xff, 0x81, 0xff,
    0xff, 0xff, 0xff, 0xf0, 0x1f, 0xff, 0xff, 0xff,
    0xff, 0x3, 0xff, 0xff, 0xff, 0xff, 0xe0, 0x3f,
    0xff, 0xff, 0xff, 0xfe, 0x0, 0xfe, 0x7, 0xff,
    0xff, 0xc0, 0x3, 0xc0, 0x1f, 0xff, 0xf8, 0x0,
    0x8, 0x0, 0x3f, 0xff, 0x0, 0x0, 0x0, 0x0,
    0x7f, 0xc0, 0x0, 0x0, 0x0, 0x0, 0x0, 0x0,
    0x0, 0x0, 0x0, 0x0, 0x0, 0x0, 0x0, 0x0,
    0x0, 0x0, 0x0, 0x0, 0x0, 0x0, 0x0, 0x0,
    0x0, 0x0, 0x0, 0x0, 0x0, 0x0, 0x0, 0x0,
    0x0, 0x0, 0x0, 0x0, 0x0, 0x7, 0xfe, 0x0,
    0x0, 0x0, 0x7, 0xff, 0xfe, 0x0, 0x0, 0x1,
    0xff, 0xff, 0xf8, 0x0, 0x0, 0x7f, 0xff, 0xff,
    0xe0, 0x0, 0xf, 0xff, 0xff, 0xff, 0x0, 0x1,
    0xff, 0xff, 0xff, 0xf8, 0x0, 0x3f, 0xff, 0xff,
    0xff, 0xc0, 0x7, 0xff, 0xff, 0xff, 0xfe, 0x0,
    0xff, 0xff, 0xff, 0xff, 0xf0, 0x1f, 0xff, 0xff,
    0xff, 0xff, 0x81, 0xff, 0xff, 0xff, 0xff, 0xf8,
    0x3f, 0xff, 0xff, 0xff, 0xff, 0xc3, 0xff, 0xff,
    0xff, 0xff, 0xfc, 0x7f, 0xff, 0xf0, 0xff, 0xff,
    0xe7, 0xff, 0xfe, 0x7, 0xff, 0xfe, 0x7f, 0xff,
    0xe0, 0x7f, 0xff, 0xe7, 0xff, 0xfc, 0x3, 0xff,
    0xfe, 0xff, 0xff, 0xc0, 0x3f, 0xff, 0xff, 0xff,
    0xfc, 0x3, 0xff, 0xff, 0xff, 0xff, 0xc0, 0x3f,
    0xff, 0xff, 0xff, 0xfc, 0x3, 0xff, 0xff, 0xff,
    0xff, 0xc0, 0x3f, 0xff, 0xff, 0xff, 0xfc, 0x3,
    0xff, 0xff, 0xff, 0xff, 0xc0, 0x3f, 0xff, 0xff,
    0xff, 0xfc, 0x3, 0xff, 0xff, 0xff, 0xff, 0xc0,
    0x3f, 0xff, 0xff, 0xff, 0xfc, 0x3, 0xff, 0xff,
    0xff, 0xff, 0xc0, 0x3f, 0xff, 0xff, 0xff, 0xfc,
    0x3, 0xff, 0xff, 0xff, 0xff, 0xc0, 0x3f, 0xff,
    0xff, 0xff, 0xfc, 0x3, 0xff, 0xff, 0xff, 0xff,
    0xc0, 0x3f, 0xff, 0xff, 0xff, 0xfc, 0x3, 0xff,
    0xff, 0xff, 0xff, 0xc0, 0x3f, 0xff, 0xff, 0xff,
    0xfc, 0x3, 0xff, 0xff, 0xff, 0xff, 0xc0, 0x3f,
    0xff, 0xff, 0xff, 0xfc, 0x3, 0xff, 0xff, 0xff,
    0xff, 0xc0, 0x3f, 0xff, 0xff, 0xff, 0xfc, 0x3,
    0xff, 0xff, 0xff, 0xff, 0xc0, 0x3f, 0xff, 0xff,
    0xff, 0xfc, 0x3, 0xff, 0xff, 0xff, 0xff, 0xc0,
    0x3f, 0xff, 0xff, 0xff, 0xfc, 0x3, 0xff, 0xff,
    0xff, 0xff, 0xc0, 0x3f, 0xff, 0xff, 0xff, 0xfc,
    0x3, 0xff, 0xff, 0xff, 0xff, 0xc0, 0x3f, 0xff,
    0xff, 0xff, 0xfc, 0x3, 0xff, 0xff, 0xff, 0xff,
    0xc0, 0x3f, 0xff, 0xff, 0xff, 0xfc, 0x3, 0xff,
    0xff, 0xff, 0xff, 0xc0, 0x3f, 0xff, 0xff, 0xff,
    0xfc, 0x3, 0xff, 0xff, 0xff, 0xff, 0xc0, 0x3f,
    0xff, 0xff, 0xff, 0xfc, 0x3, 0xff, 0xff, 0xff,
    0xff, 0xc0, 0x3f, 0xff, 0xff, 0xff, 0xfc, 0x3,
    0xff, 0xff, 0xff, 0xff, 0xc0, 0x3f, 0xff, 0xff,
    0xff, 0xfc, 0x3, 0xff, 0xff, 0xff, 0xff, 0xc0,
    0x3f, 0xff, 0xff, 0xff, 0xfc, 0x3, 0xff, 0xfe,
    0x7f, 0xff, 0xe0, 0x7f, 0xff, 0xe7, 0xff, 0xfe,
    0x7, 0xff, 0xfe, 0x7f, 0xff, 0xf0, 0xff, 0xff,
    0xe7, 0xff, 0xff, 0xff, 0xff, 0xfe, 0x3f, 0xff,
    0xff, 0xff, 0xff, 0xc3, 0xff, 0xff, 0xff, 0xff,
    0xfc, 0x1f, 0xff, 0xff, 0xff, 0xff, 0x81, 0xff,
    0xff, 0xff, 0xff, 0xf8, 0xf, 0xff, 0xff, 0xff,
    0xff, 0x0, 0x7f, 0xff, 0xff, 0xff, 0xe0, 0x3,
    0xff, 0xff, 0xff, 0xfc, 0x0, 0x1f, 0xff, 0xff,
    0xff, 0x80, 0x0, 0xff, 0xff, 0xff, 0xf0, 0x0,
    0x3, 0xff, 0xff, 0xfc, 0x0, 0x0, 0xf, 0xff,
    0xff, 0x0, 0x0, 0x0, 0xf, 0xff, 0x0, 0x0,

    /* U+00F6 "ö" */
    0x7f, 0xff, 0xe0, 0xff, 0xff, 0xc7, 0xff, 0xfe,
    0xf, 0xff, 0xfc, 0x7f, 0xff, 0xe0, 0xff, 0xff,
    0xc7, 0xff, 0xfe, 0xf, 0xff, 0xfc, 0x7f, 0xff,
    0xe0, 0xff, 0xff, 0xc7, 0xff, 0xfe, 0xf, 0xff,
    0xfc, 0x7f, 0xff, 0xe0, 0xff, 0xff, 0xc7, 0xff,
    0xfe, 0xf, 0xff, 0xfc, 0x7f, 0xff, 0xe0, 0xff,
    0xff, 0xc7, 0xff, 0xfe, 0xf, 0xff, 0xfc, 0x7f,
    0xff, 0xe0, 0xff, 0xff, 0xc7, 0xff, 0xfe, 0xf,
    0xff, 0xfc, 0x7f, 0xff, 0xe0, 0xff, 0xff, 0xc7,
    0xff, 0xfe, 0xf, 0xff, 0xfc, 0x0, 0x0, 0x0,
    0x0, 0x0, 0x0, 0x0, 0x0, 0x0, 0x0, 0x0,
    0x0, 0x0, 0x0, 0x0, 0x0, 0x0, 0x0, 0x0,
    0x0, 0x0, 0x0, 0x0, 0x0, 0x0, 0x0, 0x0,
    0x0, 0x0, 0x7, 0xfe, 0x0, 0x0, 0x0, 0x7,
    0xff, 0xfe, 0x0, 0x0, 0x1, 0xff, 0xff, 0xf8,
    0x0, 0x0, 0x7f, 0xff, 0xff, 0xe0, 0x0, 0xf,
    0xff, 0xff, 0xff, 0x0, 0x1, 0xff, 0xff, 0xff,
    0xf8, 0x0, 0x3f, 0xff, 0xff, 0xff, 0xc0, 0x7,
    0xff, 0xff, 0xff, 0xfe, 0x0, 0xff, 0xff, 0xff,
    0xff, 0xf0, 0x1f, 0xff, 0xff, 0xff, 0xff, 0x81,
    0xff, 0xff, 0xff, 0xff, 0xf8, 0x3f, 0xff, 0xff,
    0xff, 0xff, 0xc3, 0xff, 0xff, 0xff, 0xff, 0xfc,
    0x7f, 0xff, 0xf0, 0xff, 0xff, 0xe7, 0xff, 0xfe,
    0x7, 0xff, 0xfe, 0x7f, 0xff, 0xe0, 0x7f, 0xff,
    0xe7, 0xff, 0xfc, 0x3, 0xff, 0xfe, 0xff, 0xff,
    0xc0, 0x3f, 0xff, 0xff, 0xff, 0xfc, 0x3, 0xff,
    0xff, 0xff, 0xff, 0xc0, 0x3f, 0xff, 0xff, 0xff,
    0xfc, 0x3, 0xff, 0xff, 0xff, 0xff, 0xc0, 0x3f,
    0xff, 0xff, 0xff, 0xfc, 0x3, 0xff, 0xff, 0xff,
    0xff, 0xc0, 0x3f, 0xff, 0xff, 0xff, 0xfc, 0x3,
    0xff, 0xff, 0xff, 0xff, 0xc0, 0x3f, 0xff, 0xff,
    0xff, 0xfc, 0x3, 0xff, 0xff, 0xff, 0xff, 0xc0,
    0x3f, 0xff, 0xff, 0xff, 0xfc, 0x3, 0xff, 0xff,
    0xff, 0xff, 0xc0, 0x3f, 0xff, 0xff, 0xff, 0xfc,
    0x3, 0xff, 0xff, 0xff, 0xff, 0xc0, 0x3f, 0xff,
    0xff, 0xff, 0xfc, 0x3, 0xff, 0xff, 0xff, 0xff,
    0xc0, 0x3f, 0xff, 0xff, 0xff, 0xfc, 0x3, 0xff,
    0xff, 0xff, 0xff, 0xc0, 0x3f, 0xff, 0xff, 0xff,
    0xfc, 0x3, 0xff, 0xff, 0xff, 0xff, 0xc0, 0x3f,
    0xff, 0xff, 0xff, 0xfc, 0x3, 0xff, 0xff, 0xff,
    0xff, 0xc0, 0x3f, 0xff, 0xff, 0xff, 0xfc, 0x3,
    0xff, 0xff, 0xff, 0xff, 0xc0, 0x3f, 0xff, 0xff,
    0xff, 0xfc, 0x3, 0xff, 0xff, 0xff, 0xff, 0xc0,
    0x3f, 0xff, 0xff, 0xff, 0xfc, 0x3, 0xff, 0xff,
    0xff, 0xff, 0xc0, 0x3f, 0xff, 0xff, 0xff, 0xfc,
    0x3, 0xff, 0xff, 0xff, 0xff, 0xc0, 0x3f, 0xff,
    0xff, 0xff, 0xfc, 0x3, 0xff, 0xff, 0xff, 0xff,
    0xc0, 0x3f, 0xff, 0xff, 0xff, 0xfc, 0x3, 0xff,
    0xff, 0xff, 0xff, 0xc0, 0x3f, 0xff, 0xff, 0xff,
    0xfc, 0x3, 0xff, 0xff, 0xff, 0xff, 0xc0, 0x3f,
    0xff, 0xff, 0xff, 0xfc, 0x3, 0xff, 0xff, 0xff,
    0xff, 0xc0, 0x3f, 0xff, 0xff, 0xff, 0xfc, 0x3,
    0xff, 0xff, 0xff, 0xff, 0xc0, 0x3f, 0xff, 0xff,
    0xff, 0xfc, 0x3, 0xff, 0xfe, 0x7f, 0xff, 0xe0,
    0x7f, 0xff, 0xe7, 0xff, 0xfe, 0x7, 0xff, 0xfe,
    0x7f, 0xff, 0xf0, 0xff, 0xff, 0xe7, 0xff, 0xff,
    0xff, 0xff, 0xfe, 0x3f, 0xff, 0xff, 0xff, 0xff,
    0xc3, 0xff, 0xff, 0xff, 0xff, 0xfc, 0x1f, 0xff,
    0xff, 0xff, 0xff, 0x81, 0xff, 0xff, 0xff, 0xff,
    0xf8, 0xf, 0xff, 0xff, 0xff, 0xff, 0x0, 0x7f,
    0xff, 0xff, 0xff, 0xe0, 0x3, 0xff, 0xff, 0xff,
    0xfc, 0x0, 0x1f, 0xff, 0xff, 0xff, 0x80, 0x0,
    0xff, 0xff, 0xff, 0xf0, 0x0, 0x3, 0xff, 0xff,
    0xfc, 0x0, 0x0, 0xf, 0xff, 0xff, 0x0, 0x0,
    0x0, 0xf, 0xff, 0x0, 0x0,

    /* U+00F7 "÷" */
    0x0, 0xff, 0xfe, 0x0, 0x3, 0xff, 0xf8, 0x0,
    0xf, 0xff, 0xe0, 0x0, 0x3f, 0xff, 0x80, 0x0,
    0xff, 0xfe, 0x0, 0x3, 0xff, 0xf8, 0x0, 0xf,
    0xff, 0xe0, 0x0, 0x3f, 0xff, 0x80, 0x0, 0xff,
    0xfe, 0x0, 0x3, 0xff, 0xf8, 0x0, 0xf, 0xff,
    0xe0, 0x0, 0x3f, 0xff, 0x80, 0x0, 0xff, 0xfe,
    0x0, 0x3, 0xff, 0xf8, 0x0, 0x0, 0x0, 0x0,
    0x0, 0x0, 0x0, 0x0, 0x0, 0x0, 0x0, 0x0,
    0x0, 0x0, 0x0, 0x0, 0x0, 0x0, 0x0, 0x3f,
    0xff, 0xff, 0xff, 0xff, 0xff, 0xff, 0xff, 0xff,
    0xff, 0xff, 0xff, 0xff, 0xff, 0xff, 0xff, 0xff,
    0xff, 0xff, 0xff, 0xff, 0xff, 0xff, 0xff, 0xff,
    0xff, 0xff, 0xff, 0xff, 0xff, 0xff, 0xff, 0xff,
    0xff, 0xff, 0xff, 0xff, 0xff, 0xff, 0xff, 0xff,
    0xf0, 0x0, 0x0, 0x0, 0x0, 0x0, 0x0, 0x0,
    0x0, 0x0, 0x0, 0x0, 0x0, 0x0, 0x0, 0x0,
    0x0, 0x0, 0x0, 0x0, 0x0, 0x0, 0x0, 0x0,
    0xff, 0xfe, 0x0, 0x3, 0xff, 0xf8, 0x0, 0xf,
    0xff, 0xe0, 0x0, 0x3f, 0xff, 0x80, 0x0, 0xff,
    0xfe, 0x0, 0x3, 0xff, 0xf8, 0x0, 0xf, 0xff,
    0xe0, 0x0, 0x3f, 0xff, 0x80, 0x0, 0xff, 0xfe,
    0x0, 0x3, 0xff, 0xf8, 0x0, 0xf, 0xff, 0xe0,
    0x0, 0x3f, 0xff, 0x80, 0x0, 0xff, 0xfe, 0x0,
    0x3, 0xff, 0xf8, 0x0,

    /* U+00F8 "ø" */
    0x0, 0x0, 0x0, 0x3, 0xf8, 0x0, 0x0, 0x0,
    0x0, 0x7f, 0x0, 0x0, 0x0, 0x0, 0x7, 0xf0,
    0x0, 0x0, 0x0, 0x0, 0x7f, 0x0, 0x0, 0x0,
    0x0, 0x7, 0xf0, 0x0, 0x0, 0x0, 0x0, 0xfe,
    0x0, 0x0, 0x0, 0x0, 0xf, 0xe0, 0x0, 0x0,
    0x0, 0x0, 0xfe, 0x0, 0x0, 0x0, 0x0, 0xf,
    0xe0, 0x0, 0x0, 0xf, 0xff, 0xfc, 0x0, 0x0,
    0x7, 0xff, 0xff, 0xc0, 0x0, 0x1, 0xff, 0xff,
    0xfc, 0x0, 0x0, 0x7f, 0xff, 0xff, 0xe0, 0x0,
    0xf, 0xff, 0xff, 0xff, 0x0, 0x1, 0xff, 0xff,
    0xff, 0xfc, 0x0, 0x3f, 0xff, 0xff, 0xff, 0xe0,
    0x7, 0xff, 0xff, 0xff, 0xfe, 0x0, 0xff, 0xff,
    0xff, 0xff, 0xf0, 0x1f, 0xff, 0xff, 0xff, 0xff,
    0x81, 0xff, 0xff, 0xff, 0xff, 0xf8, 0x3f, 0xff,
    0xff, 0xff, 0xff, 0xc3, 0xff, 0xff, 0xff, 0xff,
    0xfc, 0x7f, 0xff, 0xf0, 0xff, 0xff, 0xe7, 0xff,
    0xfe, 0x7, 0xff, 0xfe, 0x7f, 0xff, 0xe0, 0x7f,
    0xff, 0xe7, 0xff, 0xfc, 0x3, 0xff, 0xfe, 0xff,
    0xff, 0xc0, 0x3f, 0xff, 0xff, 0xff, 0xfc, 0x3,
    0xff, 0xff, 0xff, 0xff, 0xc0, 0x3f, 0xff, 0xff,
    0xff, 0xfc, 0x3, 0xff, 0xff, 0xff, 0xff, 0xc0,
    0x3f, 0xff, 0xff, 0xff, 0xfc, 0x3, 0xff, 0xff,
    0xff, 0xff, 0xc0, 0x3f, 0xff, 0xff, 0xff, 0xfc,
    0x3, 0xff, 0xff, 0xff, 0xff, 0xc0, 0x3f, 0xff,
    0xff, 0xff, 0xfc, 0x3, 0xff, 0xff, 0xff, 0xff,
    0xc0, 0x3f, 0xff, 0xff, 0xff, 0xfc, 0x3, 0xff,
    0xff, 0xff, 0xff, 0xc0, 0x3f, 0xff, 0xff, 0xff,
    0xfc, 0x3, 0xff, 0xff, 0xff, 0xff, 0xc0, 0x3f,
    0xff, 0xff, 0xff, 0xfc, 0x3, 0xff, 0xff, 0xff,
    0xff, 0xc0, 0x3f, 0xff, 0xff, 0xff, 0xfc, 0x3,
    0xff, 0xff, 0xff, 0xff, 0xc0, 0x3f, 0xff, 0xff,
    0xff, 0xfc, 0x3, 0xff, 0xff, 0xff, 0xff, 0xc0,
    0x3f, 0xff, 0xff, 0xff, 0xfc, 0x3, 0xff, 0xff,
    0xff, 0xff, 0xc0, 0x3f, 0xff, 0xff, 0xff, 0xfc,
    0x3, 0xff, 0xff, 0xff, 0xff, 0xc0, 0x3f, 0xff,
    0xff, 0xff, 0xfc, 0x3, 0xff, 0xff, 0xff, 0xff,
    0xc0, 0x3f, 0xff, 0xff, 0xff, 0xfc, 0x3, 0xff,
    0xff, 0xff, 0xff, 0xc0, 0x3f, 0xff, 0xff, 0xff,
    0xfc, 0x3, 0xff, 0xff, 0xff, 0xff, 0xc0, 0x3f,
    0xff, 0xff, 0xff, 0xfc, 0x3, 0xff, 0xff, 0xff,
    0xff, 0xc0, 0x3f, 0xff, 0xff, 0xff, 0xfc, 0x3,
    0xff, 0xff, 0xff, 0xff, 0xc0, 0x3f, 0xff, 0xff,
    0xff, 0xfc, 0x3, 0xff, 0xff, 0xff, 0xff, 0xc0,
    0x3f, 0xff, 0xff, 0xff, 0xfc, 0x3, 0xff, 0xff,
    0xff, 0xff, 0xc0, 0x3f, 0xff, 0xff, 0xff, 0xfc,
    0x3, 0xff, 0xff, 0xff, 0xff, 0xc0, 0x3f, 0xff,
    0xff, 0xff, 0xfc, 0x3, 0xff, 0xff, 0x7f, 0xff,
    0xe0, 0x7f, 0xff, 0xe7, 0xff, 0xfe, 0x7, 0xff,
    0xfe, 0x7f, 0xff, 0xf0, 0xff, 0xff, 0xe7, 0xff,
    0xff, 0xff, 0xff, 0xfe, 0x3f, 0xff, 0xff, 0xff,
    0xff, 0xc3, 0xff, 0xff, 0xff, 0xff, 0xfc, 0x1f,
    0xff, 0xff, 0xff, 0xff, 0x81, 0xff, 0xff, 0xff,
    0xff, 0xf8, 0xf, 0xff, 0xff, 0xff, 0xff, 0x0,
    0x7f, 0xff, 0xff, 0xff, 0xe0, 0x3, 0xff, 0xff,
    0xff, 0xfc, 0x0, 0x1f, 0xff, 0xff, 0xff, 0x80,
    0x0, 0xff, 0xff, 0xff, 0xf0, 0x0, 0x7, 0xff,
    0xff, 0xfc, 0x0, 0x0, 0x7f, 0xff, 0xff, 0x0,
    0x0, 0xf, 0xef, 0xff, 0x0, 0x0, 0x0, 0xfe,
    0x0, 0x0, 0x0, 0x0, 0xf, 0xe0, 0x0, 0x0,
    0x0, 0x0, 0xfc, 0x0, 0x0, 0x0, 0x0, 0x1f,
    0xc0, 0x0, 0x0, 0x0, 0x1, 0xfc, 0x0, 0x0,
    0x0, 0x0, 0x1f, 0xc0, 0x0, 0x0, 0x0, 0x3,
    0xf8, 0x0, 0x0, 0x0, 0x0, 0x3f, 0x80, 0x0,
    0x0, 0x0, 0x3, 0xf8, 0x0, 0x0, 0x0, 0x0,

    /* U+00F9 "ù" */
    0x0, 0x20, 0x0, 0x0, 0x0, 0x0, 0x7, 0x80,
    0x0, 0x0, 0x0, 0x0, 0xfc, 0x0, 0x0, 0x0,
    0x0, 0x1f, 0xe0, 0x0, 0x0, 0x0, 0x3, 0xff,
    0x0, 0x0, 0x0, 0x0, 0x7f, 0xf8, 0x0, 0x0,
    0x0, 0xf, 0xff, 0xc0, 0x0, 0x0, 0x1, 0xff,
    0xfe, 0x0, 0x0, 0x0, 0x3f, 0xff, 0xf8, 0x0,
    0x0, 0x7, 0xff, 0xff, 0xc0, 0x0, 0x0, 0xff,
    0xff, 0xfe, 0x0, 0x0, 0x1f, 0xff, 0xff, 0xc0,
    0x0, 0x3, 0xff, 0xff, 0xf8, 0x0, 0x0, 0x7f,
    0xff, 0xff, 0x0, 0x0, 0xf, 0xff, 0xff, 0xe0,
    0x0, 0x1, 0xff, 0xff, 0xfc, 0x0, 0x0, 0x3f,
    0xff, 0xff, 0x80, 0x0, 0x0, 0xff, 0xff, 0xf0,
    0x0, 0x0, 0x0, 0xff, 0xfe, 0x0, 0x0, 0x0,
    0x0, 0xff, 0xc0, 0x0, 0x0, 0x0, 0x0, 0xf8,
    0x0, 0x0, 0x0, 0x0, 0x0, 0x0, 0x0, 0x0,
    0x0, 0x0, 0x0, 0x0, 0x0, 0x0, 0x0, 0x0,
    0x0, 0xff, 0xff, 0xc0, 0x7f, 0xff, 0xff, 0xff,
    0xf8, 0xf, 0xff, 0xff, 0xff, 0xff, 0x1, 0xff,
    0xff, 0xff, 0xff, 0xe0, 0x3f, 0xff, 0xff, 0xff,
    0xfc, 0x7, 0xff, 0xff, 0xff, 0xff, 0x80, 0xff,
    0xff, 0xff, 0xff, 0xf0, 0x1f, 0xff, 0xff, 0xff,
    0xfe, 0x3, 0xff, 0xff, 0xff, 0xff, 0xc0, 0x7f,
    0xff, 0xff, 0xff, 0xf8, 0xf, 0xff, 0xff, 0xff,
    0xff, 0x1, 0xff, 0xff, 0xff, 0xff, 0xe0, 0x3f,
    0xff, 0xff, 0xff, 0xfc, 0x7, 0xff, 0xff, 0xff,
    0xff, 0x80, 0xff, 0xff, 0xff, 0xff, 0xf0, 0x1f,
    0xff, 0xff, 0xff, 0xfe, 0x3, 0xff, 0xff, 0xff,
    0xff, 0xc0, 0x7f, 0xff, 0xff, 0xff, 0xf8, 0xf,
    0xff, 0xff, 0xff, 0xff, 0x1, 0xff, 0xff, 0xff,
    0xff, 0xe0, 0x3f, 0xff, 0xff, 0xff, 0xfc, 0x7,
    0xff, 0xff, 0xff, 0xff, 0x80, 0xff, 0xff, 0xff,
    0xff, 0xf0, 0x1f, 0xff, 0xff, 0xff, 0xfe, 0x3,
    0xff, 0xff, 0xff, 0xff, 0xc0, 0x7f, 0xff, 0xff,
    0xff, 0xf8, 0xf, 0xff, 0xff, 0xff, 0xff, 0x1,
    0xff, 0xff, 0xff, 0xff, 0xe0, 0x3f, 0xff, 0xff,
    0xff, 0xfc, 0x7, 0xff, 0xff, 0xff, 0xff, 0x80,
    0xff, 0xff, 0xff, 0xff, 0xf0, 0x1f, 0xff, 0xff,
    0xff, 0xfe, 0x3, 0xff, 0xff, 0xff, 0xff, 0xc0,
    0x7f, 0xff, 0xff, 0xff, 0xf8, 0xf, 0xff, 0xff,
    0xff, 0xff, 0x1, 0xff, 0xff, 0xff, 0xff, 0xe0,
    0x3f, 0xff, 0xff, 0xff, 0xfc, 0x7, 0xff, 0xff,
    0xff, 0xff, 0x80, 0xff, 0xff, 0xff, 0xff, 0xf0,
    0x1f, 0xff, 0xff, 0xff, 0xfe, 0x3, 0xff, 0xff,
    0xff, 0xff, 0xc0, 0x7f, 0xff, 0xff, 0xff, 0xf8,
    0xf, 0xff, 0xff, 0xff, 0xff, 0x1, 0xff, 0xff,
    0xff, 0xff, 0xe0, 0x3f, 0xff, 0xff, 0xff, 0xfc,
    0x7, 0xff, 0xff, 0xff, 0xff, 0x80, 0xff, 0xff,
    0xff, 0xff, 0xf0, 0x1f, 0xff, 0xff, 0xff, 0xfe,
    0x3, 0xff, 0xff, 0xff, 0xff, 0xc0, 0x7f, 0xff,
    0xff, 0xff, 0xf8, 0xf, 0xff, 0xff, 0xff, 0xff,
    0x1, 0xff, 0xff, 0xff, 0xff, 0xe0, 0x3f, 0xff,
    0xff, 0xff, 0xfc, 0x7, 0xff, 0xff, 0xff, 0xff,
    0x80, 0xff, 0xff, 0xff, 0xff, 0xf0, 0x1f, 0xff,
    0xff, 0xff, 0xfe, 0x3, 0xff, 0xff, 0xff, 0xff,
    0xc0, 0x7f, 0xff, 0xff, 0xff, 0xf8, 0x1f, 0xff,
    0xff, 0xff, 0xff, 0x83, 0xff, 0xff, 0xff, 0xff,
    0xf0, 0xff, 0xff, 0xff, 0xff, 0xff, 0xff, 0xff,
    0xff, 0xff, 0xff, 0xff, 0xff, 0xff, 0xdf, 0xff,
    0xff, 0xff, 0xff, 0xfb, 0xff, 0xff, 0xff, 0xff,
    0xff, 0x7f, 0xff, 0xff, 0xff, 0xff, 0xef, 0xff,
    0xff, 0xff, 0xff, 0xfc, 0xff, 0xff, 0xfd, 0xff,
    0xff, 0x9f, 0xff, 0xff, 0xbf, 0xff, 0xf1, 0xff,
    0xff, 0xf7, 0xff, 0xfe, 0x3f, 0xff, 0xfc, 0xff,
    0xff, 0xc3, 0xff, 0xff, 0x1f, 0xff, 0xf8, 0x3f,
    0xff, 0xc3, 0xff, 0xff, 0x1, 0xff, 0xf0, 0x7f,
    0xff, 0xe0, 0xf, 0xf8, 0x0, 0x0, 0x0,

    /* U+00FA "ú" */
    0x0, 0x0, 0x0, 0x0, 0x80, 0x0, 0x0, 0x0,
    0x0, 0x70, 0x0, 0x0, 0x0, 0x0, 0x7e, 0x0,
    0x0, 0x0, 0x0, 0x3f, 0xc0, 0x0, 0x0, 0x0,
    0x1f, 0xf8, 0x0, 0x0, 0x0, 0xf, 0xff, 0x0,
    0x0, 0x0, 0x7, 0xff, 0xe0, 0x0, 0x0, 0x3,
    0xff, 0xfc, 0x0, 0x0, 0x3, 0xff, 0xff, 0x80,
    0x0, 0x1, 0xff, 0xff, 0xf0, 0x0, 0x0, 0xff,
    0xff, 0xfe, 0x0, 0x0, 0x1f, 0xff, 0xff, 0xc0,
    0x0, 0x3, 0xff, 0xff, 0xf8, 0x0, 0x0, 0x7f,
    0xff, 0xff, 0x0, 0x0, 0xf, 0xff, 0xff, 0xe0,
    0x0, 0x1, 0xff, 0xff, 0xfc, 0x0, 0x0, 0x3f,
    0xff, 0xff, 0x80, 0x0, 0x7, 0xff, 0xff, 0x80,
    0x0, 0x0, 0xff, 0xfe, 0x0, 0x0, 0x0, 0x1f,
    0xf8, 0x0, 0x0, 0x0, 0x3, 0xe0, 0x0, 0x0,
    0x0, 0x0, 0x0, 0x0, 0x0, 0x0, 0x0, 0x0,
    0x0, 0x0, 0x0, 0x0, 0x0, 0x0, 0x0, 0x0,
    0x0, 0xff, 0xff, 0xc0, 0x7f, 0xff, 0xff, 0xff,
    0xf8, 0xf, 0xff, 0xff, 0xff, 0xff, 0x1, 0xff,
    0xff, 0xff, 0xff, 0xe0, 0x3f, 0xff, 0xff, 0xff,
    0xfc, 0x7, 0xff, 0xff, 0xff, 0xff, 0x80, 0xff,
    0xff, 0xff, 0xff, 0xf0, 0x1f, 0xff, 0xff, 0xff,
    0xfe, 0x3, 0xff, 0xff, 0xff, 0xff, 0xc0, 0x7f,
    0xff, 0xff, 0xff, 0xf8, 0xf, 0xff, 0xff, 0xff,
    0xff, 0x1, 0xff, 0xff, 0xff, 0xff, 0xe0, 0x3f,
    0xff, 0xff, 0xff, 0xfc, 0x7, 0xff, 0xff, 0xff,
    0xff, 0x80, 0xff, 0xff, 0xff, 0xff, 0xf0, 0x1f,
    0xff, 0xff, 0xff, 0xfe, 0x3, 0xff, 0xff, 0xff,
    0xff, 0xc0, 0x7f, 0xff, 0xff, 0xff, 0xf8, 0xf,
    0xff, 0xff, 0xff, 0xff, 0x1, 0xff, 0xff, 0xff,
    0xff, 0xe0, 0x3f, 0xff, 0xff, 0xff, 0xfc, 0x7,
    0xff, 0xff, 0xff, 0xff, 0x80, 0xff, 0xff, 0xff,
    0xff, 0xf0, 0x1f, 0xff, 0xff, 0xff, 0xfe, 0x3,
    0xff, 0xff, 0xff, 0xff, 0xc0, 0x7f, 0xff, 0xff,
    0xff, 0xf8, 0xf, 0xff, 0xff, 0xff, 0xff, 0x1,
    0xff, 0xff, 0xff, 0xff, 0xe0, 0x3f, 0xff, 0xff,
    0xff, 0xfc, 0x7, 0xff, 0xff, 0xff, 0xff, 0x80,
    0xff, 0xff, 0xff, 0xff, 0xf0, 0x1f, 0xff, 0xff,
    0xff, 0xfe, 0x3, 0xff, 0xff, 0xff, 0xff, 0xc0,
    0x7f, 0xff, 0xff, 0xff, 0xf8, 0xf, 0xff, 0xff,
    0xff, 0xff, 0x1, 0xff, 0xff, 0xff, 0xff, 0xe0,
    0x3f, 0xff, 0xff, 0xff, 0xfc, 0x7, 0xff, 0xff,
    0xff, 0xff, 0x80, 0xff, 0xff, 0xff, 0xff, 0xf0,
    0x1f, 0xff, 0xff, 0xff, 0xfe, 0x3, 0xff, 0xff,
    0xff, 0xff, 0xc0, 0x7f, 0xff, 0xff, 0xff, 0xf8,
    0xf, 0xff, 0xff, 0xff, 0xff, 0x1, 0xff, 0xff,
    0xff, 0xff, 0xe0, 0x3f, 0xff, 0xff, 0xff, 0xfc,
    0x7, 0xff, 0xff, 0xff, 0xff, 0x80, 0xff, 0xff,
    0xff, 0xff, 0xf0, 0x1f, 0xff, 0xff, 0xff, 0xfe,
    0x3, 0xff, 0xff, 0xff, 0xff, 0xc0, 0x7f, 0xff,
    0xff, 0xff, 0xf8, 0xf, 0xff, 0xff, 0xff, 0xff,
    0x1, 0xff, 0xff, 0xff, 0xff, 0xe0, 0x3f, 0xff,
    0xff, 0xff, 0xfc, 0x7, 0xff, 0xff, 0xff, 0xff,
    0x80, 0xff, 0xff, 0xff, 0xff, 0xf0, 0x1f, 0xff,
    0xff, 0xff, 0xfe, 0x3, 0xff, 0xff, 0xff, 0xff,
    0xc0, 0x7f, 0xff, 0xff, 0xff, 0xf8, 0x1f, 0xff,
    0xff, 0xff, 0xff, 0x83, 0xff, 0xff, 0xff, 0xff,
    0xf0, 0xff, 0xff, 0xff, 0xff, 0xff, 0xff, 0xff,
    0xff, 0xff, 0xff, 0xff, 0xff, 0xff, 0xdf, 0xff,
    0xff, 0xff, 0xff, 0xfb, 0xff, 0xff, 0xff, 0xff,
    0xff, 0x7f, 0xff, 0xff, 0xff, 0xff, 0xef, 0xff,
    0xff, 0xff, 0xff, 0xfc, 0xff, 0xff, 0xfd, 0xff,
    0xff, 0x9f, 0xff, 0xff, 0xbf, 0xff, 0xf1, 0xff,
    0xff, 0xf7, 0xff, 0xfe, 0x3f, 0xff, 0xfc, 0xff,
    0xff, 0xc3, 0xff, 0xff, 0x1f, 0xff, 0xf8, 0x3f,
    0xff, 0xc3, 0xff, 0xff, 0x1, 0xff, 0xf0, 0x7f,
    0xff, 0xe0, 0xf, 0xf8, 0x0, 0x0, 0x0,

    /* U+00FB "û" */
    0x0, 0xf, 0xff, 0xff, 0x0, 0x0, 0x3, 0xff,
    0xff, 0xe0, 0x0, 0x0, 0xff, 0xff, 0xfe, 0x0,
    0x0, 0x1f, 0xff, 0xff, 0xc0, 0x0, 0x7, 0xff,
    0xff, 0xfc, 0x0, 0x1, 0xff, 0xff, 0xff, 0xc0,
    0x0, 0x3f, 0xfe, 0xff, 0xf8, 0x0, 0xf, 0xff,
    0xdf, 0xff, 0x80, 0x1, 0xff, 0xfb, 0xff, 0xf8,
    0x0, 0x7f, 0xff, 0x3f, 0xff, 0x0, 0x1f, 0xff,
    0xc7, 0xff, 0xf0, 0x3, 0xff, 0xf8, 0xff, 0xff,
    0x0, 0xff, 0xff, 0x1f, 0xff, 0xe0, 0x3f, 0xff,
    0xc1, 0xff, 0xfe, 0x7, 0xff, 0xf8, 0x3f, 0xff,
    0xc1, 0xff, 0xff, 0x7, 0xff, 0xfc, 0x3f, 0xff,
    0xe0, 0x7f, 0xff, 0xcf, 0xff, 0xf8, 0xf, 0xff,
    0xfb, 0xff, 0xff, 0x1, 0xff, 0xff, 0x80, 0x0,
    0x0, 0x0, 0x0, 0x0, 0x0, 0x0, 0x0, 0x0,
    0x0, 0x0, 0x0, 0x0, 0x0, 0x0, 0x0, 0x0,
    0x0, 0x0, 0x0, 0x0, 0x0, 0x0, 0x0, 0x0,
    0x0, 0xff, 0xff, 0xc0, 0x7f, 0xff, 0xff, 0xff,
    0xf8, 0xf, 0xff, 0xff, 0xff, 0xff, 0x1, 0xff,
    0xff, 0xff, 0xff, 0xe0, 0x3f, 0xff, 0xff, 0xff,
    0xfc, 0x7, 0xff, 0xff, 0xff, 0xff, 0x80, 0xff,
    0xff, 0xff, 0xff, 0xf0, 0x1f, 0xff, 0xff, 0xff,
    0xfe, 0x3, 0xff, 0xff, 0xff, 0xff, 0xc0, 0x7f,
    0xff, 0xff, 0xff, 0xf8, 0xf, 0xff, 0xff, 0xff,
    0xff, 0x1, 0xff, 0xff, 0xff, 0xff, 0xe0, 0x3f,
    0xff, 0xff, 0xff, 0xfc, 0x7, 0xff, 0xff, 0xff,
    0xff, 0x80, 0xff, 0xff, 0xff, 0xff, 0xf0, 0x1f,
    0xff, 0xff, 0xff, 0xfe, 0x3, 0xff, 0xff, 0xff,
    0xff, 0xc0, 0x7f, 0xff, 0xff, 0xff, 0xf8, 0xf,
    0xff, 0xff, 0xff, 0xff, 0x1, 0xff, 0xff, 0xff,
    0xff, 0xe0, 0x3f, 0xff, 0xff, 0xff, 0xfc, 0x7,
    0xff, 0xff, 0xff, 0xff, 0x80, 0xff, 0xff, 0xff,
    0xff, 0xf0, 0x1f, 0xff, 0xff, 0xff, 0xfe, 0x3,
    0xff, 0xff, 0xff, 0xff, 0xc0, 0x7f, 0xff, 0xff,
    0xff, 0xf8, 0xf, 0xff, 0xff, 0xff, 0xff, 0x1,
    0xff, 0xff, 0xff, 0xff, 0xe0, 0x3f, 0xff, 0xff,
    0xff, 0xfc, 0x7, 0xff, 0xff, 0xff, 0xff, 0x80,
    0xff, 0xff, 0xff, 0xff, 0xf0, 0x1f, 0xff, 0xff,
    0xff, 0xfe, 0x3, 0xff, 0xff, 0xff, 0xff, 0xc0,
    0x7f, 0xff, 0xff, 0xff, 0xf8, 0xf, 0xff, 0xff,
    0xff, 0xff, 0x1, 0xff, 0xff, 0xff, 0xff, 0xe0,
    0x3f, 0xff, 0xff, 0xff, 0xfc, 0x7, 0xff, 0xff,
    0xff, 0xff, 0x80, 0xff, 0xff, 0xff, 0xff, 0xf0,
    0x1f, 0xff, 0xff, 0xff, 0xfe, 0x3, 0xff, 0xff,
    0xff, 0xff, 0xc0, 0x7f, 0xff, 0xff, 0xff, 0xf8,
    0xf, 0xff, 0xff, 0xff, 0xff, 0x1, 0xff, 0xff,
    0xff, 0xff, 0xe0, 0x3f, 0xff, 0xff, 0xff, 0xfc,
    0x7, 0xff, 0xff, 0xff, 0xff, 0x80, 0xff, 0xff,
    0xff, 0xff, 0xf0, 0x1f, 0xff, 0xff, 0xff, 0xfe,
    0x3, 0xff, 0xff, 0xff, 0xff, 0xc0, 0x7f, 0xff,
    0xff, 0xff, 0xf8, 0xf, 0xff, 0xff, 0xff, 0xff,
    0x1, 0xff, 0xff, 0xff, 0xff, 0xe0, 0x3f, 0xff,
    0xff, 0xff, 0xfc, 0x7, 0xff, 0xff, 0xff, 0xff,
    0x80, 0xff, 0xff, 0xff, 0xff, 0xf0, 0x1f, 0xff,
    0xff, 0xff, 0xfe, 0x3, 0xff, 0xff, 0xff, 0xff,
    0xc0, 0x7f, 0xff, 0xff, 0xff, 0xf8, 0x1f, 0xff,
    0xff, 0xff, 0xff, 0x83, 0xff, 0xff, 0xff, 0xff,
    0xf0, 0xff, 0xff, 0xff, 0xff, 0xff, 0xff, 0xff,
    0xff, 0xff, 0xff, 0xff, 0xff, 0xff, 0xdf, 0xff,
    0xff, 0xff, 0xff, 0xfb, 0xff, 0xff, 0xff, 0xff,
    0xff, 0x7f, 0xff, 0xff, 0xff, 0xff, 0xef, 0xff,
    0xff, 0xff, 0xff, 0xfc, 0xff, 0xff, 0xfd, 0xff,
    0xff, 0x9f, 0xff, 0xff, 0xbf, 0xff, 0xf1, 0xff,
    0xff, 0xf7, 0xff, 0xfe, 0x3f, 0xff, 0xfc, 0xff,
    0xff, 0xc3, 0xff, 0xff, 0x1f, 0xff, 0xf8, 0x3f,
    0xff, 0xc3, 0xff, 0xff, 0x1, 0xff, 0xf0, 0x7f,
    0xff, 0xe0, 0xf, 0xf8, 0x0, 0x0, 0x0,

    /* U+00FC "ü" */
    0x7f, 0xff, 0xe0, 0xff, 0xff, 0xcf, 0xff, 0xfc,
    0x1f, 0xff, 0xf9, 0xff, 0xff, 0x83, 0xff, 0xff,
    0x3f, 0xff, 0xf0, 0x7f, 0xff, 0xe7, 0xff, 0xfe,
    0xf, 0xff, 0xfc, 0xff, 0xff, 0xc1, 0xff, 0xff,
    0x9f, 0xff, 0xf8, 0x3f, 0xff, 0xf3, 0xff, 0xff,
    0x7, 0xff, 0xfe, 0x7f, 0xff, 0xe0, 0xff, 0xff,
    0xcf, 0xff, 0xfc, 0x1f, 0xff, 0xf9, 0xff, 0xff,
    0x83, 0xff, 0xff, 0x3f, 0xff, 0xf0, 0x7f, 0xff,
    0xe7, 0xff, 0xfe, 0xf, 0xff, 0xfc, 0xff, 0xff,
    0xc1, 0xff, 0xff, 0x80, 0x0, 0x0, 0x0, 0x0,
    0x0, 0x0, 0x0, 0x0, 0x0, 0x0, 0x0, 0x0,
    0x0, 0x0, 0x0, 0x0, 0x0, 0x0, 0x0, 0x0,
    0x0, 0x0, 0x0, 0x0, 0x0, 0x0, 0x7f, 0xff,
    0xe0, 0x3f, 0xff, 0xff, 0xff, 0xfc, 0x7, 0xff,
    0xff, 0xff, 0xff, 0x80, 0xff, 0xff, 0xff, 0xff,
    0xf0, 0x1f, 0xff, 0xff, 0xff, 0xfe, 0x3, 0xff,
    0xff, 0xff, 0xff, 0xc0, 0x7f, 0xff, 0xff, 0xff,
    0xf8, 0xf, 0xff, 0xff, 0xff, 0xff, 0x1, 0xff,
    0xff, 0xff, 0xff, 0xe0, 0x3f, 0xff, 0xff, 0xff,
    0xfc, 0x7, 0xff, 0xff, 0xff, 0xff, 0x80, 0xff,
    0xff, 0xff, 0xff, 0xf0, 0x1f, 0xff, 0xff, 0xff,
    0xfe, 0x3, 0xff, 0xff, 0xff, 0xff, 0xc0, 0x7f,
    0xff, 0xff, 0xff, 0xf8, 0xf, 0xff, 0xff, 0xff,
    0xff, 0x1, 0xff, 0xff, 0xff, 0xff, 0xe0, 0x3f,
    0xff, 0xff, 0xff, 0xfc, 0x7, 0xff, 0xff, 0xff,
    0xff, 0x80, 0xff, 0xff, 0xff, 0xff, 0xf0, 0x1f,
    0xff, 0xff, 0xff, 0xfe, 0x3, 0xff, 0xff, 0xff,
    0xff, 0xc0, 0x7f, 0xff, 0xff, 0xff, 0xf8, 0xf,
    0xff, 0xff, 0xff, 0xff, 0x1, 0xff, 0xff, 0xff,
    0xff, 0xe0, 0x3f, 0xff, 0xff, 0xff, 0xfc, 0x7,
    0xff, 0xff, 0xff, 0xff, 0x80, 0xff, 0xff, 0xff,
    0xff, 0xf0, 0x1f, 0xff, 0xff, 0xff, 0xfe, 0x3,
    0xff, 0xff, 0xff, 0xff, 0xc0, 0x7f, 0xff, 0xff,
    0xff, 0xf8, 0xf, 0xff, 0xff, 0xff, 0xff, 0x1,
    0xff, 0xff, 0xff, 0xff, 0xe0, 0x3f, 0xff, 0xff,
    0xff, 0xfc, 0x7, 0xff, 0xff, 0xff, 0xff, 0x80,
    0xff, 0xff, 0xff, 0xff, 0xf0, 0x1f, 0xff, 0xff,
    0xff, 0xfe, 0x3, 0xff, 0xff, 0xff, 0xff, 0xc0,
    0x7f, 0xff, 0xff, 0xff, 0xf8, 0xf, 0xff, 0xff,
    0xff, 0xff, 0x1, 0xff, 0xff, 0xff, 0xff, 0xe0,
    0x3f, 0xff, 0xff, 0xff, 0xfc, 0x7, 0xff, 0xff,
    0xff, 0xff, 0x80, 0xff, 0xff, 0xff, 0xff, 0xf0,
    0x1f, 0xff, 0xff, 0xff, 0xfe, 0x3, 0xff, 0xff,
    0xff, 0xff, 0xc0, 0x7f, 0xff, 0xff, 0xff, 0xf8,
    0xf, 0xff, 0xff, 0xff, 0xff, 0x1, 0xff, 0xff,
    0xff, 0xff, 0xe0, 0x3f, 0xff, 0xff, 0xff, 0xfc,
    0x7, 0xff, 0xff, 0xff, 0xff, 0x80, 0xff, 0xff,
    0xff, 0xff, 0xf0, 0x1f, 0xff, 0xff, 0xff, 0xfe,
    0x3, 0xff, 0xff, 0xff, 0xff, 0xc0, 0x7f, 0xff,
    0xff, 0xff, 0xf8, 0xf, 0xff, 0xff, 0xff, 0xff,
    0x1, 0xff, 0xff, 0xff, 0xff, 0xe0, 0x3f, 0xff,
    0xff, 0xff, 0xfc, 0xf, 0xff, 0xff, 0xff, 0xff,
    0xc1, 0xff, 0xff, 0xff, 0xff, 0xf8, 0x7f, 0xff,
    0xff, 0xff, 0xff, 0xff, 0xff, 0xff, 0xff, 0xff,
    0xff, 0xff, 0xff, 0xef, 0xff, 0xff, 0xff, 0xff,
    0xfd, 0xff, 0xff, 0xff, 0xff, 0xff, 0xbf, 0xff,
    0xff, 0xff, 0xff, 0xf7, 0xff, 0xff, 0xff, 0xff,
    0xfe, 0x7f, 0xff, 0xfe, 0xff, 0xff, 0xcf, 0xff,
    0xff, 0xdf, 0xff, 0xf8, 0xff, 0xff, 0xfb, 0xff,
    0xff, 0x1f, 0xff, 0xfe, 0x7f, 0xff, 0xe1, 0xff,
    0xff, 0x8f, 0xff, 0xfc, 0x1f, 0xff, 0xe1, 0xff,
    0xff, 0x80, 0xff, 0xf8, 0x3f, 0xff, 0xf0, 0x7,
    0xfc, 0x0, 0x0, 0x0,

    /* U+00FD "ý" */
    0x0, 0x0, 0x0, 0x0, 0x0, 0x0, 0x0, 0x0,
    0x0, 0xc, 0x0, 0x0, 0x0, 0x0, 0x7, 0xc0,
    0x0, 0x0, 0x0, 0x1, 0xfc, 0x0, 0x0, 0x0,
    0x0, 0x7f, 0xc0, 0x0, 0x0, 0x0, 0x1f, 0xfc,
    0x0, 0x0, 0x0, 0x7, 0xff, 0xc0, 0x0, 0x0,
    0x1, 0xff, 0xfc, 0x0, 0x0, 0x0, 0xff, 0xff,
    0xc0, 0x0, 0x0, 0x3f, 0xff, 0xfc, 0x0, 0x0,
    0xf, 0xff, 0xff, 0xc0, 0x0, 0x1, 0xff, 0xff,
    0xfc, 0x0, 0x0, 0x1f, 0xff, 0xff, 0xc0, 0x0,
    0x1, 0xff, 0xff, 0xfc, 0x0, 0x0, 0x1f, 0xff,
    0xff, 0xc0, 0x0, 0x1, 0xff, 0xff, 0xfc, 0x0,
    0x0, 0x1f, 0xff, 0xff, 0xc0, 0x0, 0x1, 0xff,
    0xff, 0xf8, 0x0, 0x0, 0x1f, 0xff, 0xf0, 0x0,
    0x0, 0x1, 0xff, 0xe0, 0x0, 0x0, 0x0, 0x1f,
    0xc0, 0x0, 0x0, 0x0, 0x1, 0x80, 0x0, 0x0,
    0x0, 0x0, 0x0, 0x0, 0x0, 0x0, 0x0, 0x0,
    0x0, 0x0, 0x0, 0x0, 0xff, 0xff, 0x80, 0xf,
    0xff, 0xff, 0xff, 0xf8, 0x1, 0xff, 0xff, 0x7f,
    0xff, 0x80, 0x1f, 0xff, 0xf7, 0xff, 0xf8, 0x1,
    0xff, 0xff, 0x7f, 0xff, 0x80, 0x1f, 0xff, 0xf7,
    0xff, 0xf8, 0x1, 0xff, 0xff, 0x7f, 0xff, 0xc0,
    0x1f, 0xff, 0xe7, 0xff, 0xfc, 0x1, 0xff, 0xfe,
    0x7f, 0xff, 0xc0, 0x1f, 0xff, 0xe3, 0xff, 0xfc,
    0x1, 0xff, 0xfe, 0x3f, 0xff, 0xc0, 0x1f, 0xff,
    0xe3, 0xff, 0xfc, 0x3, 0xff, 0xfc, 0x3f, 0xff,
    0xc0, 0x3f, 0xff, 0xc3, 0xff, 0xfc, 0x3, 0xff,
    0xfc, 0x3f, 0xff, 0xc0, 0x3f, 0xff, 0xc1, 0xff,
    0xfc, 0x3, 0xff, 0xfc, 0x1f, 0xff, 0xc0, 0x3f,
    0xff, 0xc1, 0xff, 0xfe, 0x3, 0xff, 0xf8, 0x1f,
    0xff, 0xe0, 0x3f, 0xff, 0x81, 0xff, 0xfe, 0x3,
    0xff, 0xf8, 0x1f, 0xff, 0xe0, 0x7f, 0xff, 0x80,
    0xff, 0xfe, 0x7, 0xff, 0xf8, 0xf, 0xff, 0xe0,
    0x7f, 0xff, 0x80, 0xff, 0xfe, 0x7, 0xff, 0xf0,
    0xf, 0xff, 0xe0, 0x7f, 0xff, 0x0, 0xff, 0xfe,
    0x7, 0xff, 0xf0, 0xf, 0xff, 0xe0, 0x7f, 0xff,
    0x0, 0x7f, 0xfe, 0x7, 0xff, 0xf0, 0x7, 0xff,
    0xf0, 0x7f, 0xfe, 0x0, 0x7f, 0xff, 0x7, 0xff,
    0xe0, 0x7, 0xff, 0xf0, 0xff, 0xfe, 0x0, 0x7f,
    0xff, 0xf, 0xff, 0xe0, 0x7, 0xff, 0xf0, 0xff,
    0xfe, 0x0, 0x3f, 0xff, 0xf, 0xff, 0xe0, 0x3,
    0xff, 0xf0, 0xff, 0xfc, 0x0, 0x3f, 0xff, 0xf,
    0xff, 0xc0, 0x3, 0xff, 0xf0, 0xff, 0xfc, 0x0,
    0x3f, 0xff, 0xf, 0xff, 0xc0, 0x3, 0xff, 0xf0,
    0xff, 0xfc, 0x0, 0x1f, 0xff, 0x9f, 0xff, 0xc0,
    0x1, 0xff, 0xf9, 0xff, 0xf8, 0x0, 0x1f, 0xff,
    0x9f, 0xff, 0x80, 0x1, 0xff, 0xf9, 0xff, 0xf8,
    0x0, 0x1f, 0xff, 0x9f, 0xff, 0x80, 0x1, 0xff,
    0xf9, 0xff, 0xf8, 0x0, 0x1f, 0xff, 0x9f, 0xff,
    0x80, 0x0, 0xff, 0xf9, 0xff, 0xf0, 0x0, 0xf,
    0xff, 0x9f, 0xff, 0x0, 0x0, 0xff, 0xf9, 0xff,
    0xf0, 0x0, 0xf, 0xff, 0xbf, 0xff, 0x0, 0x0,
    0xff, 0xff, 0xff, 0xf0, 0x0, 0xf, 0xff, 0xff,
    0xfe, 0x0, 0x0, 0x7f, 0xff, 0xff, 0xe0, 0x0,
    0x7, 0xff, 0xff, 0xfe, 0x0, 0x0, 0x7f, 0xff,
    0xff, 0xe0, 0x0, 0x7, 0xff, 0xff, 0xfe, 0x0,
    0x0, 0x7f, 0xff, 0xff, 0xe0, 0x0, 0x7, 0xff,
    0xff, 0xfc, 0x0, 0x0, 0x3f, 0xff, 0xff, 0xc0,
    0x0, 0x3, 0xff, 0xff, 0xfc, 0x0, 0x0, 0x3f,
    0xff, 0xff, 0xc0, 0x0, 0x3, 0xff, 0xff, 0xfc,
    0x0, 0x0, 0x3f, 0xff, 0xff, 0xc0, 0x0, 0x3,
    0xff, 0xff, 0xf8, 0x0, 0x0, 0x1f, 0xff, 0xff,
    0x80, 0x0, 0x1, 0xff, 0xff, 0xf8, 0x0, 0x0,
    0x1f, 0xff, 0xff, 0x80, 0x0, 0x1, 0xff, 0xff,
    0xf8, 0x0, 0x0, 0x1f, 0xff, 0xff, 0x0, 0x0,
    0x1, 0xff, 0xff, 0xf0, 0x0, 0x0, 0xf, 0xff,
    0xff, 0x0, 0x0, 0x0, 0xff, 0xff, 0xf0, 0x0,
    0x0, 0xf, 0xff, 0xff, 0x0, 0x0, 0x0, 0xff,
    0xff, 0xf0, 0x0, 0x0, 0xf, 0xff, 0xfe, 0x0,
    0x7, 0xff, 0xff, 0xff, 0xe0, 0x0, 0x7f, 0xff,
    0xff, 0xfe, 0x0, 0x7, 0xff, 0xff, 0xff, 0xe0,
    0x0, 0x7f, 0xff, 0xff, 0xfe, 0x0, 0x7, 0xff,
    0xff, 0xff, 0xc0, 0x0, 0x7f, 0xff, 0xff, 0xfc,
    0x0, 0x7, 0xff, 0xff, 0xff, 0xc0, 0x0, 0x7f,
    0xff, 0xff, 0xf8, 0x0, 0x7, 0xff, 0xff, 0xff,
    0x0, 0x0, 0x7f, 0xff, 0xff, 0xe0, 0x0, 0x7,
    0xff, 0xff, 0xf8, 0x0, 0x0,

    /* U+00FE "þ" */
    0xff, 0xff, 0xc0, 0x0, 0x0, 0xf, 0xff, 0xfc,
    0x0, 0x0, 0x0, 0xff, 0xff, 0xc0, 0x0, 0x0,
    0xf, 0xff, 0xfc, 0x0, 0x0, 0x0, 0xff, 0xff,
    0xc0, 0x0, 0x0, 0xf, 0xff, 0xfc, 0x0, 0x0,
    0x0, 0xff, 0xff, 0xc0, 0x0, 0x0, 0xf, 0xff,
    0xfc, 0x0, 0x0, 0x0, 0xff, 0xff, 0xc0, 0x0,
    0x0, 0xf, 0xff, 0xfc, 0x0, 0x0, 0x0, 0xff,
    0xff, 0xc0, 0x0, 0x0, 0xf, 0xff, 0xfc, 0x0,
    0x0, 0x0, 0xff, 0xff, 0xc0, 0xff, 0x80, 0xf,
    0xff, 0xfc, 0x3f, 0xff, 0x0, 0xff, 0xff, 0xcf,
    0xff, 0xfc, 0xf, 0xff, 0xfd, 0xff, 0xff, 0xe0,
    0xff, 0xff, 0xff, 0xff, 0xff, 0xf, 0xff, 0xff,
    0xff, 0xff, 0xf8, 0xff, 0xff, 0xff, 0xff, 0xff,
    0x8f, 0xff, 0xff, 0xff, 0xff, 0xfc, 0xff, 0xff,
    0xff, 0xff, 0xff, 0xcf, 0xff, 0xff, 0xff, 0xff,
    0xfe, 0xff, 0xff, 0xff, 0xff, 0xff, 0xef, 0xff,
    0xff, 0xff, 0xff, 0xfe, 0xff, 0xff, 0xff, 0xff,
    0xff, 0xef, 0xff, 0xff, 0xf, 0xff, 0xff, 0xff,
    0xff, 0xe0, 0x7f, 0xff, 0xff, 0xff, 0xfe, 0x7,
    0xff, 0xff, 0xff, 0xff, 0xc0, 0x3f, 0xff, 0xff,
    0xff, 0xfc, 0x3, 0xff, 0xff, 0xff, 0xff, 0xc0,
    0x3f, 0xff, 0xff, 0xff, 0xfc, 0x3, 0xff, 0xff,
    0xff, 0xff, 0xc0, 0x3f, 0xff, 0xff, 0xff, 0xfc,
    0x3, 0xff, 0xff, 0xff, 0xff, 0xc0, 0x3f, 0xff,
    0xff, 0xff, 0xfc, 0x3, 0xff, 0xff, 0xff, 0xff,
    0xc0, 0x3f, 0xff, 0xff, 0xff, 0xfc, 0x3, 0xff,
    0xff, 0xff, 0xff, 0xc0, 0x3f, 0xff, 0xff, 0xff,
    0xfc, 0x3, 0xff, 0xff, 0xff, 0xff, 0xc0, 0x3f,
    0xff, 0xff, 0xff, 0xfc, 0x3, 0xff, 0xff, 0xff,
    0xff, 0xc0, 0x3f, 0xff, 0xff, 0xff, 0xfc, 0x3,
    0xff, 0xff, 0xff, 0xff, 0xc0, 0x3f, 0xff, 0xff,
    0xff, 0xfc, 0x3, 0xff, 0xff, 0xff, 0xff, 0xc0,
    0x3f, 0xff, 0xff, 0xff, 0xfc, 0x3, 0xff, 0xff,
    0xff, 0xff, 0xc0, 0x3f, 0xff, 0xff, 0xff, 0xfc,
    0x3, 0xff, 0xff, 0xff, 0xff, 0xc0, 0x3f, 0xff,
    0xff, 0xff, 0xfc, 0x3, 0xff, 0xff, 0xff, 0xff,
    0xc0, 0x3f, 0xff, 0xff, 0xff, 0xfc, 0x3, 0xff,
    0xff, 0xff, 0xff, 0xc0, 0x3f, 0xff, 0xff, 0xff,
    0xfc, 0x3, 0xff, 0xff, 0xff, 0xff, 0xc0, 0x3f,
    0xff, 0xff, 0xff, 0xfc, 0x3, 0xff, 0xff, 0xff,
    0xff, 0xc0, 0x3f, 0xff, 0xff, 0xff, 0xfc, 0x3,
    0xff, 0xff, 0xff, 0xff, 0xc0, 0x3f, 0xff, 0xff,
    0xff, 0xfc, 0x3, 0xff, 0xff, 0xff, 0xff, 0xc0,
    0x3f, 0xff, 0xff, 0xff, 0xfc, 0x3, 0xff, 0xff,
    0xff, 0xff, 0xc0, 0x3f, 0xff, 0xff, 0xff, 0xfc,
    0x3, 0xff, 0xff, 0xff, 0xff, 0xc0, 0x3f, 0xff,
    0xff, 0xff, 0xfc, 0x3, 0xff, 0xff, 0xff, 0xff,
    0xc0, 0x3f, 0xff, 0xff, 0xff, 0xfc, 0x3, 0xff,
    0xff, 0xff, 0xff, 0xe0, 0x7f, 0xff, 0xff, 0xff,
    0xfe, 0x7, 0xff, 0xff, 0xff, 0xff, 0xf0, 0xff,
    0xff, 0xef, 0xff, 0xff, 0xff, 0xff, 0xfe, 0xff,
    0xff, 0xff, 0xff, 0xff, 0xef, 0xff, 0xff, 0xff,
    0xff, 0xfe, 0xff, 0xff, 0xff, 0xff, 0xff, 0xcf,
    0xff, 0xff, 0xff, 0xff, 0xfc, 0xff, 0xff, 0xff,
    0xff, 0xff, 0x8f, 0xff, 0xfd, 0xff, 0xff, 0xf8,
    0xff, 0xff, 0xdf, 0xff, 0xff, 0xf, 0xff, 0xfc,
    0xff, 0xff, 0xe0, 0xff, 0xff, 0xc7, 0xff, 0xfc,
    0xf, 0xff, 0xfc, 0x3f, 0xff, 0x80, 0xff, 0xff,
    0xc1, 0xff, 0xf0, 0xf, 0xff, 0xfc, 0x7, 0xf8,
    0x0, 0xff, 0xff, 0xc0, 0x0, 0x0, 0xf, 0xff,
    0xfc, 0x0, 0x0, 0x0, 0xff, 0xff, 0xc0, 0x0,
    0x0, 0xf, 0xff, 0xfc, 0x0, 0x0, 0x0, 0xff,
    0xff, 0xc0, 0x0, 0x0, 0xf, 0xff, 0xfc, 0x0,
    0x0, 0x0, 0xff, 0xff, 0xc0, 0x0, 0x0, 0xf,
    0xff, 0xfc, 0x0, 0x0, 0x0, 0xff, 0xff, 0xc0,
    0x0, 0x0, 0xf, 0xff, 0xfc, 0x0, 0x0, 0x0,
    0xff, 0xff, 0xc0, 0x0, 0x0, 0xf, 0xff, 0xfc,
    0x0, 0x0, 0x0,

    /* U+00FF "ÿ" */
    0x7f, 0xff, 0xe0, 0xff, 0xff, 0xc7, 0xff, 0xfe,
    0xf, 0xff, 0xfc, 0x7f, 0xff, 0xe0, 0xff, 0xff,
    0xc7, 0xff, 0xfe, 0xf, 0xff, 0xfc, 0x7f, 0xff,
    0xe0, 0xff, 0xff, 0xc7, 0xff, 0xfe, 0xf, 0xff,
    0xfc, 0x7f, 0xff, 0xe0, 0xff, 0xff, 0xc7, 0xff,
    0xfe, 0xf, 0xff, 0xfc, 0x7f, 0xff, 0xe0, 0xff,
    0xff, 0xc7, 0xff, 0xfe, 0xf, 0xff, 0xfc, 0x7f,
    0xff, 0xe0, 0xff, 0xff, 0xc7, 0xff, 0xfe, 0xf,
    0xff, 0xfc, 0x7f, 0xff, 0xe0, 0xff, 0xff, 0xc7,
    0xff, 0xfe, 0xf, 0xff, 0xfc, 0x0, 0x0, 0x0,
    0x0, 0x0, 0x0, 0x0, 0x0, 0x0, 0x0, 0x0,
    0x0, 0x0, 0x0, 0x0, 0x0, 0x0, 0x0, 0x0,
    0x0, 0x0, 0x0, 0x0, 0x0, 0x0, 0x0, 0x0,
    0xf, 0xff, 0xf8, 0x3, 0xff, 0xff, 0xff, 0xff,
    0x80, 0x3f, 0xff, 0xff, 0xff, 0xf8, 0x3, 0xff,
    0xfe, 0xff, 0xff, 0x80, 0x3f, 0xff, 0xef, 0xff,
    0xf8, 0x3, 0xff, 0xfe, 0x7f, 0xff, 0x80, 0x3f,
    0xff, 0xe7, 0xff, 0xf8, 0x3, 0xff, 0xfe, 0x7f,
    0xff, 0xc0, 0x3f, 0xff, 0xc7, 0xff, 0xfc, 0x3,
    0xff, 0xfc, 0x7f, 0xff, 0xc0, 0x3f, 0xff, 0xc7,
    0xff, 0xfc, 0x7, 0xff, 0xfc, 0x3f, 0xff, 0xc0,
    0x7f, 0xff, 0xc3, 0xff, 0xfc, 0x7, 0xff, 0xfc,
    0x3f, 0xff, 0xc0, 0x7f, 0xff, 0x83, 0xff, 0xfc,
    0x7, 0xff, 0xf8, 0x3f, 0xff, 0xc0, 0x7f, 0xff,
    0x83, 0xff, 0xfc, 0x7, 0xff, 0xf8, 0x1f, 0xff,
    0xc0, 0x7f, 0xff, 0x81, 0xff, 0xfc, 0x7, 0xff,
    0xf8, 0x1f, 0xff, 0xc0, 0x7f, 0xff, 0x1, 0xff,
    0xfe, 0x7, 0xff, 0xf0, 0x1f, 0xff, 0xe0, 0xff,
    0xff, 0x1, 0xff, 0xfe, 0xf, 0xff, 0xf0, 0xf,
    0xff, 0xe0, 0xff, 0xff, 0x0, 0xff, 0xfe, 0xf,
    0xff, 0xf0, 0xf, 0xff, 0xe0, 0xff, 0xfe, 0x0,
    0xff, 0xfe, 0xf, 0xff, 0xe0, 0xf, 0xff, 0xe0,
    0xff, 0xfe, 0x0, 0xff, 0xfe, 0xf, 0xff, 0xe0,
    0xf, 0xff, 0xe0, 0xff, 0xfe, 0x0, 0x7f, 0xfe,
    0xf, 0xff, 0xc0, 0x7, 0xff, 0xe1, 0xff, 0xfc,
    0x0, 0x7f, 0xff, 0x1f, 0xff, 0xc0, 0x7, 0xff,
    0xf1, 0xff, 0xfc, 0x0, 0x7f, 0xff, 0x1f, 0xff,
    0xc0, 0x7, 0xff, 0xf1, 0xff, 0xfc, 0x0, 0x3f,
    0xff, 0x1f, 0xff, 0x80, 0x3, 0xff, 0xf1, 0xff,
    0xf8, 0x0, 0x3f, 0xff, 0x1f, 0xff, 0x80, 0x3,
    0xff, 0xf1, 0xff, 0xf8, 0x0, 0x3f, 0xff, 0x1f,
    0xff, 0x80, 0x3, 0xff, 0xf1, 0xff, 0xf8, 0x0,
    0x1f, 0xff, 0x3f, 0xff, 0x0, 0x1, 0xff, 0xf3,
    0xff, 0xf0, 0x0, 0x1f, 0xff, 0x3f, 0xff, 0x0,
    0x1, 0xff, 0xfb, 0xff, 0xf0, 0x0, 0x1f, 0xff,
    0xbf, 0xff, 0x0, 0x1, 0xff, 0xfb, 0xff, 0xf0,
    0x0, 0xf, 0xff, 0xbf, 0xfe, 0x0, 0x0, 0xff,
    0xfb, 0xff, 0xe0, 0x0, 0xf, 0xff, 0xbf, 0xfe,
    0x0, 0x0, 0xff, 0xfb, 0xff, 0xe0, 0x0, 0xf,
    0xff, 0xff, 0xfe, 0x0, 0x0, 0xff, 0xff, 0xff,
    0xc0, 0x0, 0x7, 0xff, 0xff, 0xfc, 0x0, 0x0,
    0x7f, 0xff, 0xff, 0xc0, 0x0, 0x7, 0xff, 0xff,
    0xfc, 0x0, 0x0, 0x7f, 0xff, 0xff, 0xc0, 0x0,
    0x7, 0xff, 0xff, 0xfc, 0x0, 0x0, 0x7f, 0xff,
    0xff, 0x80, 0x0, 0x3, 0xff, 0xff, 0xf8, 0x0,
    0x0, 0x3f, 0xff, 0xff, 0x80, 0x0, 0x3, 0xff,
    0xff, 0xf8, 0x0, 0x0, 0x3f, 0xff, 0xff, 0x80,
    0x0, 0x3, 0xff, 0xff, 0xf8, 0x0, 0x0, 0x3f,
    0xff, 0xff, 0x0, 0x0, 0x1, 0xff, 0xff, 0xf0,
    0x0, 0x0, 0x1f, 0xff, 0xff, 0x0, 0x0, 0x1,
    0xff, 0xff, 0xf0, 0x0, 0x0, 0x1f, 0xff, 0xff,
    0x0, 0x0, 0x1, 0xff, 0xff, 0xf0, 0x0, 0x0,
    0x1f, 0xff, 0xfe, 0x0, 0x0, 0x1, 0xff, 0xff,
    0xe0, 0x0, 0x0, 0xf, 0xff, 0xfe, 0x0, 0x0,
    0x1, 0xff, 0xff, 0xe0, 0x0, 0x7f, 0xff, 0xff,
    0xfe, 0x0, 0x7, 0xff, 0xff, 0xff, 0xc0, 0x0,
    0x7f, 0xff, 0xff, 0xfc, 0x0, 0x7, 0xff, 0xff,
    0xff, 0xc0, 0x0, 0x7f, 0xff, 0xff, 0xfc, 0x0,
    0x7, 0xff, 0xff, 0xff, 0x80, 0x0, 0x7f, 0xff,
    0xff, 0xf8, 0x0, 0x7, 0xff, 0xff, 0xff, 0x80,
    0x0, 0x7f, 0xff, 0xff, 0xf0, 0x0, 0x7, 0xff,
    0xff, 0xfe, 0x0, 0x0, 0x7f, 0xff, 0xff, 0x80,
    0x0, 0x0
};


/*---------------------
 *  GLYPH DESCRIPTION
 *--------------------*/

static const lv_font_fmt_txt_glyph_dsc_t glyph_dsc[] = {
    {.bitmap_index = 0, .adv_w = 0, .box_w = 0, .box_h = 0, .ofs_x = 0, .ofs_y = 0} /* id = 0 reserved */,
    {.bitmap_index = 0, .adv_w = 0, .box_w = 1, .box_h = 1, .ofs_x = 0, .ofs_y = 0},
    {.bitmap_index = 1, .adv_w = 375, .box_w = 1, .box_h = 1, .ofs_x = 0, .ofs_y = 0},
    {.bitmap_index = 2, .adv_w = 375, .box_w = 1, .box_h = 1, .ofs_x = 0, .ofs_y = 0},
    {.bitmap_index = 3, .adv_w = 366, .box_w = 18, .box_h = 86, .ofs_x = 3, .ofs_y = 0},
    {.bitmap_index = 197, .adv_w = 686, .box_w = 39, .box_h = 31, .ofs_x = 2, .ofs_y = 55},
    {.bitmap_index = 349, .adv_w = 874, .box_w = 51, .box_h = 78, .ofs_x = 2, .ofs_y = 0},
    {.bitmap_index = 847, .adv_w = 739, .box_w = 43, .box_h = 87, .ofs_x = 2, .ofs_y = -6},
    {.bitmap_index = 1315, .adv_w = 1691, .box_w = 102, .box_h = 87, .ofs_x = 2, .ofs_y = -1},
    {.bitmap_index = 2425, .adv_w = 832, .box_w = 50, .box_h = 88, .ofs_x = 2, .ofs_y = -1},
    {.bitmap_index = 2975, .adv_w = 342, .box_w = 17, .box_h = 31, .ofs_x = 2, .ofs_y = 55},
    {.bitmap_index = 3041, .adv_w = 466, .box_w = 25, .box_h = 98, .ofs_x = 2, .ofs_y = -9},
    {.bitmap_index = 3348, .adv_w = 466, .box_w = 25, .box_h = 98, .ofs_x = 2, .ofs_y = -9},
    {.bitmap_index = 3655, .adv_w = 723, .box_w = 41, .box_h = 41, .ofs_x = 2, .ofs_y = 36},
    {.bitmap_index = 3866, .adv_w = 569, .box_w = 32, .box_h = 31, .ofs_x = 2, .ofs_y = 15},
    {.bitmap_index = 3990, .adv_w = 378, .box_w = 18, .box_h = 26, .ofs_x = 3, .ofs_y = -12},
    {.bitmap_index = 4049, .adv_w = 498, .box_w = 25, .box_h = 11, .ofs_x = 3, .ofs_y = 25},
    {.bitmap_index = 4084, .adv_w = 366, .box_w = 18, .box_h = 14, .ofs_x = 3, .ofs_y = 0},
    {.bitmap_index = 4116, .adv_w = 648, .box_w = 38, .box_h = 87, .ofs_x = 1, .ofs_y = 0},
    {.bitmap_index = 4530, .adv_w = 791, .box_w = 45, .box_h = 88, .ofs_x = 2, .ofs_y = -1},
    {.bitmap_index = 5025, .adv_w = 529, .box_w = 29, .box_h = 86, .ofs_x = 1, .ofs_y = 0},
    {.bitmap_index = 5337, .adv_w = 791, .box_w = 45, .box_h = 86, .ofs_x = 3, .ofs_y = 0},
    {.bitmap_index = 5821, .adv_w = 791, .box_w = 45, .box_h = 87, .ofs_x = 2, .ofs_y = -1},
    {.bitmap_index = 6311, .adv_w = 791, .box_w = 48, .box_h = 87, .ofs_x = 1, .ofs_y = 0},
    {.bitmap_index = 6833, .adv_w = 791, .box_w = 45, .box_h = 87, .ofs_x = 2, .ofs_y = -1},
    {.bitmap_index = 7323, .adv_w = 791, .box_w = 46, .box_h = 87, .ofs_x = 3, .ofs_y = -1},
    {.bitmap_index = 7824, .adv_w = 791, .box_w = 43, .box_h = 86, .ofs_x = 3, .ofs_y = 0},
    {.bitmap_index = 8287, .adv_w = 791, .box_w = 45, .box_h = 88, .ofs_x = 2, .ofs_y = -1},
    {.bitmap_index = 8782, .adv_w = 791, .box_w = 45, .box_h = 88, .ofs_x = 3, .ofs_y = -1},
    {.bitmap_index = 9277, .adv_w = 387, .box_w = 18, .box_h = 50, .ofs_x = 3, .ofs_y = 12},
    {.bitmap_index = 9390, .adv_w = 392, .box_w = 18, .box_h = 62, .ofs_x = 3, .ofs_y = 0},
    {.bitmap_index = 9530, .adv_w = 514, .box_w = 28, .box_h = 53, .ofs_x = 2, .ofs_y = 10},
    {.bitmap_index = 9716, .adv_w = 498, .box_w = 25, .box_h = 30, .ofs_x = 3, .ofs_y = 25},
    {.bitmap_index = 9810, .adv_w = 514, .box_w = 28, .box_h = 53, .ofs_x = 3, .ofs_y = 10},
    {.bitmap_index = 9996, .adv_w = 788, .box_w = 45, .box_h = 86, .ofs_x = 2, .ofs_y = 0},
    {.bitmap_index = 10480, .adv_w = 1383, .box_w = 80, .box_h = 94, .ofs_x = 3, .ofs_y = -8},
    {.bitmap_index = 11420, .adv_w = 777, .box_w = 46, .box_h = 86, .ofs_x = 1, .ofs_y = 0},
    {.bitmap_index = 11915, .adv_w = 766, .box_w = 42, .box_h = 86, .ofs_x = 4, .ofs_y = 0},
    {.bitmap_index = 12367, .adv_w = 759, .box_w = 42, .box_h = 88, .ofs_x = 3, .ofs_y = -1},
    {.bitmap_index = 12829, .adv_w = 789, .box_w = 43, .box_h = 86, .ofs_x = 4, .ofs_y = 0},
    {.bitmap_index = 13292, .adv_w = 659, .box_w = 36, .box_h = 86, .ofs_x = 4, .ofs_y = 0},
    {.bitmap_index = 13679, .adv_w = 638, .box_w = 35, .box_h = 86, .ofs_x = 4, .ofs_y = 0},
    {.bitmap_index = 14056, .adv_w = 776, .box_w = 43, .box_h = 88, .ofs_x = 3, .ofs_y = -1},
    {.bitmap_index = 14529, .adv_w = 798, .box_w = 42, .box_h = 86, .ofs_x = 4, .ofs_y = 0},
    {.bitmap_index = 14981, .adv_w = 363, .box_w = 17, .box_h = 86, .ofs_x = 3, .ofs_y = 0},
    {.bitmap_index = 15164, .adv_w = 746, .box_w = 42, .box_h = 87, .ofs_x = 2, .ofs_y = -1},
    {.bitmap_index = 15621, .adv_w = 755, .box_w = 44, .box_h = 86, .ofs_x = 4, .ofs_y = 0},
    {.bitmap_index = 16094, .adv_w = 636, .box_w = 35, .box_h = 86, .ofs_x = 4, .ofs_y = 0},
    {.bitmap_index = 16471, .adv_w = 1194, .box_w = 67, .box_h = 86, .ofs_x = 4, .ofs_y = 0},
    {.bitmap_index = 17192, .adv_w = 797, .box_w = 42, .box_h = 86, .ofs_x = 4, .ofs_y = 0},
    {.bitmap_index = 17644, .adv_w = 778, .box_w = 42, .box_h = 88, .ofs_x = 3, .ofs_y = -1},
    {.bitmap_index = 18106, .adv_w = 755, .box_w = 42, .box_h = 86, .ofs_x = 4, .ofs_y = 0},
    {.bitmap_index = 18558, .adv_w = 790, .box_w = 46, .box_h = 96, .ofs_x = 3, .ofs_y = -9},
    {.bitmap_index = 19110, .adv_w = 763, .box_w = 42, .box_h = 86, .ofs_x = 4, .ofs_y = 0},
    {.bitmap_index = 19562, .adv_w = 738, .box_w = 42, .box_h = 88, .ofs_x = 2, .ofs_y = -1},
    {.bitmap_index = 20024, .adv_w = 633, .box_w = 38, .box_h = 86, .ofs_x = 1, .ofs_y = -1},
    {.bitmap_index = 20433, .adv_w = 758, .box_w = 42, .box_h = 87, .ofs_x = 3, .ofs_y = -1},
    {.bitmap_index = 20890, .adv_w = 751, .box_w = 45, .box_h = 86, .ofs_x = 1, .ofs_y = 0},
    {.bitmap_index = 21374, .adv_w = 1139, .box_w = 69, .box_h = 86, .ofs_x = 1, .ofs_y = 0},
    {.bitmap_index = 22116, .adv_w = 774, .box_w = 46, .box_h = 86, .ofs_x = 1, .ofs_y = 0},
    {.bitmap_index = 22611, .adv_w = 714, .box_w = 44, .box_h = 86, .ofs_x = 0, .ofs_y = 0},
    {.bitmap_index = 23084, .adv_w = 656, .box_w = 38, .box_h = 86, .ofs_x = 2, .ofs_y = 0},
    {.bitmap_index = 23493, .adv_w = 509, .box_w = 27, .box_h = 98, .ofs_x = 3, .ofs_y = -9},
    {.bitmap_index = 23824, .adv_w = 648, .box_w = 38, .box_h = 87, .ofs_x = 1, .ofs_y = 0},
    {.bitmap_index = 24238, .adv_w = 509, .box_w = 27, .box_h = 98, .ofs_x = 2, .ofs_y = -9},
    {.bitmap_index = 24569, .adv_w = 758, .box_w = 43, .box_h = 45, .ofs_x = 2, .ofs_y = 21},
    {.bitmap_index = 24811, .adv_w = 584, .box_w = 32, .box_h = 11, .ofs_x = 2, .ofs_y = -18},
    {.bitmap_index = 24855, .adv_w = 508, .box_w = 23, .box_h = 21, .ofs_x = 3, .ofs_y = 76},
    {.bitmap_index = 24916, .adv_w = 773, .box_w = 43, .box_h = 75, .ofs_x = 2, .ofs_y = -1},
    {.bitmap_index = 25320, .adv_w = 802, .box_w = 44, .box_h = 87, .ofs_x = 4, .ofs_y = -1},
    {.bitmap_index = 25799, .adv_w = 786, .box_w = 44, .box_h = 75, .ofs_x = 3, .ofs_y = -1},
    {.bitmap_index = 26212, .adv_w = 797, .box_w = 44, .box_h = 87, .ofs_x = 3, .ofs_y = -1},
    {.bitmap_index = 26691, .adv_w = 781, .box_w = 43, .box_h = 75, .ofs_x = 3, .ofs_y = -1},
    {.bitmap_index = 27095, .adv_w = 448, .box_w = 24, .box_h = 87, .ofs_x = 2, .ofs_y = 0},
    {.bitmap_index = 27356, .adv_w = 806, .box_w = 45, .box_h = 87, .ofs_x = 2, .ofs_y = -12},
    {.bitmap_index = 27846, .adv_w = 809, .box_w = 44, .box_h = 86, .ofs_x = 4, .ofs_y = 0},
    {.bitmap_index = 28319, .adv_w = 389, .box_w = 18, .box_h = 92, .ofs_x = 3, .ofs_y = 0},
    {.bitmap_index = 28526, .adv_w = 420, .box_w = 22, .box_h = 105, .ofs_x = 1, .ofs_y = -12},
    {.bitmap_index = 28815, .adv_w = 785, .box_w = 48, .box_h = 86, .ofs_x = 4, .ofs_y = 0},
    {.bitmap_index = 29331, .adv_w = 397, .box_w = 18, .box_h = 86, .ofs_x = 4, .ofs_y = 0},
    {.bitmap_index = 29525, .adv_w = 1213, .box_w = 69, .box_h = 74, .ofs_x = 4, .ofs_y = 0},
    {.bitmap_index = 30164, .adv_w = 798, .box_w = 43, .box_h = 74, .ofs_x = 4, .ofs_y = 0},
    {.bitmap_index = 30562, .adv_w = 795, .box_w = 44, .box_h = 75, .ofs_x = 3, .ofs_y = -1},
    {.bitmap_index = 30975, .adv_w = 802, .box_w = 44, .box_h = 86, .ofs_x = 4, .ofs_y = -12},
    {.bitmap_index = 31448, .adv_w = 797, .box_w = 44, .box_h = 86, .ofs_x = 3, .ofs_y = -12},
    {.bitmap_index = 31921, .adv_w = 555, .box_w = 31, .box_h = 74, .ofs_x = 4, .ofs_y = 0},
    {.bitmap_index = 32208, .adv_w = 759, .box_w = 44, .box_h = 75, .ofs_x = 2, .ofs_y = -1},
    {.bitmap_index = 32621, .adv_w = 488, .box_w = 27, .box_h = 86, .ofs_x = 2, .ofs_y = -1},
    {.bitmap_index = 32912, .adv_w = 798, .box_w = 43, .box_h = 74, .ofs_x = 3, .ofs_y = -1},
    {.bitmap_index = 33310, .adv_w = 738, .box_w = 44, .box_h = 73, .ofs_x = 1, .ofs_y = 0},
    {.bitmap_index = 33712, .adv_w = 1114, .box_w = 65, .box_h = 73, .ofs_x = 2, .ofs_y = 0},
    {.bitmap_index = 34306, .adv_w = 734, .box_w = 46, .box_h = 73, .ofs_x = 0, .ofs_y = 0},
    {.bitmap_index = 34726, .adv_w = 738, .box_w = 44, .box_h = 86, .ofs_x = 1, .ofs_y = -12},
    {.bitmap_index = 35199, .adv_w = 617, .box_w = 37, .box_h = 73, .ofs_x = 1, .ofs_y = 0},
    {.bitmap_index = 35537, .adv_w = 544, .box_w = 31, .box_h = 98, .ofs_x = 2, .ofs_y = -9},
    {.bitmap_index = 35917, .adv_w = 346, .box_w = 16, .box_h = 99, .ofs_x = 3, .ofs_y = -4},
    {.bitmap_index = 36115, .adv_w = 545, .box_w = 31, .box_h = 98, .ofs_x = 2, .ofs_y = -9},
    {.bitmap_index = 36495, .adv_w = 788, .box_w = 47, .box_h = 18, .ofs_x = 2, .ofs_y = 40},
    {.bitmap_index = 36601, .adv_w = 375, .box_w = 1, .box_h = 1, .ofs_x = 0, .ofs_y = 0},
    {.bitmap_index = 36602, .adv_w = 363, .box_w = 18, .box_h = 86, .ofs_x = 3, .ofs_y = -5},
    {.bitmap_index = 36796, .adv_w = 770, .box_w = 44, .box_h = 90, .ofs_x = 2, .ofs_y = -8},
    {.bitmap_index = 37291, .adv_w = 758, .box_w = 44, .box_h = 78, .ofs_x = 2, .ofs_y = 0},
    {.bitmap_index = 37720, .adv_w = 781, .box_w = 45, .box_h = 45, .ofs_x = 2, .ofs_y = 25},
    {.bitmap_index = 37974, .adv_w = 741, .box_w = 43, .box_h = 78, .ofs_x = 0, .ofs_y = 0},
    {.bitmap_index = 38394, .adv_w = 355, .box_w = 16, .box_h = 99, .ofs_x = 3, .ofs_y = -4},
    {.bitmap_index = 38592, .adv_w = 719, .box_w = 41, .box_h = 79, .ofs_x = 2, .ofs_y = -1},
    {.bitmap_index = 38997, .adv_w = 763, .box_w = 41, .box_h = 14, .ofs_x = 3, .ofs_y = 78},
    {.bitmap_index = 39069, .adv_w = 1080, .box_w = 64, .box_h = 64, .ofs_x = 2, .ofs_y = 10},
    {.bitmap_index = 39581, .adv_w = 627, .box_w = 34, .box_h = 60, .ofs_x = 2, .ofs_y = 38},
    {.bitmap_index = 39836, .adv_w = 925, .box_w = 53, .box_h = 47, .ofs_x = 2, .ofs_y = 13},
    {.bitmap_index = 40148, .adv_w = 646, .box_w = 36, .box_h = 26, .ofs_x = 1, .ofs_y = 21},
    {.bitmap_index = 40265, .adv_w = 469, .box_w = 25, .box_h = 11, .ofs_x = 3, .ofs_y = 25},
    {.bitmap_index = 40300, .adv_w = 1080, .box_w = 64, .box_h = 64, .ofs_x = 2, .ofs_y = 10},
    {.bitmap_index = 40812, .adv_w = 570, .box_w = 32, .box_h = 7, .ofs_x = 2, .ofs_y = 79},
    {.bitmap_index = 40840, .adv_w = 622, .box_w = 34, .box_h = 33, .ofs_x = 2, .ofs_y = 45},
    {.bitmap_index = 40981, .adv_w = 573, .box_w = 32, .box_h = 52, .ofs_x = 2, .ofs_y = 0},
    {.bitmap_index = 41189, .adv_w = 491, .box_w = 27, .box_h = 50, .ofs_x = 3, .ofs_y = 39},
    {.bitmap_index = 41358, .adv_w = 494, .box_w = 27, .box_h = 51, .ofs_x = 2, .ofs_y = 38},
    {.bitmap_index = 41531, .adv_w = 508, .box_w = 23, .box_h = 21, .ofs_x = 4, .ofs_y = 76},
    {.bitmap_index = 41592, .adv_w = 784, .box_w = 43, .box_h = 82, .ofs_x = 3, .ofs_y = -9},
    {.bitmap_index = 42033, .adv_w = 796, .box_w = 45, .box_h = 78, .ofs_x = 2, .ofs_y = 0},
    {.bitmap_index = 42472, .adv_w = 375, .box_w = 16, .box_h = 14, .ofs_x = 4, .ofs_y = 35},
    {.bitmap_index = 42500, .adv_w = 450, .box_w = 24, .box_h = 31, .ofs_x = 2, .ofs_y = -31},
    {.bitmap_index = 42593, .adv_w = 339, .box_w = 17, .box_h = 50, .ofs_x = 1, .ofs_y = 39},
    {.bitmap_index = 42700, .adv_w = 635, .box_w = 35, .box_h = 60, .ofs_x = 2, .ofs_y = 38},
    {.bitmap_index = 42963, .adv_w = 925, .box_w = 53, .box_h = 47, .ofs_x = 3, .ofs_y = 13},
    {.bitmap_index = 43275, .adv_w = 1302, .box_w = 67, .box_h = 88, .ofs_x = 7, .ofs_y = -1},
    {.bitmap_index = 44012, .adv_w = 1162, .box_w = 70, .box_h = 88, .ofs_x = 1, .ofs_y = -1},
    {.bitmap_index = 44782, .adv_w = 1367, .box_w = 72, .box_h = 88, .ofs_x = 7, .ofs_y = -1},
    {.bitmap_index = 45574, .adv_w = 788, .box_w = 45, .box_h = 86, .ofs_x = 2, .ofs_y = -6},
    {.bitmap_index = 46058, .adv_w = 777, .box_w = 45, .box_h = 110, .ofs_x = 2, .ofs_y = 0},
    {.bitmap_index = 46677, .adv_w = 777, .box_w = 45, .box_h = 110, .ofs_x = 2, .ofs_y = 0},
    {.bitmap_index = 47296, .adv_w = 777, .box_w = 46, .box_h = 110, .ofs_x = 1, .ofs_y = 0},
    {.bitmap_index = 47929, .adv_w = 777, .box_w = 46, .box_h = 107, .ofs_x = 1, .ofs_y = 0},
    {.bitmap_index = 48545, .adv_w = 777, .box_w = 46, .box_h = 105, .ofs_x = 1, .ofs_y = 0},
    {.bitmap_index = 49149, .adv_w = 777, .box_w = 45, .box_h = 123, .ofs_x = 2, .ofs_y = 0},
    {.bitmap_index = 49841, .adv_w = 1024, .box_w = 64, .box_h = 86, .ofs_x = -2, .ofs_y = 0},
    {.bitmap_index = 50529, .adv_w = 759, .box_w = 42, .box_h = 118, .ofs_x = 3, .ofs_y = -31},
    {.bitmap_index = 51149, .adv_w = 659, .box_w = 36, .box_h = 110, .ofs_x = 4, .ofs_y = 0},
    {.bitmap_index = 51644, .adv_w = 659, .box_w = 36, .box_h = 110, .ofs_x = 4, .ofs_y = 0},
    {.bitmap_index = 52139, .adv_w = 659, .box_w = 44, .box_h = 110, .ofs_x = 0, .ofs_y = 0},
    {.bitmap_index = 52744, .adv_w = 659, .box_w = 41, .box_h = 105, .ofs_x = 1, .ofs_y = 0},
    {.bitmap_index = 53283, .adv_w = 363, .box_w = 23, .box_h = 110, .ofs_x = 0, .ofs_y = 0},
    {.bitmap_index = 53600, .adv_w = 363, .box_w = 23, .box_h = 110, .ofs_x = 0, .ofs_y = 0},
    {.bitmap_index = 53917, .adv_w = 363, .box_w = 43, .box_h = 110, .ofs_x = -10, .ofs_y = 0},
    {.bitmap_index = 54509, .adv_w = 363, .box_w = 41, .box_h = 105, .ofs_x = -9, .ofs_y = 0},
    {.bitmap_index = 55048, .adv_w = 789, .box_w = 46, .box_h = 86, .ofs_x = 1, .ofs_y = 0},
    {.bitmap_index = 55543, .adv_w = 797, .box_w = 42, .box_h = 107, .ofs_x = 4, .ofs_y = 0},
    {.bitmap_index = 56105, .adv_w = 778, .box_w = 42, .box_h = 111, .ofs_x = 3, .ofs_y = -1},
    {.bitmap_index = 56688, .adv_w = 778, .box_w = 42, .box_h = 111, .ofs_x = 3, .ofs_y = -1},
    {.bitmap_index = 57271, .adv_w = 778, .box_w = 43, .box_h = 110, .ofs_x = 3, .ofs_y = -1},
    {.bitmap_index = 57863, .adv_w = 778, .box_w = 42, .box_h = 108, .ofs_x = 3, .ofs_y = -1},
    {.bitmap_index = 58430, .adv_w = 778, .box_w = 42, .box_h = 106, .ofs_x = 3, .ofs_y = -1},
    {.bitmap_index = 58987, .adv_w = 555, .box_w = 31, .box_h = 31, .ofs_x = 2, .ofs_y = 15},
    {.bitmap_index = 59108, .adv_w = 778, .box_w = 42, .box_h = 108, .ofs_x = 3, .ofs_y = -10},
    {.bitmap_index = 59675, .adv_w = 758, .box_w = 42, .box_h = 111, .ofs_x = 3, .ofs_y = -1},
    {.bitmap_index = 60258, .adv_w = 758, .box_w = 42, .box_h = 111, .ofs_x = 3, .ofs_y = -1},
    {.bitmap_index = 60841, .adv_w = 758, .box_w = 44, .box_h = 110, .ofs_x = 2, .ofs_y = -1},
    {.bitmap_index = 61446, .adv_w = 758, .box_w = 42, .box_h = 106, .ofs_x = 3, .ofs_y = -1},
    {.bitmap_index = 62003, .adv_w = 714, .box_w = 43, .box_h = 110, .ofs_x = 1, .ofs_y = 0},
    {.bitmap_index = 62595, .adv_w = 740, .box_w = 42, .box_h = 86, .ofs_x = 3, .ofs_y = 0},
    {.bitmap_index = 63047, .adv_w = 787, .box_w = 44, .box_h = 87, .ofs_x = 3, .ofs_y = 0},
    {.bitmap_index = 63526, .adv_w = 773, .box_w = 43, .box_h = 99, .ofs_x = 2, .ofs_y = -1},
    {.bitmap_index = 64059, .adv_w = 773, .box_w = 43, .box_h = 99, .ofs_x = 2, .ofs_y = -1},
    {.bitmap_index = 64592, .adv_w = 773, .box_w = 44, .box_h = 99, .ofs_x = 2, .ofs_y = -1},
    {.bitmap_index = 65137, .adv_w = 773, .box_w = 43, .box_h = 96, .ofs_x = 2, .ofs_y = -1},
    {.bitmap_index = 65653, .adv_w = 773, .box_w = 43, .box_h = 94, .ofs_x = 2, .ofs_y = -1},
    {.bitmap_index = 66159, .adv_w = 773, .box_w = 43, .box_h = 112, .ofs_x = 2, .ofs_y = -1},
    {.bitmap_index = 66761, .adv_w = 1170, .box_w = 69, .box_h = 75, .ofs_x = 2, .ofs_y = -1},
    {.bitmap_index = 67408, .adv_w = 786, .box_w = 44, .box_h = 105, .ofs_x = 3, .ofs_y = -31},
    {.bitmap_index = 67986, .adv_w = 781, .box_w = 43, .box_h = 98, .ofs_x = 3, .ofs_y = -1},
    {.bitmap_index = 68513, .adv_w = 781, .box_w = 43, .box_h = 98, .ofs_x = 3, .ofs_y = -1},
    {.bitmap_index = 69040, .adv_w = 781, .box_w = 44, .box_h = 98, .ofs_x = 3, .ofs_y = -1},
    {.bitmap_index = 69579, .adv_w = 781, .box_w = 43, .box_h = 93, .ofs_x = 3, .ofs_y = -1},
    {.bitmap_index = 70079, .adv_w = 377, .box_w = 23, .box_h = 97, .ofs_x = 1, .ofs_y = 0},
    {.bitmap_index = 70358, .adv_w = 377, .box_w = 23, .box_h = 97, .ofs_x = 1, .ofs_y = 0},
    {.bitmap_index = 70637, .adv_w = 377, .box_w = 44, .box_h = 97, .ofs_x = -10, .ofs_y = 0},
    {.bitmap_index = 71171, .adv_w = 377, .box_w = 41, .box_h = 92, .ofs_x = -9, .ofs_y = 0},
    {.bitmap_index = 71643, .adv_w = 805, .box_w = 46, .box_h = 88, .ofs_x = 2, .ofs_y = -1},
    {.bitmap_index = 72149, .adv_w = 798, .box_w = 43, .box_h = 94, .ofs_x = 4, .ofs_y = 0},
    {.bitmap_index = 72655, .adv_w = 795, .box_w = 44, .box_h = 99, .ofs_x = 3, .ofs_y = -1},
    {.bitmap_index = 73200, .adv_w = 795, .box_w = 44, .box_h = 99, .ofs_x = 3, .ofs_y = -1},
    {.bitmap_index = 73745, .adv_w = 795, .box_w = 44, .box_h = 99, .ofs_x = 3, .ofs_y = -1},
    {.bitmap_index = 74290, .adv_w = 795, .box_w = 44, .box_h = 96, .ofs_x = 3, .ofs_y = -1},
    {.bitmap_index = 74818, .adv_w = 795, .box_w = 44, .box_h = 94, .ofs_x = 3, .ofs_y = -1},
    {.bitmap_index = 75335, .adv_w = 534, .box_w = 30, .box_h = 50, .ofs_x = 2, .ofs_y = 12},
    {.bitmap_index = 75523, .adv_w = 795, .box_w = 44, .box_h = 93, .ofs_x = 3, .ofs_y = -10},
    {.bitmap_index = 76035, .adv_w = 798, .box_w = 43, .box_h = 98, .ofs_x = 3, .ofs_y = -1},
    {.bitmap_index = 76562, .adv_w = 798, .box_w = 43, .box_h = 98, .ofs_x = 3, .ofs_y = -1},
    {.bitmap_index = 77089, .adv_w = 798, .box_w = 43, .box_h = 98, .ofs_x = 3, .ofs_y = -1},
    {.bitmap_index = 77616, .adv_w = 798, .box_w = 43, .box_h = 93, .ofs_x = 3, .ofs_y = -1},
    {.bitmap_index = 78116, .adv_w = 738, .box_w = 44, .box_h = 110, .ofs_x = 1, .ofs_y = -12},
    {.bitmap_index = 78721, .adv_w = 787, .box_w = 44, .box_h = 98, .ofs_x = 3, .ofs_y = -12},
    {.bitmap_index = 79260, .adv_w = 738, .box_w = 44, .box_h = 105, .ofs_x = 1, .ofs_y = -12}
};

/*---------------------
 *  CHARACTER MAPPING
 *--------------------*/

static const uint16_t unicode_list_0[] = {
    0x0, 0xd
};

/*Collect the unicode lists and glyph_id offsets*/
static const lv_font_fmt_txt_cmap_t cmaps[] =
{
    {
        .range_start = 0, .range_length = 14, .glyph_id_start = 1,
        .unicode_list = unicode_list_0, .glyph_id_ofs_list = NULL, .list_length = 2, .type = LV_FONT_FMT_TXT_CMAP_SPARSE_TINY
    },
    {
        .range_start = 32, .range_length = 95, .glyph_id_start = 3,
        .unicode_list = NULL, .glyph_id_ofs_list = NULL, .list_length = 0, .type = LV_FONT_FMT_TXT_CMAP_FORMAT0_TINY
    },
    {
        .range_start = 160, .range_length = 96, .glyph_id_start = 98,
        .unicode_list = NULL, .glyph_id_ofs_list = NULL, .list_length = 0, .type = LV_FONT_FMT_TXT_CMAP_FORMAT0_TINY
    }
};

/*-----------------
 *    KERNING
 *----------------*/


/*Pair left and right glyphs for kerning*/
static const uint8_t kern_pair_glyph_ids[] =
{
    36, 55,
    36, 57,
    36, 58,
    36, 60,
    36, 159,
    41, 36,
    41, 130,
    41, 131,
    41, 132,
    41, 134,
    47, 55,
    47, 57,
    47, 58,
    47, 60,
    47, 159,
    51, 36,
    51, 130,
    51, 131,
    51, 132,
    51, 134,
    55, 36,
    55, 68,
    55, 82,
    55, 130,
    55, 131,
    55, 132,
    55, 134,
    57, 36,
    57, 130,
    57, 131,
    57, 132,
    57, 134,
    58, 36,
    58, 130,
    58, 131,
    58, 132,
    58, 134,
    60, 36,
    60, 45,
    60, 130,
    60, 131,
    60, 132,
    60, 134,
    70, 91,
    72, 91,
    91, 70,
    91, 72,
    91, 82,
    91, 169,
    91, 170,
    91, 171,
    91, 172,
    91, 173,
    91, 180,
    91, 181,
    91, 182,
    91, 183,
    91, 184,
    91, 186,
    130, 55,
    130, 57,
    130, 58,
    130, 60,
    130, 159,
    131, 55,
    131, 57,
    131, 58,
    131, 60,
    131, 159,
    132, 55,
    132, 57,
    132, 58,
    132, 60,
    132, 159,
    134, 55,
    134, 57,
    134, 58,
    134, 60,
    134, 159,
    159, 36,
    159, 45,
    159, 130,
    159, 131,
    159, 132,
    159, 134,
    168, 91,
    169, 91,
    170, 91,
    171, 91,
    172, 91,
    173, 91
};

/* Kerning between the respective left and right glyphs
 * 4.4 format which needs to scaled with `kern_scale`*/
static const int8_t kern_pair_values[] =
{
    -20, -34, -22, -37, -37, -13, -13, -13,
    -13, -13, -50, -34, -14, -50, -50, -23,
    -23, -23, -23, -23, -20, -30, -35, -20,
    -20, -20, -20, -33, -33, -33, -33, -33,
    -22, -22, -22, -22, -22, -37, -58, -37,
    -37, -37, -37, -25, -22, -30, -30, -30,
    -30, -30, -30, -30, -30, -30, -30, -30,
    -30, -30, -30, -20, -34, -22, -37, -37,
    -20, -34, -22, -37, -37, -20, -34, -22,
    -37, -37, -20, -34, -22, -37, -37, -37,
    -58, -37, -37, -37, -37, -22, -25, -22,
    -22, -22, -22
};

/*Collect the kern pair's data in one place*/
static const lv_font_fmt_txt_kern_pair_t kern_pairs =
{
    .glyph_ids = kern_pair_glyph_ids,
    .values = kern_pair_values,
    .pair_cnt = 91,
    .glyph_ids_size = 0
};

/*--------------------
 *  ALL CUSTOM DATA
 *--------------------*/

#if LVGL_VERSION_MAJOR == 8
/*Store all the custom data of the font*/
static  lv_font_fmt_txt_glyph_cache_t cache;
#endif

#if LVGL_VERSION_MAJOR >= 8
static const lv_font_fmt_txt_dsc_t font_dsc = {
#else
static lv_font_fmt_txt_dsc_t font_dsc = {
#endif
    .glyph_bitmap = glyph_bitmap,
    .glyph_dsc = glyph_dsc,
    .cmaps = cmaps,
    .kern_dsc = &kern_pairs,
    .kern_scale = 16,
    .cmap_num = 3,
    .bpp = 1,
    .kern_classes = 0,
    .bitmap_format = 0,
#if LVGL_VERSION_MAJOR == 8
    .cache = &cache
#endif
};



/*-----------------
 *  PUBLIC FONT
 *----------------*/

/*Initialize a public general font descriptor*/
#if LVGL_VERSION_MAJOR >= 8
const lv_font_t anton = {
#else
lv_font_t anton = {
#endif
    .get_glyph_dsc = lv_font_get_glyph_dsc_fmt_txt,    /*Function pointer to get glyph's data*/
    .get_glyph_bitmap = lv_font_get_bitmap_fmt_txt,    /*Function pointer to get glyph's bitmap*/
    .line_height = 154,          /*The maximum line height required by the font*/
    .base_line = 31,             /*Baseline measured from the bottom of the line*/
#if !(LVGL_VERSION_MAJOR == 6 && LVGL_VERSION_MINOR == 0)
    .subpx = LV_FONT_SUBPX_NONE,
#endif
#if LV_VERSION_CHECK(7, 4, 0) || LVGL_VERSION_MAJOR >= 8
    .underline_position = -15,
    .underline_thickness = 5,
#endif
    .dsc = &font_dsc,          /*The custom font data. Will be accessed by `get_glyph_bitmap/dsc` */
#if LV_VERSION_CHECK(8, 2, 0) || LVGL_VERSION_MAJOR >= 9
    .fallback = NULL,
#endif
    .user_data = NULL,
};



#endif /*#if ANTON*/

