/*******************************************************************************
 * Size: 28 px
 * Bpp: 4
 * Opts: --no-compress --bpp 4 --size 28 --format lvgl --font big.ttf -r 0x0-0x10ffff --lv-include lvgl.h -o font_big.c
 ******************************************************************************/

#ifdef LV_LVGL_H_INCLUDE_SIMPLE
#include "lvgl.h"
#else
#include "lvgl.h"
#endif

#ifndef FONT_BIG
#define FONT_BIG 1
#endif

#if FONT_BIG

/*-----------------
 *    BITMAPS
 *----------------*/

/*Store the image of the glyphs*/
static LV_ATTRIBUTE_LARGE_CONST const uint8_t glyph_bitmap[] = {
    /* U+0020 " " */

    /* U+0021 "!" */
    0x9, 0xff, 0x90, 0x9, 0xff, 0x90, 0x9, 0xff,
    0x90, 0x9, 0xff, 0x90, 0x9, 0xff, 0x90, 0x9,
    0xff, 0x90, 0x9, 0xff, 0x90, 0x9, 0xff, 0x90,
    0x9, 0xff, 0x90, 0x9, 0xff, 0x90, 0x9, 0xff,
    0x90, 0x9, 0xff, 0x90, 0x7, 0xdd, 0x70, 0x0,
    0x0, 0x0, 0x0, 0x0, 0x0, 0x0, 0x0, 0x0,
    0x9, 0xff, 0x90, 0x4f, 0xff, 0xf4, 0x7f, 0xff,
    0xf7, 0x4f, 0xff, 0xf4, 0x8, 0xff, 0x80,

    /* U+0022 "\"" */
    0x36, 0x65, 0x0, 0x56, 0x63, 0x8f, 0xfe, 0x0,
    0xef, 0xf8, 0x7f, 0xfe, 0x0, 0xef, 0xf7, 0x7f,
    0xfe, 0x0, 0xef, 0xf7, 0x7f, 0xfd, 0x0, 0xdf,
    0xf7, 0x7f, 0xfd, 0x0, 0xdf, 0xf7, 0x6f, 0xfd,
    0x0, 0xdf, 0xf6, 0x6f, 0xfc, 0x0, 0xcf, 0xf6,
    0x5f, 0xfb, 0x0, 0xbf, 0xf5, 0x4f, 0xfb, 0x0,
    0xbf, 0xf4,

    /* U+0023 "#" */
    0x0, 0x7d, 0xd7, 0x0, 0x7d, 0xd7, 0x0, 0x0,
    0x9f, 0xf9, 0x0, 0x9f, 0xf9, 0x0, 0x0, 0x9f,
    0xf9, 0x0, 0x9f, 0xf9, 0x0, 0x0, 0x9f, 0xf9,
    0x0, 0x9f, 0xf9, 0x0, 0x0, 0x9f, 0xf9, 0x0,
    0x9f, 0xf9, 0x0, 0xbf, 0xff, 0xff, 0xff, 0xff,
    0xff, 0xfb, 0xbf, 0xff, 0xff, 0xff, 0xff, 0xff,
    0xfb, 0x7b, 0xef, 0xfe, 0xbb, 0xef, 0xfe, 0xb7,
    0x0, 0x9f, 0xf9, 0x0, 0x9f, 0xf9, 0x0, 0x0,
    0x9f, 0xf9, 0x0, 0x9f, 0xf9, 0x0, 0x0, 0x9f,
    0xf9, 0x0, 0x9f, 0xf9, 0x0, 0x0, 0x9f, 0xf9,
    0x0, 0x9f, 0xf9, 0x0, 0x0, 0x9f, 0xf9, 0x0,
    0x9f, 0xf9, 0x0, 0xbf, 0xff, 0xff, 0xff, 0xff,
    0xff, 0xfb, 0xbf, 0xff, 0xff, 0xff, 0xff, 0xff,
    0xfb, 0x8b, 0xef, 0xfe, 0xbb, 0xef, 0xfe, 0xb8,
    0x0, 0x9f, 0xf9, 0x0, 0x9f, 0xf9, 0x0, 0x0,
    0x9f, 0xf9, 0x0, 0x9f, 0xf9, 0x0, 0x0, 0x9f,
    0xf9, 0x0, 0x9f, 0xf9, 0x0, 0x0, 0x9f, 0xf9,
    0x0, 0x9f, 0xf9, 0x0,

    /* U+0025 "%" */
    0x4, 0xcf, 0xfb, 0x20, 0x1, 0xff, 0xf0, 0x1f,
    0xff, 0xff, 0xd0, 0x5, 0xff, 0xb0, 0x5f, 0xf5,
    0x8f, 0xf2, 0x8, 0xff, 0x60, 0x6f, 0xf1, 0x3f,
    0xf3, 0xc, 0xff, 0x10, 0x6f, 0xf1, 0x3f, 0xf3,
    0xf, 0xfc, 0x0, 0x6f, 0xf1, 0x3f, 0xf3, 0x3f,
    0xf7, 0x0, 0x6f, 0xf1, 0x3f, 0xf3, 0x6f, 0xf2,
    0x0, 0x6f, 0xf3, 0x5f, 0xf3, 0xaf, 0xd0, 0x0,
    0x2f, 0xff, 0xff, 0xe0, 0xbd, 0x70, 0x0, 0x6,
    0xef, 0xfe, 0x40, 0x0, 0x0, 0x0, 0x0, 0x2,
    0x10, 0x1, 0xaf, 0xfb, 0x30, 0x0, 0x0, 0x0,
    0xd, 0xff, 0xff, 0xe1, 0x0, 0x8, 0xeb, 0x2f,
    0xf8, 0x6f, 0xf5, 0x0, 0xd, 0xfa, 0x3f, 0xf3,
    0x1f, 0xf6, 0x0, 0x2f, 0xf6, 0x3f, 0xf3, 0x1f,
    0xf6, 0x0, 0x7f, 0xf3, 0x3f, 0xf3, 0x1f, 0xf6,
    0x0, 0xcf, 0xf0, 0x3f, 0xf3, 0x1f, 0xf6, 0x1,
    0xff, 0xc0, 0x3f, 0xf3, 0x1f, 0xf6, 0x6, 0xff,
    0x80, 0x2f, 0xf8, 0x6f, 0xf5, 0xb, 0xff, 0x50,
    0xd, 0xff, 0xff, 0xe1, 0xf, 0xff, 0x10, 0x2,
    0xbf, 0xfc, 0x30,

    /* U+0026 "&" */
    0x0, 0x8, 0xdf, 0xe9, 0x10, 0x0, 0x0, 0xc,
    0xff, 0xff, 0xfe, 0x10, 0x0, 0x6, 0xff, 0xfc,
    0xff, 0xf9, 0x0, 0x0, 0xbf, 0xf9, 0x6, 0xff,
    0xe0, 0x0, 0xc, 0xff, 0x50, 0x2f, 0xff, 0x0,
    0x0, 0xbf, 0xf5, 0x3, 0xff, 0xf0, 0x0, 0x8,
    0xff, 0xa0, 0x8f, 0xfb, 0x0, 0x0, 0x2f, 0xff,
    0x5f, 0xff, 0x40, 0x0, 0x0, 0x9f, 0xff, 0xff,
    0xa0, 0x0, 0x0, 0x1, 0xff, 0xff, 0xb0, 0x0,
    0x0, 0x0, 0x9f, 0xff, 0xf1, 0x0, 0x0, 0x0,
    0x6f, 0xff, 0xff, 0x90, 0x27, 0x74, 0xe, 0xff,
    0xcf, 0xff, 0x2a, 0xff, 0x54, 0xff, 0xe0, 0xbf,
    0xfc, 0xff, 0xf0, 0x8f, 0xfa, 0x2, 0xff, 0xff,
    0xf9, 0x9, 0xff, 0x80, 0x9, 0xff, 0xff, 0x30,
    0x7f, 0xfb, 0x0, 0x1f, 0xff, 0xd0, 0x4, 0xff,
    0xf3, 0x1, 0xdf, 0xfe, 0x0, 0xd, 0xff, 0xfc,
    0xef, 0xff, 0xf7, 0x0, 0x4f, 0xff, 0xff, 0xe8,
    0xff, 0xe0, 0x0, 0x3b, 0xff, 0xc2, 0xe, 0xff,
    0x70,

    /* U+0028 "(" */
    0x0, 0x0, 0x0, 0x7, 0x60, 0x0, 0x0, 0x1,
    0xbf, 0xf2, 0x0, 0x0, 0x1d, 0xff, 0xf7, 0x0,
    0x0, 0xcf, 0xff, 0x50, 0x0, 0x7, 0xff, 0xf5,
    0x0, 0x0, 0x1f, 0xff, 0x80, 0x0, 0x0, 0x9f,
    0xfd, 0x0, 0x0, 0x0, 0xff, 0xf6, 0x0, 0x0,
    0x4, 0xff, 0xf0, 0x0, 0x0, 0x8, 0xff, 0xa0,
    0x0, 0x0, 0xc, 0xff, 0x60, 0x0, 0x0, 0xe,
    0xff, 0x40, 0x0, 0x0, 0xf, 0xff, 0x20, 0x0,
    0x0, 0xf, 0xff, 0x10, 0x0, 0x0, 0xf, 0xff,
    0x10, 0x0, 0x0, 0xf, 0xff, 0x10, 0x0, 0x0,
    0xf, 0xff, 0x30, 0x0, 0x0, 0xd, 0xff, 0x50,
    0x0, 0x0, 0xb, 0xff, 0x70, 0x0, 0x0, 0x7,
    0xff, 0xc0, 0x0, 0x0, 0x3, 0xff, 0xf1, 0x0,
    0x0, 0x0, 0xdf, 0xf8, 0x0, 0x0, 0x0, 0x6f,
    0xff, 0x10, 0x0, 0x0, 0xd, 0xff, 0xb0, 0x0,
    0x0, 0x4, 0xff, 0xf9, 0x0, 0x0, 0x0, 0x7f,
    0xff, 0xa0, 0x0, 0x0, 0x8, 0xff, 0xf7, 0x0,
    0x0, 0x0, 0x6f, 0xd0, 0x0, 0x0, 0x0, 0x2,
    0x30,

    /* U+0029 ")" */
    0x6, 0x70, 0x0, 0x0, 0x0, 0x2f, 0xfb, 0x10,
    0x0, 0x0, 0x7f, 0xff, 0xd1, 0x0, 0x0, 0x5,
    0xff, 0xfc, 0x0, 0x0, 0x0, 0x5f, 0xff, 0x70,
    0x0, 0x0, 0x8, 0xff, 0xf1, 0x0, 0x0, 0x0,
    0xdf, 0xf9, 0x0, 0x0, 0x0, 0x6f, 0xff, 0x0,
    0x0, 0x0, 0xf, 0xff, 0x40, 0x0, 0x0, 0xa,
    0xff, 0x80, 0x0, 0x0, 0x7, 0xff, 0xc0, 0x0,
    0x0, 0x4, 0xff, 0xe0, 0x0, 0x0, 0x2, 0xff,
    0xf0, 0x0, 0x0, 0x1, 0xff, 0xf0, 0x0, 0x0,
    0x1, 0xff, 0xf0, 0x0, 0x0, 0x1, 0xff, 0xf0,
    0x0, 0x0, 0x3, 0xff, 0xf0, 0x0, 0x0, 0x5,
    0xff, 0xd0, 0x0, 0x0, 0x7, 0xff, 0xb0, 0x0,
    0x0, 0xc, 0xff, 0x70, 0x0, 0x0, 0x1f, 0xff,
    0x30, 0x0, 0x0, 0x8f, 0xfd, 0x0, 0x0, 0x1,
    0xff, 0xf6, 0x0, 0x0, 0xc, 0xff, 0xd0, 0x0,
    0x0, 0x9f, 0xff, 0x40, 0x0, 0xa, 0xff, 0xf7,
    0x0, 0x0, 0x8f, 0xff, 0x80, 0x0, 0x0, 0xd,
    0xf6, 0x0, 0x0, 0x0, 0x3, 0x20, 0x0, 0x0,
    0x0,

    /* U+002A "*" */
    0x0, 0x0, 0x8, 0xff, 0x80, 0x0, 0x0, 0x0,
    0x0, 0x7, 0xff, 0x70, 0x0, 0x0, 0x0, 0x0,
    0x6, 0xff, 0x60, 0x0, 0x0, 0x5, 0xe9, 0x26,
    0xff, 0x62, 0x9e, 0x50, 0xb, 0xff, 0xfe, 0xff,
    0xef, 0xff, 0xb0, 0x9, 0xdf, 0xff, 0xff, 0xff,
    0xfd, 0x90, 0x0, 0x2, 0x7f, 0xff, 0xf7, 0x20,
    0x0, 0x0, 0x0, 0xbf, 0xff, 0xfb, 0x0, 0x0,
    0x0, 0x8, 0xff, 0xcc, 0xff, 0x80, 0x0, 0x0,
    0x5f, 0xff, 0x22, 0xff, 0xf5, 0x0, 0x0, 0x2c,
    0xf8, 0x0, 0x8f, 0xc2, 0x0, 0x0, 0x0, 0x50,
    0x0, 0x5, 0x0, 0x0,

    /* U+002B "+" */
    0x0, 0x0, 0x25, 0x52, 0x0, 0x0, 0x0, 0x0,
    0x9f, 0xf9, 0x0, 0x0, 0x0, 0x0, 0x9f, 0xf9,
    0x0, 0x0, 0x0, 0x0, 0x9f, 0xf9, 0x0, 0x0,
    0x0, 0x0, 0x9f, 0xf9, 0x0, 0x0, 0x5f, 0xff,
    0xff, 0xff, 0xff, 0xf5, 0x5f, 0xff, 0xff, 0xff,
    0xff, 0xf5, 0x4b, 0xbb, 0xef, 0xfe, 0xbb, 0xb4,
    0x0, 0x0, 0x9f, 0xf9, 0x0, 0x0, 0x0, 0x0,
    0x9f, 0xf9, 0x0, 0x0, 0x0, 0x0, 0x9f, 0xf9,
    0x0, 0x0, 0x0, 0x0, 0x9f, 0xf9, 0x0, 0x0,

    /* U+002C "," */
    0x0, 0x27, 0x72, 0x0, 0x3f, 0xff, 0xf3, 0xa,
    0xff, 0xff, 0xa0, 0xbf, 0xff, 0xfb, 0x7, 0xff,
    0xff, 0xa0, 0x9, 0xff, 0xf7, 0x0, 0x5, 0xff,
    0x20, 0x0, 0xef, 0xb0, 0x0, 0xbf, 0xf3, 0x0,
    0xaf, 0xfa, 0x0, 0xb, 0xfd, 0x10, 0x0, 0x9,
    0x20, 0x0,

    /* U+002D "-" */
    0x4b, 0xbb, 0xbb, 0xbb, 0xbb, 0xb4, 0x5f, 0xff,
    0xff, 0xff, 0xff, 0xf5, 0x5f, 0xff, 0xff, 0xff,
    0xff, 0xf5,

    /* U+002E "." */
    0x2, 0x77, 0x20, 0x3f, 0xff, 0xf3, 0xaf, 0xff,
    0xfa, 0xbf, 0xff, 0xfb, 0x7f, 0xff, 0xf7, 0x9,
    0xff, 0x90,

    /* U+002F "/" */
    0x0, 0x0, 0x0, 0x0, 0x58, 0x84, 0x0, 0x0,
    0x0, 0x0, 0xef, 0xf4, 0x0, 0x0, 0x0, 0x2,
    0xff, 0xf0, 0x0, 0x0, 0x0, 0x7, 0xff, 0xb0,
    0x0, 0x0, 0x0, 0xc, 0xff, 0x60, 0x0, 0x0,
    0x0, 0x1f, 0xff, 0x20, 0x0, 0x0, 0x0, 0x5f,
    0xfd, 0x0, 0x0, 0x0, 0x0, 0xaf, 0xf8, 0x0,
    0x0, 0x0, 0x0, 0xef, 0xf4, 0x0, 0x0, 0x0,
    0x3, 0xff, 0xf0, 0x0, 0x0, 0x0, 0x8, 0xff,
    0xa0, 0x0, 0x0, 0x0, 0xc, 0xff, 0x60, 0x0,
    0x0, 0x0, 0x1f, 0xff, 0x10, 0x0, 0x0, 0x0,
    0x6f, 0xfd, 0x0, 0x0, 0x0, 0x0, 0xaf, 0xf8,
    0x0, 0x0, 0x0, 0x0, 0xff, 0xf3, 0x0, 0x0,
    0x0, 0x4, 0xff, 0xe0, 0x0, 0x0, 0x0, 0x8,
    0xff, 0xa0, 0x0, 0x0, 0x0, 0xd, 0xff, 0x50,
    0x0, 0x0, 0x0, 0x1f, 0xff, 0x10, 0x0, 0x0,
    0x0, 0x6f, 0xfc, 0x0, 0x0, 0x0, 0x0, 0xbf,
    0xf7, 0x0, 0x0, 0x0, 0x0, 0xff, 0xf3, 0x0,
    0x0, 0x0, 0x4, 0xff, 0xe0, 0x0, 0x0, 0x0,
    0x9, 0xff, 0x90, 0x0, 0x0, 0x0, 0xd, 0xff,
    0x50, 0x0, 0x0, 0x0, 0x2f, 0xff, 0x0, 0x0,
    0x0, 0x0, 0x7f, 0xfb, 0x0, 0x0, 0x0, 0x0,

    /* U+0030 "0" */
    0x0, 0x18, 0xdf, 0xfd, 0x81, 0x0, 0x2, 0xef,
    0xff, 0xff, 0xfe, 0x20, 0xc, 0xff, 0xfc, 0xcf,
    0xff, 0xc0, 0x3f, 0xff, 0x40, 0x4, 0xff, 0xf3,
    0x7f, 0xfb, 0x0, 0x0, 0xbf, 0xf7, 0x9f, 0xf8,
    0x0, 0x0, 0x8f, 0xf9, 0x9f, 0xf8, 0x0, 0x0,
    0x8f, 0xf9, 0x9f, 0xf8, 0x0, 0x1, 0xdf, 0xf9,
    0x9f, 0xf8, 0x0, 0x4e, 0xff, 0xf9, 0x9f, 0xf8,
    0x7, 0xff, 0xff, 0xf9, 0x9f, 0xf9, 0xaf, 0xfa,
    0x9f, 0xf9, 0x9f, 0xff, 0xff, 0x70, 0x8f, 0xf9,
    0x9f, 0xff, 0xe3, 0x0, 0x8f, 0xf9, 0x9f, 0xfc,
    0x10, 0x0, 0x8f, 0xf9, 0x9f, 0xf8, 0x0, 0x0,
    0x8f, 0xf9, 0x9f, 0xf8, 0x0, 0x0, 0x8f, 0xf9,
    0x7f, 0xfb, 0x0, 0x0, 0xbf, 0xf7, 0x3f, 0xff,
    0x50, 0x5, 0xff, 0xf3, 0xc, 0xff, 0xfd, 0xdf,
    0xff, 0xc0, 0x2, 0xef, 0xff, 0xff, 0xfe, 0x20,
    0x0, 0x18, 0xdf, 0xfd, 0x81, 0x0,

    /* U+0031 "1" */
    0x0, 0x0, 0x5f, 0xff, 0x60, 0x0, 0x8f, 0xff,
    0xf6, 0x1, 0xbf, 0xff, 0xff, 0x62, 0xdf, 0xf9,
    0xcf, 0xf6, 0x1d, 0xf6, 0xb, 0xff, 0x60, 0x23,
    0x0, 0xbf, 0xf6, 0x0, 0x0, 0xb, 0xff, 0x60,
    0x0, 0x0, 0xbf, 0xf6, 0x0, 0x0, 0xb, 0xff,
    0x60, 0x0, 0x0, 0xbf, 0xf6, 0x0, 0x0, 0xb,
    0xff, 0x60, 0x0, 0x0, 0xbf, 0xf6, 0x0, 0x0,
    0xb, 0xff, 0x60, 0x0, 0x0, 0xbf, 0xf6, 0x0,
    0x0, 0xb, 0xff, 0x60, 0x0, 0x0, 0xbf, 0xf6,
    0x0, 0x0, 0xb, 0xff, 0x60, 0x0, 0x0, 0xbf,
    0xf6, 0x0, 0x0, 0xb, 0xff, 0x60, 0x0, 0x0,
    0xbf, 0xf6, 0x0, 0x0, 0xb, 0xff, 0x60,

    /* U+0032 "2" */
    0x0, 0x8, 0xdf, 0xfd, 0x80, 0x0, 0x1, 0xdf,
    0xff, 0xff, 0xfd, 0x10, 0xb, 0xff, 0xfc, 0xcf,
    0xff, 0xa0, 0x2f, 0xff, 0x50, 0x5, 0xff, 0xf2,
    0x5f, 0xfd, 0x0, 0x0, 0xdf, 0xf5, 0x27, 0x75,
    0x0, 0x0, 0xaf, 0xf7, 0x0, 0x0, 0x0, 0x0,
    0xbf, 0xf6, 0x0, 0x0, 0x0, 0x0, 0xef, 0xf4,
    0x0, 0x0, 0x0, 0x5, 0xff, 0xf0, 0x0, 0x0,
    0x0, 0x3f, 0xff, 0x70, 0x0, 0x0, 0x5, 0xff,
    0xfc, 0x0, 0x0, 0x0, 0x8f, 0xff, 0xb0, 0x0,
    0x0, 0x9, 0xff, 0xfa, 0x0, 0x0, 0x0, 0x6f,
    0xff, 0x90, 0x0, 0x0, 0x1, 0xff, 0xfa, 0x0,
    0x0, 0x0, 0x8, 0xff, 0xe1, 0x0, 0x0, 0x0,
    0xd, 0xff, 0x70, 0x0, 0x0, 0x0, 0x1f, 0xff,
    0x20, 0x0, 0x0, 0x0, 0x3f, 0xff, 0xbb, 0xbb,
    0xbb, 0xb4, 0x5f, 0xff, 0xff, 0xff, 0xff, 0xf5,
    0x5f, 0xff, 0xff, 0xff, 0xff, 0xf5,

    /* U+0033 "3" */
    0x0, 0x7, 0xdf, 0xfd, 0x80, 0x0, 0x0, 0xbf,
    0xff, 0xff, 0xfd, 0x10, 0x8, 0xff, 0xfd, 0xcf,
    0xff, 0x90, 0xe, 0xff, 0x80, 0x6, 0xff, 0xf0,
    0x1f, 0xff, 0x10, 0x0, 0xef, 0xf4, 0x16, 0x65,
    0x0, 0x0, 0xcf, 0xf5, 0x0, 0x0, 0x0, 0x0,
    0xdf, 0xf4, 0x0, 0x0, 0x0, 0x2, 0xff, 0xf1,
    0x0, 0x0, 0x0, 0x4d, 0xff, 0x90, 0x0, 0x0,
    0x1f, 0xff, 0xfb, 0x0, 0x0, 0x0, 0x1f, 0xff,
    0xf4, 0x0, 0x0, 0x0, 0xc, 0xef, 0xff, 0x50,
    0x0, 0x0, 0x0, 0x7, 0xff, 0xf1, 0x0, 0x0,
    0x0, 0x0, 0xbf, 0xf8, 0x0, 0x0, 0x0, 0x0,
    0x6f, 0xfb, 0x35, 0x52, 0x0, 0x0, 0x5f, 0xfc,
    0x8f, 0xfa, 0x0, 0x0, 0x8f, 0xfa, 0x5f, 0xff,
    0x30, 0x3, 0xff, 0xf6, 0xd, 0xff, 0xfc, 0xcf,
    0xff, 0xe0, 0x2, 0xef, 0xff, 0xff, 0xff, 0x30,
    0x0, 0x18, 0xdf, 0xfd, 0x91, 0x0,

    /* U+0034 "4" */
    0x0, 0x0, 0x3, 0xff, 0xfd, 0x0, 0x0, 0x0,
    0xa, 0xff, 0xfd, 0x0, 0x0, 0x0, 0x1f, 0xff,
    0xfd, 0x0, 0x0, 0x0, 0x8f, 0xff, 0xfd, 0x0,
    0x0, 0x0, 0xef, 0xff, 0xfd, 0x0, 0x0, 0x5,
    0xff, 0xff, 0xfd, 0x0, 0x0, 0xc, 0xff, 0x9f,
    0xfd, 0x0, 0x0, 0x3f, 0xfd, 0x4f, 0xfd, 0x0,
    0x0, 0xaf, 0xf7, 0x4f, 0xfd, 0x0, 0x1, 0xff,
    0xf0, 0x4f, 0xfd, 0x0, 0x8, 0xff, 0x90, 0x4f,
    0xfd, 0x0, 0xe, 0xff, 0x20, 0x4f, 0xfd, 0x0,
    0x6f, 0xfb, 0x0, 0x4f, 0xfd, 0x0, 0x9f, 0xff,
    0xff, 0xff, 0xff, 0xf5, 0x9f, 0xff, 0xff, 0xff,
    0xff, 0xf5, 0x6b, 0xbb, 0xbb, 0xcf, 0xff, 0xb3,
    0x0, 0x0, 0x0, 0x4f, 0xfd, 0x0, 0x0, 0x0,
    0x0, 0x4f, 0xfd, 0x0, 0x0, 0x0, 0x0, 0x4f,
    0xfd, 0x0, 0x0, 0x0, 0x0, 0x4f, 0xfd, 0x0,
    0x0, 0x0, 0x0, 0x4f, 0xfd, 0x0,

    /* U+0035 "5" */
    0x2f, 0xff, 0xff, 0xff, 0xff, 0xd0, 0x2f, 0xff,
    0xff, 0xff, 0xff, 0xd0, 0x2f, 0xff, 0xbb, 0xbb,
    0xbb, 0x90, 0x2f, 0xff, 0x0, 0x0, 0x0, 0x0,
    0x2f, 0xff, 0x0, 0x0, 0x0, 0x0, 0x2f, 0xff,
    0x0, 0x0, 0x0, 0x0, 0x2f, 0xff, 0x0, 0x0,
    0x0, 0x0, 0x2f, 0xff, 0x8b, 0xb8, 0x30, 0x0,
    0x2f, 0xff, 0xff, 0xff, 0xf9, 0x0, 0x2f, 0xff,
    0xff, 0xff, 0xff, 0x60, 0x2f, 0xff, 0xc2, 0x1a,
    0xff, 0xe0, 0x2f, 0xff, 0x20, 0x0, 0xef, 0xf4,
    0x18, 0x88, 0x0, 0x0, 0xbf, 0xf7, 0x0, 0x0,
    0x0, 0x0, 0x9f, 0xf8, 0x0, 0x0, 0x0, 0x0,
    0x8f, 0xf9, 0x13, 0x32, 0x0, 0x0, 0xaf, 0xf8,
    0x4f, 0xfe, 0x0, 0x0, 0xef, 0xf5, 0xf, 0xff,
    0x70, 0x7, 0xff, 0xf1, 0x8, 0xff, 0xfd, 0xdf,
    0xff, 0x90, 0x0, 0xbf, 0xff, 0xff, 0xfc, 0x0,
    0x0, 0x7, 0xdf, 0xfd, 0x70, 0x0,

    /* U+0036 "6" */
    0x0, 0x0, 0xb, 0xff, 0xa0, 0x0, 0x0, 0x0,
    0x3f, 0xff, 0x30, 0x0, 0x0, 0x0, 0xbf, 0xfb,
    0x0, 0x0, 0x0, 0x2, 0xff, 0xf4, 0x0, 0x0,
    0x0, 0xa, 0xff, 0xc0, 0x0, 0x0, 0x0, 0x2f,
    0xff, 0x50, 0x0, 0x0, 0x0, 0x9f, 0xfd, 0x0,
    0x0, 0x0, 0x1, 0xff, 0xf5, 0x0, 0x0, 0x0,
    0x7, 0xff, 0xff, 0xfd, 0x80, 0x0, 0xd, 0xff,
    0xff, 0xff, 0xfc, 0x10, 0x2f, 0xff, 0xfc, 0xcf,
    0xff, 0xa0, 0x6f, 0xff, 0x60, 0x5, 0xff, 0xf1,
    0x8f, 0xfd, 0x0, 0x0, 0xdf, 0xf6, 0x9f, 0xf9,
    0x0, 0x0, 0x9f, 0xf8, 0x8f, 0xf9, 0x0, 0x0,
    0x8f, 0xf9, 0x7f, 0xfa, 0x0, 0x0, 0x9f, 0xf8,
    0x4f, 0xfd, 0x0, 0x0, 0xdf, 0xf6, 0xe, 0xff,
    0x60, 0x6, 0xff, 0xf1, 0x7, 0xff, 0xfd, 0xdf,
    0xff, 0x90, 0x0, 0xaf, 0xff, 0xff, 0xfc, 0x10,
    0x0, 0x6, 0xcf, 0xfd, 0x80, 0x0,

    /* U+0037 "7" */
    0x5f, 0xff, 0xff, 0xff, 0xff, 0xf5, 0x5f, 0xff,
    0xff, 0xff, 0xff, 0xf5, 0x4b, 0xbb, 0xbb, 0xbb,
    0xff, 0xf5, 0x0, 0x0, 0x0, 0x1, 0xff, 0xf1,
    0x0, 0x0, 0x0, 0x6, 0xff, 0xd0, 0x0, 0x0,
    0x0, 0xa, 0xff, 0x80, 0x0, 0x0, 0x0, 0xf,
    0xff, 0x30, 0x0, 0x0, 0x0, 0x4f, 0xfe, 0x0,
    0x0, 0x0, 0x0, 0x9f, 0xfa, 0x0, 0x0, 0x0,
    0x0, 0xdf, 0xf5, 0x0, 0x0, 0x0, 0x2, 0xff,
    0xf1, 0x0, 0x0, 0x0, 0x7, 0xff, 0xc0, 0x0,
    0x0, 0x0, 0xb, 0xff, 0x70, 0x0, 0x0, 0x0,
    0xf, 0xff, 0x30, 0x0, 0x0, 0x0, 0x5f, 0xfe,
    0x0, 0x0, 0x0, 0x0, 0x9f, 0xf9, 0x0, 0x0,
    0x0, 0x0, 0xef, 0xf5, 0x0, 0x0, 0x0, 0x3,
    0xff, 0xf0, 0x0, 0x0, 0x0, 0x7, 0xff, 0xb0,
    0x0, 0x0, 0x0, 0xc, 0xff, 0x70, 0x0, 0x0,
    0x0, 0x1f, 0xff, 0x20, 0x0, 0x0,

    /* U+0038 "8" */
    0x0, 0x7, 0xdf, 0xfd, 0x70, 0x0, 0x0, 0xcf,
    0xff, 0xff, 0xfc, 0x0, 0x8, 0xff, 0xfd, 0xdf,
    0xff, 0x80, 0xe, 0xff, 0x80, 0x8, 0xff, 0xe0,
    0x1f, 0xff, 0x10, 0x1, 0xff, 0xf1, 0x1f, 0xff,
    0x0, 0x0, 0xff, 0xf1, 0xf, 0xff, 0x20, 0x2,
    0xff, 0xf0, 0xa, 0xff, 0x90, 0x9, 0xff, 0xa0,
    0x2, 0xef, 0xfd, 0xdf, 0xfe, 0x20, 0x0, 0x3f,
    0xff, 0xff, 0xf3, 0x0, 0x1, 0xdf, 0xff, 0xff,
    0xfd, 0x10, 0xb, 0xff, 0xb1, 0x1b, 0xff, 0xb0,
    0x2f, 0xff, 0x10, 0x1, 0xff, 0xf2, 0x6f, 0xfb,
    0x0, 0x0, 0xbf, 0xf6, 0x8f, 0xf8, 0x0, 0x0,
    0x8f, 0xf8, 0x8f, 0xf9, 0x0, 0x0, 0x9f, 0xf8,
    0x7f, 0xfc, 0x0, 0x0, 0xcf, 0xf6, 0x2f, 0xff,
    0x60, 0x6, 0xff, 0xf2, 0xa, 0xff, 0xfd, 0xdf,
    0xff, 0xa0, 0x1, 0xdf, 0xff, 0xff, 0xfd, 0x10,
    0x0, 0x7, 0xdf, 0xfd, 0x70, 0x0,

    /* U+0039 "9" */
    0x0, 0x8, 0xdf, 0xfc, 0x60, 0x0, 0x1, 0xdf,
    0xff, 0xff, 0xfa, 0x0, 0xa, 0xff, 0xfc, 0xcf,
    0xff, 0x70, 0x1f, 0xff, 0x60, 0x6, 0xff, 0xe0,
    0x6f, 0xfd, 0x0, 0x0, 0xdf, 0xf4, 0x8f, 0xf9,
    0x0, 0x0, 0xaf, 0xf7, 0x9f, 0xf8, 0x0, 0x0,
    0x9f, 0xf8, 0x8f, 0xf9, 0x0, 0x0, 0xaf, 0xf9,
    0x6f, 0xfd, 0x0, 0x0, 0xdf, 0xf8, 0x1f, 0xff,
    0x60, 0x6, 0xff, 0xf6, 0xa, 0xff, 0xfd, 0xdf,
    0xff, 0xf2, 0x1, 0xcf, 0xff, 0xff, 0xff, 0xd0,
    0x0, 0x8, 0xdf, 0xff, 0xff, 0x70, 0x0, 0x0,
    0x0, 0x5f, 0xff, 0x10, 0x0, 0x0, 0x0, 0xdf,
    0xf9, 0x0, 0x0, 0x0, 0x4, 0xff, 0xf2, 0x0,
    0x0, 0x0, 0xc, 0xff, 0xa0, 0x0, 0x0, 0x0,
    0x3f, 0xff, 0x20, 0x0, 0x0, 0x0, 0xbf, 0xfb,
    0x0, 0x0, 0x0, 0x3, 0xff, 0xf3, 0x0, 0x0,
    0x0, 0xa, 0xff, 0xb0, 0x0, 0x0,

    /* U+003A ":" */
    0x9, 0xff, 0x90, 0x7f, 0xff, 0xf7, 0xbf, 0xff,
    0xfb, 0xaf, 0xff, 0xfa, 0x3f, 0xff, 0xf3, 0x2,
    0x77, 0x20, 0x0, 0x0, 0x0, 0x0, 0x0, 0x0,
    0x0, 0x0, 0x0, 0x2, 0x77, 0x20, 0x3f, 0xff,
    0xf3, 0xaf, 0xff, 0xfa, 0xbf, 0xff, 0xfb, 0x7f,
    0xff, 0xf7, 0x9, 0xff, 0x90,

    /* U+003B ";" */
    0x0, 0x9f, 0xf9, 0x0, 0x7f, 0xff, 0xf7, 0xb,
    0xff, 0xff, 0xb0, 0xaf, 0xff, 0xfa, 0x3, 0xff,
    0xff, 0x30, 0x2, 0x77, 0x20, 0x0, 0x0, 0x0,
    0x0, 0x0, 0x0, 0x0, 0x0, 0x0, 0x0, 0x0,
    0x2, 0x77, 0x20, 0x3, 0xff, 0xff, 0x30, 0xaf,
    0xff, 0xfa, 0xb, 0xff, 0xff, 0xb0, 0x7f, 0xff,
    0xfa, 0x0, 0x9f, 0xff, 0x70, 0x0, 0x5f, 0xf2,
    0x0, 0xe, 0xfb, 0x0, 0xb, 0xff, 0x30, 0xa,
    0xff, 0xa0, 0x0, 0xbf, 0xd1, 0x0, 0x0, 0x92,
    0x0, 0x0,

    /* U+003C "<" */
    0x0, 0x0, 0x0, 0x0, 0x0, 0x40, 0x0, 0x0,
    0x0, 0x0, 0x3, 0xdf, 0x30, 0x0, 0x0, 0x0,
    0x9, 0xff, 0xfd, 0x0, 0x0, 0x0, 0x5e, 0xff,
    0xfd, 0x30, 0x0, 0x1, 0xaf, 0xff, 0xf7, 0x0,
    0x0, 0x6, 0xff, 0xff, 0xb2, 0x0, 0x0, 0x2c,
    0xff, 0xfe, 0x50, 0x0, 0x0, 0x5, 0xff, 0xf9,
    0x0, 0x0, 0x0, 0x0, 0x5f, 0xfa, 0x0, 0x0,
    0x0, 0x0, 0x5, 0xff, 0xfd, 0x40, 0x0, 0x0,
    0x0, 0x7, 0xff, 0xff, 0xa1, 0x0, 0x0, 0x0,
    0x2, 0xbf, 0xff, 0xf6, 0x0, 0x0, 0x0, 0x0,
    0x6e, 0xff, 0xfc, 0x30, 0x0, 0x0, 0x0, 0x1a,
    0xff, 0xff, 0x90, 0x0, 0x0, 0x0, 0x4, 0xdf,
    0xfb, 0x0, 0x0, 0x0, 0x0, 0x0, 0x8e, 0x10,
    0x0, 0x0, 0x0, 0x0, 0x0, 0x0, 0x0,

    /* U+003D "=" */
    0x5f, 0xff, 0xff, 0xff, 0xff, 0xf5, 0x5f, 0xff,
    0xff, 0xff, 0xff, 0xf5, 0x4b, 0xbb, 0xbb, 0xbb,
    0xbb, 0xb4, 0x0, 0x0, 0x0, 0x0, 0x0, 0x0,
    0x0, 0x0, 0x0, 0x0, 0x0, 0x0, 0x3b, 0xbb,
    0xbb, 0xbb, 0xbb, 0xb3, 0x5f, 0xff, 0xff, 0xff,
    0xff, 0xf5, 0x5f, 0xff, 0xff, 0xff, 0xff, 0xf5,

    /* U+003E ">" */
    0x0, 0x40, 0x0, 0x0, 0x0, 0x0, 0x0, 0x3f,
    0xd3, 0x0, 0x0, 0x0, 0x0, 0xd, 0xff, 0xf9,
    0x0, 0x0, 0x0, 0x0, 0x3d, 0xff, 0xfe, 0x50,
    0x0, 0x0, 0x0, 0x7, 0xff, 0xff, 0xa1, 0x0,
    0x0, 0x0, 0x2, 0xbf, 0xff, 0xf6, 0x0, 0x0,
    0x0, 0x0, 0x5e, 0xff, 0xfc, 0x20, 0x0, 0x0,
    0x0, 0x9, 0xff, 0xf5, 0x0, 0x0, 0x0, 0x0,
    0xa, 0xff, 0x50, 0x0, 0x0, 0x0, 0x4d, 0xff,
    0xf5, 0x0, 0x0, 0x1, 0xaf, 0xff, 0xf7, 0x0,
    0x0, 0x6, 0xff, 0xff, 0xb2, 0x0, 0x0, 0x3c,
    0xff, 0xfe, 0x60, 0x0, 0x0, 0x9f, 0xff, 0xfa,
    0x10, 0x0, 0x0, 0xb, 0xff, 0xd4, 0x0, 0x0,
    0x0, 0x0, 0x1e, 0x80, 0x0, 0x0, 0x0, 0x0,
    0x0, 0x0, 0x0, 0x0, 0x0, 0x0, 0x0,

    /* U+0041 "A" */
    0x0, 0x0, 0xef, 0xfe, 0x0, 0x0, 0x0, 0x1,
    0xff, 0xff, 0x10, 0x0, 0x0, 0x4, 0xff, 0xff,
    0x40, 0x0, 0x0, 0x7, 0xff, 0xff, 0x70, 0x0,
    0x0, 0xb, 0xff, 0xff, 0xb0, 0x0, 0x0, 0xe,
    0xff, 0xff, 0xe0, 0x0, 0x0, 0x1f, 0xfc, 0xcf,
    0xf1, 0x0, 0x0, 0x4f, 0xf9, 0x9f, 0xf4, 0x0,
    0x0, 0x7f, 0xf6, 0x6f, 0xf7, 0x0, 0x0, 0xaf,
    0xf3, 0x3f, 0xfa, 0x0, 0x0, 0xef, 0xf0, 0xf,
    0xfe, 0x0, 0x1, 0xff, 0xd0, 0xd, 0xff, 0x10,
    0x4, 0xff, 0xb0, 0xb, 0xff, 0x40, 0x7, 0xff,
    0xeb, 0xbe, 0xff, 0x70, 0xa, 0xff, 0xff, 0xff,
    0xff, 0xa0, 0xe, 0xff, 0xff, 0xff, 0xff, 0xe0,
    0x1f, 0xff, 0x0, 0x0, 0xff, 0xf1, 0x4f, 0xfd,
    0x0, 0x0, 0xdf, 0xf4, 0x7f, 0xfa, 0x0, 0x0,
    0xaf, 0xf7, 0xaf, 0xf7, 0x0, 0x0, 0x7f, 0xfa,
    0xdf, 0xf5, 0x0, 0x0, 0x5f, 0xfd,

    /* U+0042 "B" */
    0x5f, 0xff, 0xff, 0xeb, 0x40, 0x0, 0x5f, 0xff,
    0xff, 0xff, 0xf8, 0x0, 0x5f, 0xff, 0xbb, 0xef,
    0xff, 0x40, 0x5f, 0xfc, 0x0, 0xc, 0xff, 0xb0,
    0x5f, 0xfc, 0x0, 0x4, 0xff, 0xe0, 0x5f, 0xfc,
    0x0, 0x1, 0xff, 0xf0, 0x5f, 0xfc, 0x0, 0x1,
    0xff, 0xf0, 0x5f, 0xfc, 0x0, 0x5, 0xff, 0xd0,
    0x5f, 0xfc, 0x0, 0x3e, 0xff, 0x70, 0x5f, 0xff,
    0xff, 0xff, 0xfb, 0x0, 0x5f, 0xff, 0xff, 0xff,
    0xf6, 0x0, 0x5f, 0xfe, 0xbb, 0xdf, 0xff, 0x90,
    0x5f, 0xfc, 0x0, 0x4, 0xff, 0xf4, 0x5f, 0xfc,
    0x0, 0x0, 0x9f, 0xf9, 0x5f, 0xfc, 0x0, 0x0,
    0x5f, 0xfc, 0x5f, 0xfc, 0x0, 0x0, 0x5f, 0xfc,
    0x5f, 0xfc, 0x0, 0x0, 0x9f, 0xfa, 0x5f, 0xfc,
    0x0, 0x4, 0xff, 0xf6, 0x5f, 0xff, 0xbb, 0xdf,
    0xff, 0xd0, 0x5f, 0xff, 0xff, 0xff, 0xfe, 0x20,
    0x5f, 0xff, 0xff, 0xfc, 0x70, 0x0,

    /* U+0043 "C" */
    0x0, 0x18, 0xdf, 0xfd, 0x80, 0x0, 0x2, 0xef,
    0xff, 0xff, 0xfd, 0x10, 0xc, 0xff, 0xfc, 0xcf,
    0xff, 0xa0, 0x3f, 0xff, 0x40, 0x5, 0xff, 0xf1,
    0x7f, 0xfc, 0x0, 0x0, 0xdf, 0xf5, 0x9f, 0xf8,
    0x0, 0x0, 0x46, 0x62, 0x9f, 0xf8, 0x0, 0x0,
    0x0, 0x0, 0x9f, 0xf8, 0x0, 0x0, 0x0, 0x0,
    0x9f, 0xf8, 0x0, 0x0, 0x0, 0x0, 0x9f, 0xf8,
    0x0, 0x0, 0x0, 0x0, 0x9f, 0xf8, 0x0, 0x0,
    0x0, 0x0, 0x9f, 0xf8, 0x0, 0x0, 0x0, 0x0,
    0x9f, 0xf8, 0x0, 0x0, 0x0, 0x0, 0x9f, 0xf8,
    0x0, 0x0, 0x0, 0x0, 0x9f, 0xf8, 0x0, 0x0,
    0x0, 0x0, 0x8f, 0xf8, 0x0, 0x0, 0x46, 0x62,
    0x7f, 0xfc, 0x0, 0x0, 0xdf, 0xf5, 0x3f, 0xff,
    0x40, 0x5, 0xff, 0xf1, 0xc, 0xff, 0xfc, 0xdf,
    0xff, 0xa0, 0x2, 0xef, 0xff, 0xff, 0xfd, 0x10,
    0x0, 0x18, 0xdf, 0xfd, 0x70, 0x0,

    /* U+0044 "D" */
    0x5f, 0xff, 0xff, 0xea, 0x40, 0x0, 0x5f, 0xff,
    0xff, 0xff, 0xf9, 0x0, 0x5f, 0xff, 0xbc, 0xff,
    0xff, 0x80, 0x5f, 0xfc, 0x0, 0x1a, 0xff, 0xf1,
    0x5f, 0xfc, 0x0, 0x0, 0xef, 0xf5, 0x5f, 0xfc,
    0x0, 0x0, 0xaf, 0xf8, 0x5f, 0xfc, 0x0, 0x0,
    0x8f, 0xf9, 0x5f, 0xfc, 0x0, 0x0, 0x8f, 0xf9,
    0x5f, 0xfc, 0x0, 0x0, 0x8f, 0xf9, 0x5f, 0xfc,
    0x0, 0x0, 0x8f, 0xf9, 0x5f, 0xfc, 0x0, 0x0,
    0x8f, 0xf9, 0x5f, 0xfc, 0x0, 0x0, 0x8f, 0xf9,
    0x5f, 0xfc, 0x0, 0x0, 0x8f, 0xf9, 0x5f, 0xfc,
    0x0, 0x0, 0x8f, 0xf9, 0x5f, 0xfc, 0x0, 0x0,
    0x8f, 0xf9, 0x5f, 0xfc, 0x0, 0x0, 0xaf, 0xf8,
    0x5f, 0xfc, 0x0, 0x0, 0xef, 0xf5, 0x5f, 0xfc,
    0x0, 0xa, 0xff, 0xf1, 0x5f, 0xff, 0xbc, 0xff,
    0xff, 0x80, 0x5f, 0xff, 0xff, 0xff, 0xf9, 0x0,
    0x5f, 0xff, 0xff, 0xea, 0x40, 0x0,

    /* U+0045 "E" */
    0x2f, 0xff, 0xff, 0xff, 0xff, 0xf5, 0x2f, 0xff,
    0xff, 0xff, 0xff, 0xf5, 0x2f, 0xff, 0xbb, 0xbb,
    0xbb, 0xb4, 0x2f, 0xff, 0x0, 0x0, 0x0, 0x0,
    0x2f, 0xff, 0x0, 0x0, 0x0, 0x0, 0x2f, 0xff,
    0x0, 0x0, 0x0, 0x0, 0x2f, 0xff, 0x0, 0x0,
    0x0, 0x0, 0x2f, 0xff, 0x0, 0x0, 0x0, 0x0,
    0x2f, 0xff, 0x0, 0x0, 0x0, 0x0, 0x2f, 0xff,
    0xff, 0xff, 0xfc, 0x0, 0x2f, 0xff, 0xff, 0xff,
    0xfc, 0x0, 0x2f, 0xff, 0xbb, 0xbb, 0xb8, 0x0,
    0x2f, 0xff, 0x0, 0x0, 0x0, 0x0, 0x2f, 0xff,
    0x0, 0x0, 0x0, 0x0, 0x2f, 0xff, 0x0, 0x0,
    0x0, 0x0, 0x2f, 0xff, 0x0, 0x0, 0x0, 0x0,
    0x2f, 0xff, 0x0, 0x0, 0x0, 0x0, 0x2f, 0xff,
    0x0, 0x0, 0x0, 0x0, 0x2f, 0xff, 0xbb, 0xbb,
    0xbb, 0xb4, 0x2f, 0xff, 0xff, 0xff, 0xff, 0xf5,
    0x2f, 0xff, 0xff, 0xff, 0xff, 0xf5,

    /* U+0046 "F" */
    0x8f, 0xff, 0xff, 0xff, 0xff, 0x58, 0xff, 0xff,
    0xff, 0xff, 0xf5, 0x8f, 0xfe, 0xbb, 0xbb, 0xbb,
    0x48, 0xff, 0x90, 0x0, 0x0, 0x0, 0x8f, 0xf9,
    0x0, 0x0, 0x0, 0x8, 0xff, 0x90, 0x0, 0x0,
    0x0, 0x8f, 0xf9, 0x0, 0x0, 0x0, 0x8, 0xff,
    0x90, 0x0, 0x0, 0x0, 0x8f, 0xf9, 0x0, 0x0,
    0x0, 0x8, 0xff, 0xff, 0xff, 0xfc, 0x0, 0x8f,
    0xff, 0xff, 0xff, 0xc0, 0x8, 0xff, 0xeb, 0xbb,
    0xb8, 0x0, 0x8f, 0xf9, 0x0, 0x0, 0x0, 0x8,
    0xff, 0x90, 0x0, 0x0, 0x0, 0x8f, 0xf9, 0x0,
    0x0, 0x0, 0x8, 0xff, 0x90, 0x0, 0x0, 0x0,
    0x8f, 0xf9, 0x0, 0x0, 0x0, 0x8, 0xff, 0x90,
    0x0, 0x0, 0x0, 0x8f, 0xf9, 0x0, 0x0, 0x0,
    0x8, 0xff, 0x90, 0x0, 0x0, 0x0, 0x8f, 0xf9,
    0x0, 0x0, 0x0, 0x0,

    /* U+0047 "G" */
    0x0, 0x18, 0xdf, 0xfd, 0x80, 0x0, 0x2, 0xef,
    0xff, 0xff, 0xfd, 0x10, 0xc, 0xff, 0xfc, 0xcf,
    0xff, 0xb0, 0x3f, 0xff, 0x40, 0x5, 0xff, 0xf1,
    0x7f, 0xfc, 0x0, 0x0, 0xdf, 0xf5, 0x9f, 0xf8,
    0x0, 0x0, 0x45, 0x52, 0x9f, 0xf8, 0x0, 0x0,
    0x0, 0x0, 0x9f, 0xf8, 0x0, 0x0, 0x0, 0x0,
    0x9f, 0xf8, 0x0, 0x0, 0x0, 0x0, 0x9f, 0xf8,
    0x0, 0xbb, 0xbb, 0xb3, 0x9f, 0xf8, 0x0, 0xff,
    0xff, 0xf5, 0x9f, 0xf8, 0x0, 0xff, 0xff, 0xf5,
    0x9f, 0xf8, 0x0, 0x0, 0xcf, 0xf5, 0x9f, 0xf8,
    0x0, 0x0, 0xcf, 0xf5, 0x9f, 0xf8, 0x0, 0x0,
    0xcf, 0xf5, 0x9f, 0xf9, 0x0, 0x0, 0xcf, 0xf5,
    0x7f, 0xfc, 0x0, 0x0, 0xff, 0xf5, 0x4f, 0xff,
    0x50, 0x7, 0xff, 0xf5, 0xe, 0xff, 0xfc, 0xdf,
    0xaf, 0xf5, 0x5, 0xff, 0xff, 0xf9, 0x8f, 0xf5,
    0x0, 0x5c, 0xfe, 0x80, 0x8f, 0xf5,

    /* U+0048 "H" */
    0x5f, 0xfc, 0x0, 0x0, 0xcf, 0xf5, 0x5f, 0xfc,
    0x0, 0x0, 0xcf, 0xf5, 0x5f, 0xfc, 0x0, 0x0,
    0xcf, 0xf5, 0x5f, 0xfc, 0x0, 0x0, 0xcf, 0xf5,
    0x5f, 0xfc, 0x0, 0x0, 0xcf, 0xf5, 0x5f, 0xfc,
    0x0, 0x0, 0xcf, 0xf5, 0x5f, 0xfc, 0x0, 0x0,
    0xcf, 0xf5, 0x5f, 0xfc, 0x0, 0x0, 0xcf, 0xf5,
    0x5f, 0xfc, 0x0, 0x0, 0xcf, 0xf5, 0x5f, 0xff,
    0xff, 0xff, 0xff, 0xf5, 0x5f, 0xff, 0xff, 0xff,
    0xff, 0xf5, 0x5f, 0xff, 0xbb, 0xbb, 0xff, 0xf5,
    0x5f, 0xfc, 0x0, 0x0, 0xcf, 0xf5, 0x5f, 0xfc,
    0x0, 0x0, 0xcf, 0xf5, 0x5f, 0xfc, 0x0, 0x0,
    0xcf, 0xf5, 0x5f, 0xfc, 0x0, 0x0, 0xcf, 0xf5,
    0x5f, 0xfc, 0x0, 0x0, 0xcf, 0xf5, 0x5f, 0xfc,
    0x0, 0x0, 0xcf, 0xf5, 0x5f, 0xfc, 0x0, 0x0,
    0xcf, 0xf5, 0x5f, 0xfc, 0x0, 0x0, 0xcf, 0xf5,
    0x5f, 0xfc, 0x0, 0x0, 0xcf, 0xf5,

    /* U+0049 "I" */
    0xef, 0xff, 0xff, 0xff, 0xfe, 0xef, 0xff, 0xff,
    0xff, 0xfe, 0xab, 0xbe, 0xff, 0xeb, 0xba, 0x0,
    0x9, 0xff, 0x90, 0x0, 0x0, 0x9, 0xff, 0x90,
    0x0, 0x0, 0x9, 0xff, 0x90, 0x0, 0x0, 0x9,
    0xff, 0x90, 0x0, 0x0, 0x9, 0xff, 0x90, 0x0,
    0x0, 0x9, 0xff, 0x90, 0x0, 0x0, 0x9, 0xff,
    0x90, 0x0, 0x0, 0x9, 0xff, 0x90, 0x0, 0x0,
    0x9, 0xff, 0x90, 0x0, 0x0, 0x9, 0xff, 0x90,
    0x0, 0x0, 0x9, 0xff, 0x90, 0x0, 0x0, 0x9,
    0xff, 0x90, 0x0, 0x0, 0x9, 0xff, 0x90, 0x0,
    0x0, 0x9, 0xff, 0x90, 0x0, 0x0, 0x9, 0xff,
    0x90, 0x0, 0xab, 0xbe, 0xff, 0xeb, 0xba, 0xef,
    0xff, 0xff, 0xff, 0xfe, 0xef, 0xff, 0xff, 0xff,
    0xfe,

    /* U+004A "J" */
    0x0, 0x0, 0xff, 0xff, 0xff, 0x70, 0x0, 0xf,
    0xff, 0xff, 0xf7, 0x0, 0x0, 0xbb, 0xbe, 0xff,
    0x70, 0x0, 0x0, 0x0, 0xaf, 0xf7, 0x0, 0x0,
    0x0, 0xa, 0xff, 0x70, 0x0, 0x0, 0x0, 0xaf,
    0xf7, 0x0, 0x0, 0x0, 0xa, 0xff, 0x70, 0x0,
    0x0, 0x0, 0xaf, 0xf7, 0x0, 0x0, 0x0, 0xa,
    0xff, 0x70, 0x0, 0x0, 0x0, 0xaf, 0xf7, 0x0,
    0x0, 0x0, 0xa, 0xff, 0x70, 0x0, 0x0, 0x0,
    0xaf, 0xf7, 0x0, 0x0, 0x0, 0xa, 0xff, 0x70,
    0x0, 0x0, 0x0, 0xaf, 0xf7, 0x0, 0x0, 0x0,
    0xa, 0xff, 0x76, 0x77, 0x20, 0x0, 0xaf, 0xf7,
    0xbf, 0xf7, 0x0, 0xd, 0xff, 0x58, 0xff, 0xd0,
    0x4, 0xff, 0xf2, 0x2f, 0xff, 0xec, 0xff, 0xfb,
    0x0, 0x6f, 0xff, 0xff, 0xfe, 0x10, 0x0, 0x4b,
    0xff, 0xe9, 0x10, 0x0,

    /* U+004B "K" */
    0xef, 0xf3, 0x0, 0xd, 0xff, 0x8e, 0xff, 0x30,
    0x5, 0xff, 0xe1, 0xef, 0xf3, 0x0, 0xdf, 0xf7,
    0xe, 0xff, 0x30, 0x5f, 0xfe, 0x0, 0xef, 0xf3,
    0xc, 0xff, 0x60, 0xe, 0xff, 0x34, 0xff, 0xd0,
    0x0, 0xef, 0xf3, 0xcf, 0xf4, 0x0, 0xe, 0xff,
    0x7f, 0xfc, 0x0, 0x0, 0xef, 0xfe, 0xff, 0x30,
    0x0, 0xe, 0xff, 0xff, 0xc0, 0x0, 0x0, 0xef,
    0xff, 0xff, 0x10, 0x0, 0xe, 0xff, 0xff, 0xf8,
    0x0, 0x0, 0xef, 0xff, 0xff, 0xe0, 0x0, 0xe,
    0xff, 0x89, 0xff, 0x60, 0x0, 0xef, 0xf3, 0x3f,
    0xfd, 0x0, 0xe, 0xff, 0x30, 0xcf, 0xf4, 0x0,
    0xef, 0xf3, 0x5, 0xff, 0xc0, 0xe, 0xff, 0x30,
    0xe, 0xff, 0x30, 0xef, 0xf3, 0x0, 0x8f, 0xfa,
    0xe, 0xff, 0x30, 0x2, 0xff, 0xf2, 0xef, 0xf3,
    0x0, 0xb, 0xff, 0x90,

    /* U+004C "L" */
    0x8f, 0xf9, 0x0, 0x0, 0x0, 0x8, 0xff, 0x90,
    0x0, 0x0, 0x0, 0x8f, 0xf9, 0x0, 0x0, 0x0,
    0x8, 0xff, 0x90, 0x0, 0x0, 0x0, 0x8f, 0xf9,
    0x0, 0x0, 0x0, 0x8, 0xff, 0x90, 0x0, 0x0,
    0x0, 0x8f, 0xf9, 0x0, 0x0, 0x0, 0x8, 0xff,
    0x90, 0x0, 0x0, 0x0, 0x8f, 0xf9, 0x0, 0x0,
    0x0, 0x8, 0xff, 0x90, 0x0, 0x0, 0x0, 0x8f,
    0xf9, 0x0, 0x0, 0x0, 0x8, 0xff, 0x90, 0x0,
    0x0, 0x0, 0x8f, 0xf9, 0x0, 0x0, 0x0, 0x8,
    0xff, 0x90, 0x0, 0x0, 0x0, 0x8f, 0xf9, 0x0,
    0x0, 0x0, 0x8, 0xff, 0x90, 0x0, 0x0, 0x0,
    0x8f, 0xf9, 0x0, 0x0, 0x0, 0x8, 0xff, 0x90,
    0x0, 0x0, 0x0, 0x8f, 0xfe, 0xbb, 0xbb, 0xbb,
    0x68, 0xff, 0xff, 0xff, 0xff, 0xf8, 0x8f, 0xff,
    0xff, 0xff, 0xff, 0x80,

    /* U+004D "M" */
    0xef, 0xf3, 0x0, 0x0, 0x3f, 0xfe, 0xef, 0xf7,
    0x0, 0x0, 0x7f, 0xfe, 0xef, 0xfc, 0x0, 0x0,
    0xcf, 0xfe, 0xef, 0xff, 0x0, 0x0, 0xff, 0xfe,
    0xef, 0xff, 0x40, 0x4, 0xff, 0xfe, 0xef, 0xdf,
    0x80, 0x8, 0xfd, 0xfe, 0xef, 0xaf, 0xc0, 0xc,
    0xfa, 0xfe, 0xef, 0xad, 0xf1, 0x1f, 0xda, 0xfe,
    0xef, 0xb9, 0xf5, 0x5f, 0x9b, 0xfe, 0xef, 0xd5,
    0xf9, 0x9f, 0x5d, 0xfe, 0xef, 0xf1, 0xfd, 0xdf,
    0x1f, 0xfe, 0xef, 0xf0, 0xcf, 0xfc, 0xf, 0xfe,
    0xef, 0xf1, 0x8f, 0xf8, 0x1f, 0xfe, 0xef, 0xf2,
    0x4f, 0xf4, 0x2f, 0xfe, 0xef, 0xf2, 0xa, 0xa0,
    0x3f, 0xfe, 0xef, 0xf3, 0x0, 0x0, 0x3f, 0xfe,
    0xef, 0xf3, 0x0, 0x0, 0x3f, 0xfe, 0xef, 0xf3,
    0x0, 0x0, 0x3f, 0xfe, 0xef, 0xf3, 0x0, 0x0,
    0x3f, 0xfe, 0xef, 0xf3, 0x0, 0x0, 0x3f, 0xfe,
    0xef, 0xf3, 0x0, 0x0, 0x3f, 0xfe,

    /* U+004E "N" */
    0x5f, 0xfc, 0x0, 0x0, 0xcf, 0xf5, 0x5f, 0xff,
    0x20, 0x0, 0xcf, 0xf5, 0x5f, 0xff, 0x70, 0x0,
    0xcf, 0xf5, 0x5f, 0xff, 0xc0, 0x0, 0xcf, 0xf5,
    0x5f, 0xff, 0xf2, 0x0, 0xcf, 0xf5, 0x5f, 0xff,
    0xf7, 0x0, 0xcf, 0xf5, 0x5f, 0xfc, 0xfc, 0x0,
    0xcf, 0xf5, 0x5f, 0xf9, 0xff, 0x20, 0xcf, 0xf5,
    0x5f, 0xf9, 0xcf, 0x70, 0xcf, 0xf5, 0x5f, 0xfa,
    0x7f, 0xc0, 0xcf, 0xf5, 0x5f, 0xfb, 0x1f, 0xf1,
    0xbf, 0xf5, 0x5f, 0xfc, 0xc, 0xf7, 0xaf, 0xf5,
    0x5f, 0xfc, 0x7, 0xfc, 0x9f, 0xf5, 0x5f, 0xfc,
    0x2, 0xff, 0x9f, 0xf5, 0x5f, 0xfc, 0x0, 0xcf,
    0xcf, 0xf5, 0x5f, 0xfc, 0x0, 0x7f, 0xff, 0xf5,
    0x5f, 0xfc, 0x0, 0x2f, 0xff, 0xf5, 0x5f, 0xfc,
    0x0, 0xc, 0xff, 0xf5, 0x5f, 0xfc, 0x0, 0x7,
    0xff, 0xf5, 0x5f, 0xfc, 0x0, 0x2, 0xff, 0xf5,
    0x5f, 0xfc, 0x0, 0x0, 0xcf, 0xf5,

    /* U+004F "O" */
    0x0, 0x18, 0xdf, 0xfd, 0x81, 0x0, 0x2, 0xef,
    0xff, 0xff, 0xfe, 0x20, 0xc, 0xff, 0xfc, 0xcf,
    0xff, 0xc0, 0x3f, 0xff, 0x50, 0x5, 0xff, 0xf3,
    0x7f, 0xfc, 0x0, 0x0, 0xcf, 0xf7, 0x8f, 0xf8,
    0x0, 0x0, 0x8f, 0xf8, 0x9f, 0xf8, 0x0, 0x0,
    0x8f, 0xf9, 0x9f, 0xf8, 0x0, 0x0, 0x8f, 0xf9,
    0x9f, 0xf8, 0x0, 0x0, 0x8f, 0xf9, 0x9f, 0xf8,
    0x0, 0x0, 0x8f, 0xf9, 0x9f, 0xf8, 0x0, 0x0,
    0x8f, 0xf9, 0x9f, 0xf8, 0x0, 0x0, 0x8f, 0xf9,
    0x9f, 0xf8, 0x0, 0x0, 0x8f, 0xf9, 0x9f, 0xf8,
    0x0, 0x0, 0x8f, 0xf9, 0x9f, 0xf8, 0x0, 0x0,
    0x8f, 0xf9, 0x8f, 0xf8, 0x0, 0x0, 0x8f, 0xf8,
    0x7f, 0xfc, 0x0, 0x0, 0xcf, 0xf7, 0x3f, 0xff,
    0x50, 0x5, 0xff, 0xf3, 0xc, 0xff, 0xfc, 0xcf,
    0xff, 0xc0, 0x1, 0xef, 0xff, 0xff, 0xfe, 0x10,
    0x0, 0x18, 0xdf, 0xfd, 0x81, 0x0,

    /* U+0050 "P" */
    0xef, 0xff, 0xff, 0xd9, 0x10, 0xe, 0xff, 0xff,
    0xff, 0xfe, 0x20, 0xef, 0xfc, 0xbc, 0xff, 0xfd,
    0xe, 0xff, 0x30, 0x3, 0xff, 0xf5, 0xef, 0xf3,
    0x0, 0x9, 0xff, 0xae, 0xff, 0x30, 0x0, 0x5f,
    0xfc, 0xef, 0xf3, 0x0, 0x5, 0xff, 0xce, 0xff,
    0x30, 0x0, 0x6f, 0xfb, 0xef, 0xf3, 0x0, 0xb,
    0xff, 0x9e, 0xff, 0x30, 0x7, 0xff, 0xf4, 0xef,
    0xff, 0xff, 0xff, 0xfb, 0xe, 0xff, 0xff, 0xff,
    0xfb, 0x0, 0xef, 0xfc, 0xbb, 0x94, 0x0, 0xe,
    0xff, 0x30, 0x0, 0x0, 0x0, 0xef, 0xf3, 0x0,
    0x0, 0x0, 0xe, 0xff, 0x30, 0x0, 0x0, 0x0,
    0xef, 0xf3, 0x0, 0x0, 0x0, 0xe, 0xff, 0x30,
    0x0, 0x0, 0x0, 0xef, 0xf3, 0x0, 0x0, 0x0,
    0xe, 0xff, 0x30, 0x0, 0x0, 0x0, 0xef, 0xf3,
    0x0, 0x0, 0x0, 0x0,

    /* U+0052 "R" */
    0x5f, 0xff, 0xff, 0xfd, 0x80, 0x0, 0x5, 0xff,
    0xff, 0xff, 0xff, 0xd1, 0x0, 0x5f, 0xff, 0xbb,
    0xcf, 0xff, 0xb0, 0x5, 0xff, 0xc0, 0x0, 0x5f,
    0xff, 0x20, 0x5f, 0xfc, 0x0, 0x0, 0xcf, 0xf6,
    0x5, 0xff, 0xc0, 0x0, 0x9, 0xff, 0x80, 0x5f,
    0xfc, 0x0, 0x0, 0x8f, 0xf9, 0x5, 0xff, 0xc0,
    0x0, 0xa, 0xff, 0x80, 0x5f, 0xfc, 0x0, 0x0,
    0xef, 0xf5, 0x5, 0xff, 0xc0, 0x1, 0x9f, 0xff,
    0x10, 0x5f, 0xff, 0xff, 0xff, 0xff, 0x80, 0x5,
    0xff, 0xff, 0xff, 0xff, 0x90, 0x0, 0x5f, 0xfe,
    0xbf, 0xff, 0x70, 0x0, 0x5, 0xff, 0xc0, 0x9f,
    0xfb, 0x0, 0x0, 0x5f, 0xfc, 0x2, 0xff, 0xf2,
    0x0, 0x5, 0xff, 0xc0, 0xb, 0xff, 0x90, 0x0,
    0x5f, 0xfc, 0x0, 0x4f, 0xff, 0x10, 0x5, 0xff,
    0xc0, 0x0, 0xdf, 0xf7, 0x0, 0x5f, 0xfc, 0x0,
    0x6, 0xff, 0xe0, 0x5, 0xff, 0xc0, 0x0, 0xe,
    0xff, 0x50, 0x5f, 0xfc, 0x0, 0x0, 0x8f, 0xfc,
    0x0,

    /* U+0053 "S" */
    0x0, 0x8, 0xdf, 0xfd, 0x91, 0x0, 0x1, 0xdf,
    0xff, 0xff, 0xfe, 0x20, 0xa, 0xff, 0xfc, 0xcf,
    0xff, 0xb0, 0x1f, 0xff, 0x60, 0x4, 0xff, 0xf2,
    0x4f, 0xfe, 0x0, 0x0, 0xcf, 0xf5, 0x5f, 0xfc,
    0x0, 0x0, 0x23, 0x31, 0x3f, 0xff, 0x0, 0x0,
    0x0, 0x0, 0xe, 0xff, 0x90, 0x0, 0x0, 0x0,
    0x6, 0xff, 0xfa, 0x10, 0x0, 0x0, 0x0, 0x9f,
    0xff, 0xe6, 0x0, 0x0, 0x0, 0x8, 0xff, 0xff,
    0xb1, 0x0, 0x0, 0x0, 0x4d, 0xff, 0xfd, 0x0,
    0x0, 0x0, 0x0, 0x8f, 0xff, 0x90, 0x0, 0x0,
    0x0, 0x6, 0xff, 0xf2, 0x0, 0x0, 0x0, 0x0,
    0xcf, 0xf7, 0x13, 0x31, 0x0, 0x0, 0x8f, 0xf9,
    0x9f, 0xf9, 0x0, 0x0, 0xaf, 0xf8, 0x5f, 0xfe,
    0x20, 0x4, 0xff, 0xf4, 0xe, 0xff, 0xfc, 0xcf,
    0xff, 0xd0, 0x3, 0xff, 0xff, 0xff, 0xfe, 0x20,
    0x0, 0x19, 0xdf, 0xfd, 0x81, 0x0,

    /* U+0054 "T" */
    0x8f, 0xff, 0xff, 0xff, 0xff, 0xf8, 0x8f, 0xff,
    0xff, 0xff, 0xff, 0xf8, 0x6b, 0xbb, 0xef, 0xfe,
    0xbb, 0xb6, 0x0, 0x0, 0x9f, 0xf9, 0x0, 0x0,
    0x0, 0x0, 0x9f, 0xf9, 0x0, 0x0, 0x0, 0x0,
    0x9f, 0xf9, 0x0, 0x0, 0x0, 0x0, 0x9f, 0xf9,
    0x0, 0x0, 0x0, 0x0, 0x9f, 0xf9, 0x0, 0x0,
    0x0, 0x0, 0x9f, 0xf9, 0x0, 0x0, 0x0, 0x0,
    0x9f, 0xf9, 0x0, 0x0, 0x0, 0x0, 0x9f, 0xf9,
    0x0, 0x0, 0x0, 0x0, 0x9f, 0xf9, 0x0, 0x0,
    0x0, 0x0, 0x9f, 0xf9, 0x0, 0x0, 0x0, 0x0,
    0x9f, 0xf9, 0x0, 0x0, 0x0, 0x0, 0x9f, 0xf9,
    0x0, 0x0, 0x0, 0x0, 0x9f, 0xf9, 0x0, 0x0,
    0x0, 0x0, 0x9f, 0xf9, 0x0, 0x0, 0x0, 0x0,
    0x9f, 0xf9, 0x0, 0x0, 0x0, 0x0, 0x9f, 0xf9,
    0x0, 0x0, 0x0, 0x0, 0x9f, 0xf9, 0x0, 0x0,
    0x0, 0x0, 0x9f, 0xf9, 0x0, 0x0,

    /* U+0055 "U" */
    0x5f, 0xfc, 0x0, 0x0, 0xcf, 0xf5, 0x5f, 0xfc,
    0x0, 0x0, 0xcf, 0xf5, 0x5f, 0xfc, 0x0, 0x0,
    0xcf, 0xf5, 0x5f, 0xfc, 0x0, 0x0, 0xcf, 0xf5,
    0x5f, 0xfc, 0x0, 0x0, 0xcf, 0xf5, 0x5f, 0xfc,
    0x0, 0x0, 0xcf, 0xf5, 0x5f, 0xfc, 0x0, 0x0,
    0xcf, 0xf5, 0x5f, 0xfc, 0x0, 0x0, 0xcf, 0xf5,
    0x5f, 0xfc, 0x0, 0x0, 0xcf, 0xf5, 0x5f, 0xfc,
    0x0, 0x0, 0xcf, 0xf5, 0x5f, 0xfc, 0x0, 0x0,
    0xcf, 0xf5, 0x5f, 0xfc, 0x0, 0x0, 0xcf, 0xf5,
    0x5f, 0xfc, 0x0, 0x0, 0xcf, 0xf5, 0x5f, 0xfc,
    0x0, 0x0, 0xcf, 0xf5, 0x5f, 0xfc, 0x0, 0x0,
    0xcf, 0xf5, 0x5f, 0xfc, 0x0, 0x0, 0xcf, 0xf5,
    0x3f, 0xff, 0x0, 0x0, 0xff, 0xf3, 0xf, 0xff,
    0x70, 0x7, 0xff, 0xf0, 0x8, 0xff, 0xfd, 0xdf,
    0xff, 0x80, 0x0, 0xcf, 0xff, 0xff, 0xfc, 0x0,
    0x0, 0x7, 0xdf, 0xfd, 0x70, 0x0,

    /* U+0056 "V" */
    0xdf, 0xf5, 0x0, 0x0, 0x5f, 0xfd, 0xaf, 0xf8,
    0x0, 0x0, 0x8f, 0xfa, 0x7f, 0xfa, 0x0, 0x0,
    0xaf, 0xf7, 0x4f, 0xfd, 0x0, 0x0, 0xdf, 0xf4,
    0x1f, 0xff, 0x0, 0x0, 0xff, 0xf1, 0xe, 0xff,
    0x30, 0x3, 0xff, 0xe0, 0xa, 0xff, 0x60, 0x6,
    0xff, 0xa0, 0x7, 0xff, 0x90, 0x9, 0xff, 0x70,
    0x4, 0xff, 0xb0, 0xb, 0xff, 0x40, 0x1, 0xff,
    0xe0, 0xe, 0xff, 0x10, 0x0, 0xef, 0xf1, 0x1f,
    0xfe, 0x0, 0x0, 0xaf, 0xf4, 0x4f, 0xfa, 0x0,
    0x0, 0x7f, 0xf7, 0x7f, 0xf7, 0x0, 0x0, 0x4f,
    0xfa, 0xaf, 0xf4, 0x0, 0x0, 0x1f, 0xfc, 0xcf,
    0xf1, 0x0, 0x0, 0xe, 0xff, 0xff, 0xe0, 0x0,
    0x0, 0xb, 0xff, 0xff, 0xb0, 0x0, 0x0, 0x7,
    0xff, 0xff, 0x70, 0x0, 0x0, 0x4, 0xff, 0xff,
    0x40, 0x0, 0x0, 0x1, 0xff, 0xff, 0x10, 0x0,
    0x0, 0x0, 0xef, 0xfe, 0x0, 0x0,

    /* U+0057 "W" */
    0x4f, 0xfc, 0x0, 0x0, 0x0, 0xcf, 0xf4, 0x3f,
    0xfd, 0x0, 0x0, 0x0, 0xdf, 0xf3, 0x1f, 0xfe,
    0x0, 0x0, 0x0, 0xef, 0xf1, 0xf, 0xfe, 0x0,
    0x0, 0x0, 0xef, 0xf0, 0xd, 0xff, 0x0, 0x0,
    0x0, 0xff, 0xd0, 0xb, 0xff, 0x0, 0x0, 0x0,
    0xff, 0xb0, 0x9, 0xff, 0x4, 0xff, 0x40, 0xff,
    0x90, 0x8, 0xff, 0x16, 0xff, 0x61, 0xff, 0x80,
    0x6, 0xff, 0x28, 0xff, 0x82, 0xff, 0x60, 0x4,
    0xff, 0x2a, 0xff, 0xa2, 0xff, 0x40, 0x2, 0xff,
    0x3c, 0xff, 0xc3, 0xff, 0x20, 0x0, 0xff, 0x4e,
    0xdd, 0xe4, 0xff, 0x0, 0x0, 0xef, 0x5f, 0xbb,
    0xf5, 0xfe, 0x0, 0x0, 0xdf, 0x7f, 0x99, 0xf7,
    0xfd, 0x0, 0x0, 0xbf, 0xaf, 0x77, 0xfa, 0xfb,
    0x0, 0x0, 0x9f, 0xcf, 0x44, 0xfc, 0xf9, 0x0,
    0x0, 0x7f, 0xff, 0x22, 0xff, 0xf7, 0x0, 0x0,
    0x5f, 0xff, 0x0, 0xff, 0xf5, 0x0, 0x0, 0x3f,
    0xfe, 0x0, 0xef, 0xf3, 0x0, 0x0, 0x2f, 0xfc,
    0x0, 0xcf, 0xf2, 0x0, 0x0, 0xf, 0xf9, 0x0,
    0x9f, 0xf0, 0x0,

    /* U+0058 "X" */
    0xbf, 0xfa, 0x0, 0x0, 0xaf, 0xfb, 0x4f, 0xff,
    0x10, 0x1, 0xff, 0xf4, 0xe, 0xff, 0x60, 0x6,
    0xff, 0xe0, 0x7, 0xff, 0xc0, 0xc, 0xff, 0x70,
    0x1, 0xff, 0xf3, 0x3f, 0xff, 0x10, 0x0, 0xaf,
    0xf9, 0x9f, 0xfa, 0x0, 0x0, 0x3f, 0xff, 0xff,
    0xf3, 0x0, 0x0, 0xc, 0xff, 0xff, 0xc0, 0x0,
    0x0, 0x6, 0xff, 0xff, 0x60, 0x0, 0x0, 0x0,
    0xef, 0xfe, 0x0, 0x0, 0x0, 0x0, 0xaf, 0xfa,
    0x0, 0x0, 0x0, 0x0, 0xef, 0xfe, 0x0, 0x0,
    0x0, 0x6, 0xff, 0xff, 0x60, 0x0, 0x0, 0xc,
    0xff, 0xff, 0xc0, 0x0, 0x0, 0x3f, 0xff, 0xff,
    0xf3, 0x0, 0x0, 0xaf, 0xf9, 0x9f, 0xfa, 0x0,
    0x1, 0xff, 0xf3, 0x3f, 0xff, 0x10, 0x7, 0xff,
    0xc0, 0xc, 0xff, 0x70, 0xe, 0xff, 0x60, 0x6,
    0xff, 0xe0, 0x4f, 0xff, 0x10, 0x1, 0xff, 0xf4,
    0xbf, 0xfa, 0x0, 0x0, 0xaf, 0xfb,

    /* U+0059 "Y" */
    0xe, 0xff, 0x60, 0x0, 0x6, 0xff, 0xe0, 0x8,
    0xff, 0xc0, 0x0, 0xc, 0xff, 0x80, 0x2, 0xff,
    0xf1, 0x0, 0x1f, 0xff, 0x20, 0x0, 0xdf, 0xf6,
    0x0, 0x6f, 0xfc, 0x0, 0x0, 0x7f, 0xfc, 0x0,
    0xcf, 0xf7, 0x0, 0x0, 0x1f, 0xff, 0x11, 0xff,
    0xf1, 0x0, 0x0, 0xb, 0xff, 0x77, 0xff, 0xb0,
    0x0, 0x0, 0x5, 0xff, 0xcc, 0xff, 0x50, 0x0,
    0x0, 0x0, 0xff, 0xff, 0xff, 0x0, 0x0, 0x0,
    0x0, 0xaf, 0xff, 0xfa, 0x0, 0x0, 0x0, 0x0,
    0x4f, 0xff, 0xf4, 0x0, 0x0, 0x0, 0x0, 0xe,
    0xff, 0xe0, 0x0, 0x0, 0x0, 0x0, 0x9, 0xff,
    0x90, 0x0, 0x0, 0x0, 0x0, 0x9, 0xff, 0x90,
    0x0, 0x0, 0x0, 0x0, 0x9, 0xff, 0x90, 0x0,
    0x0, 0x0, 0x0, 0x9, 0xff, 0x90, 0x0, 0x0,
    0x0, 0x0, 0x9, 0xff, 0x90, 0x0, 0x0, 0x0,
    0x0, 0x9, 0xff, 0x90, 0x0, 0x0, 0x0, 0x0,
    0x9, 0xff, 0x90, 0x0, 0x0, 0x0, 0x0, 0x9,
    0xff, 0x90, 0x0, 0x0, 0x0, 0x0, 0x9, 0xff,
    0x90, 0x0, 0x0,

    /* U+005B "[" */
    0x9b, 0xbb, 0xbb, 0xbb, 0x3d, 0xff, 0xff, 0xff,
    0xf4, 0xdf, 0xff, 0xff, 0xff, 0x4d, 0xff, 0x40,
    0x0, 0x0, 0xdf, 0xf4, 0x0, 0x0, 0xd, 0xff,
    0x40, 0x0, 0x0, 0xdf, 0xf4, 0x0, 0x0, 0xd,
    0xff, 0x40, 0x0, 0x0, 0xdf, 0xf4, 0x0, 0x0,
    0xd, 0xff, 0x40, 0x0, 0x0, 0xdf, 0xf4, 0x0,
    0x0, 0xd, 0xff, 0x40, 0x0, 0x0, 0xdf, 0xf4,
    0x0, 0x0, 0xd, 0xff, 0x40, 0x0, 0x0, 0xdf,
    0xf4, 0x0, 0x0, 0xd, 0xff, 0x40, 0x0, 0x0,
    0xdf, 0xf4, 0x0, 0x0, 0xd, 0xff, 0x40, 0x0,
    0x0, 0xdf, 0xf4, 0x0, 0x0, 0xd, 0xff, 0x40,
    0x0, 0x0, 0xdf, 0xf4, 0x0, 0x0, 0xd, 0xff,
    0x40, 0x0, 0x0, 0xdf, 0xf4, 0x0, 0x0, 0xd,
    0xff, 0x40, 0x0, 0x0, 0xdf, 0xf4, 0x0, 0x0,
    0xd, 0xff, 0xdb, 0xbb, 0xb3, 0xdf, 0xff, 0xff,
    0xff, 0x4d, 0xff, 0xff, 0xff, 0xf4,

    /* U+005C "\\" */
    0x48, 0x85, 0x0, 0x0, 0x0, 0x0, 0x4f, 0xfe,
    0x0, 0x0, 0x0, 0x0, 0xf, 0xff, 0x20, 0x0,
    0x0, 0x0, 0xb, 0xff, 0x70, 0x0, 0x0, 0x0,
    0x6, 0xff, 0xc0, 0x0, 0x0, 0x0, 0x2, 0xff,
    0xf1, 0x0, 0x0, 0x0, 0x0, 0xdf, 0xf5, 0x0,
    0x0, 0x0, 0x0, 0x8f, 0xfa, 0x0, 0x0, 0x0,
    0x0, 0x4f, 0xfe, 0x0, 0x0, 0x0, 0x0, 0xf,
    0xff, 0x30, 0x0, 0x0, 0x0, 0xb, 0xff, 0x80,
    0x0, 0x0, 0x0, 0x6, 0xff, 0xc0, 0x0, 0x0,
    0x0, 0x1, 0xff, 0xf1, 0x0, 0x0, 0x0, 0x0,
    0xdf, 0xf6, 0x0, 0x0, 0x0, 0x0, 0x8f, 0xfa,
    0x0, 0x0, 0x0, 0x0, 0x3f, 0xff, 0x0, 0x0,
    0x0, 0x0, 0xe, 0xff, 0x40, 0x0, 0x0, 0x0,
    0xa, 0xff, 0x80, 0x0, 0x0, 0x0, 0x5, 0xff,
    0xd0, 0x0, 0x0, 0x0, 0x1, 0xff, 0xf1, 0x0,
    0x0, 0x0, 0x0, 0xcf, 0xf6, 0x0, 0x0, 0x0,
    0x0, 0x7f, 0xfb, 0x0, 0x0, 0x0, 0x0, 0x3f,
    0xff, 0x0, 0x0, 0x0, 0x0, 0xe, 0xff, 0x40,
    0x0, 0x0, 0x0, 0x9, 0xff, 0x90, 0x0, 0x0,
    0x0, 0x5, 0xff, 0xd0, 0x0, 0x0, 0x0, 0x0,
    0xff, 0xf2, 0x0, 0x0, 0x0, 0x0, 0xbf, 0xf7,

    /* U+005D "]" */
    0x3b, 0xbb, 0xbb, 0xbb, 0x94, 0xff, 0xff, 0xff,
    0xfd, 0x4f, 0xff, 0xff, 0xff, 0xd0, 0x0, 0x0,
    0x4f, 0xfd, 0x0, 0x0, 0x4, 0xff, 0xd0, 0x0,
    0x0, 0x4f, 0xfd, 0x0, 0x0, 0x4, 0xff, 0xd0,
    0x0, 0x0, 0x4f, 0xfd, 0x0, 0x0, 0x4, 0xff,
    0xd0, 0x0, 0x0, 0x4f, 0xfd, 0x0, 0x0, 0x4,
    0xff, 0xd0, 0x0, 0x0, 0x4f, 0xfd, 0x0, 0x0,
    0x4, 0xff, 0xd0, 0x0, 0x0, 0x4f, 0xfd, 0x0,
    0x0, 0x4, 0xff, 0xd0, 0x0, 0x0, 0x4f, 0xfd,
    0x0, 0x0, 0x4, 0xff, 0xd0, 0x0, 0x0, 0x4f,
    0xfd, 0x0, 0x0, 0x4, 0xff, 0xd0, 0x0, 0x0,
    0x4f, 0xfd, 0x0, 0x0, 0x4, 0xff, 0xd0, 0x0,
    0x0, 0x4f, 0xfd, 0x0, 0x0, 0x4, 0xff, 0xd0,
    0x0, 0x0, 0x4f, 0xfd, 0x0, 0x0, 0x4, 0xff,
    0xd3, 0xbb, 0xbb, 0xdf, 0xfd, 0x4f, 0xff, 0xff,
    0xff, 0xd4, 0xff, 0xff, 0xff, 0xfd,

    /* U+005F "_" */
    0x4b, 0xbb, 0xbb, 0xbb, 0xbb, 0xb4, 0x5f, 0xff,
    0xff, 0xff, 0xff, 0xf5, 0x5f, 0xff, 0xff, 0xff,
    0xff, 0xf5,

    /* U+0061 "a" */
    0x0, 0x29, 0xdf, 0xfd, 0x91, 0x0, 0x3, 0xff,
    0xff, 0xff, 0xfe, 0x20, 0xd, 0xff, 0xfc, 0xcf,
    0xff, 0xc0, 0x4f, 0xff, 0x20, 0x4, 0xff, 0xf2,
    0x3a, 0xa7, 0x0, 0x0, 0xdf, 0xf5, 0x0, 0x0,
    0x0, 0x0, 0xcf, 0xf5, 0x0, 0x18, 0xcf, 0xff,
    0xff, 0xf5, 0x4, 0xff, 0xff, 0xff, 0xff, 0xf5,
    0x1f, 0xff, 0xfd, 0xbb, 0xef, 0xf5, 0x6f, 0xfe,
    0x20, 0x0, 0xcf, 0xf5, 0x8f, 0xf9, 0x0, 0x0,
    0xdf, 0xf5, 0x8f, 0xfc, 0x0, 0x5, 0xff, 0xf5,
    0x5f, 0xff, 0xda, 0xcf, 0xff, 0xf5, 0xd, 0xff,
    0xff, 0xfa, 0xcf, 0xf5, 0x1, 0xae, 0xfd, 0x70,
    0xcf, 0xf5,

    /* U+0062 "b" */
    0x5f, 0xfc, 0x0, 0x0, 0x0, 0x0, 0x5f, 0xfc,
    0x0, 0x0, 0x0, 0x0, 0x5f, 0xfc, 0x0, 0x0,
    0x0, 0x0, 0x5f, 0xfc, 0x0, 0x0, 0x0, 0x0,
    0x5f, 0xfc, 0x0, 0x0, 0x0, 0x0, 0x5f, 0xfc,
    0x0, 0x0, 0x0, 0x0, 0x5f, 0xfc, 0x8, 0xef,
    0xc5, 0x0, 0x5f, 0xfc, 0xaf, 0xff, 0xff, 0x60,
    0x5f, 0xff, 0xfc, 0xbf, 0xff, 0xf0, 0x5f, 0xff,
    0x60, 0x4, 0xff, 0xf5, 0x5f, 0xfe, 0x0, 0x0,
    0xbf, 0xf8, 0x5f, 0xfc, 0x0, 0x0, 0x8f, 0xf9,
    0x5f, 0xfc, 0x0, 0x0, 0x8f, 0xf9, 0x5f, 0xfc,
    0x0, 0x0, 0x8f, 0xf9, 0x5f, 0xfc, 0x0, 0x0,
    0x8f, 0xf9, 0x5f, 0xfc, 0x0, 0x0, 0x8f, 0xf9,
    0x5f, 0xfe, 0x0, 0x0, 0xbf, 0xf7, 0x5f, 0xff,
    0x60, 0x4, 0xff, 0xf5, 0x5f, 0xff, 0xfc, 0xcf,
    0xff, 0xf0, 0x5f, 0xfc, 0xaf, 0xff, 0xff, 0x60,
    0x5f, 0xfc, 0x8, 0xef, 0xc5, 0x0,

    /* U+0063 "c" */
    0x0, 0x19, 0xdf, 0xfd, 0x80, 0x0, 0x2, 0xef,
    0xff, 0xff, 0xfd, 0x10, 0xc, 0xff, 0xfc, 0xcf,
    0xff, 0xb0, 0x4f, 0xff, 0x40, 0x5, 0xff, 0xf1,
    0x7f, 0xfb, 0x0, 0x0, 0xdf, 0xf5, 0x9f, 0xf8,
    0x0, 0x0, 0x35, 0x51, 0x9f, 0xf8, 0x0, 0x0,
    0x0, 0x0, 0x9f, 0xf8, 0x0, 0x0, 0x0, 0x0,
    0x9f, 0xf8, 0x0, 0x0, 0x0, 0x0, 0x9f, 0xf8,
    0x0, 0x0, 0x35, 0x52, 0x7f, 0xfb, 0x0, 0x0,
    0xdf, 0xf5, 0x4f, 0xff, 0x40, 0x5, 0xff, 0xf2,
    0xc, 0xff, 0xfc, 0xdf, 0xff, 0xb0, 0x2, 0xef,
    0xff, 0xff, 0xfd, 0x10, 0x0, 0x18, 0xdf, 0xfd,
    0x80, 0x0,

    /* U+0064 "d" */
    0x0, 0x0, 0x0, 0x0, 0xcf, 0xf5, 0x0, 0x0,
    0x0, 0x0, 0xcf, 0xf5, 0x0, 0x0, 0x0, 0x0,
    0xcf, 0xf5, 0x0, 0x0, 0x0, 0x0, 0xcf, 0xf5,
    0x0, 0x0, 0x0, 0x0, 0xcf, 0xf5, 0x0, 0x0,
    0x0, 0x0, 0xcf, 0xf5, 0x0, 0x5c, 0xfe, 0x80,
    0xcf, 0xf5, 0x6, 0xff, 0xff, 0xfa, 0xcf, 0xf5,
    0xf, 0xff, 0xfb, 0xcf, 0xff, 0xf5, 0x5f, 0xff,
    0x40, 0x6, 0xff, 0xf5, 0x8f, 0xfb, 0x0, 0x0,
    0xef, 0xf5, 0x9f, 0xf8, 0x0, 0x0, 0xcf, 0xf5,
    0x9f, 0xf8, 0x0, 0x0, 0xcf, 0xf5, 0x9f, 0xf8,
    0x0, 0x0, 0xcf, 0xf5, 0x9f, 0xf8, 0x0, 0x0,
    0xcf, 0xf5, 0x9f, 0xf8, 0x0, 0x0, 0xcf, 0xf5,
    0x8f, 0xfb, 0x0, 0x0, 0xef, 0xf5, 0x5f, 0xff,
    0x40, 0x6, 0xff, 0xf5, 0xf, 0xff, 0xfc, 0xcf,
    0xff, 0xf5, 0x6, 0xff, 0xff, 0xfa, 0xcf, 0xf5,
    0x0, 0x5c, 0xfe, 0x80, 0xcf, 0xf5,

    /* U+0065 "e" */
    0x0, 0x18, 0xdf, 0xfd, 0x91, 0x0, 0x2, 0xef,
    0xff, 0xff, 0xfe, 0x20, 0xc, 0xff, 0xfc, 0xcf,
    0xff, 0xc0, 0x3f, 0xff, 0x40, 0x4, 0xff, 0xf3,
    0x7f, 0xfb, 0x0, 0x0, 0xbf, 0xf7, 0x9f, 0xf8,
    0x0, 0x0, 0x8f, 0xf9, 0x9f, 0xff, 0xff, 0xff,
    0xff, 0xf9, 0x9f, 0xff, 0xff, 0xff, 0xff, 0xf9,
    0x9f, 0xfd, 0xbb, 0xbb, 0xbb, 0xb6, 0x9f, 0xf8,
    0x0, 0x0, 0x0, 0x0, 0x7f, 0xfc, 0x0, 0x0,
    0x58, 0x84, 0x3f, 0xff, 0x50, 0x2, 0xef, 0xf5,
    0xc, 0xff, 0xfd, 0xcf, 0xff, 0xe0, 0x1, 0xef,
    0xff, 0xff, 0xff, 0x40, 0x0, 0x18, 0xdf, 0xfe,
    0x92, 0x0,

    /* U+0066 "f" */
    0x0, 0x0, 0x6, 0xdf, 0xfb, 0x30, 0x0, 0x0,
    0x7f, 0xff, 0xff, 0xf2, 0x0, 0x1, 0xff, 0xfd,
    0xff, 0xfa, 0x0, 0x4, 0xff, 0xe0, 0x5f, 0xfe,
    0x0, 0x5, 0xff, 0xc0, 0x16, 0x65, 0x0, 0x6,
    0xff, 0xb0, 0x0, 0x0, 0x0, 0x6, 0xff, 0xb0,
    0x0, 0x0, 0x4b, 0xbd, 0xff, 0xeb, 0xbb, 0x90,
    0x5f, 0xff, 0xff, 0xff, 0xff, 0xd0, 0x5f, 0xff,
    0xff, 0xff, 0xff, 0xd0, 0x0, 0x6, 0xff, 0xb0,
    0x0, 0x0, 0x0, 0x6, 0xff, 0xb0, 0x0, 0x0,
    0x0, 0x6, 0xff, 0xb0, 0x0, 0x0, 0x0, 0x6,
    0xff, 0xb0, 0x0, 0x0, 0x0, 0x6, 0xff, 0xb0,
    0x0, 0x0, 0x0, 0x6, 0xff, 0xb0, 0x0, 0x0,
    0x0, 0x6, 0xff, 0xb0, 0x0, 0x0, 0x0, 0x6,
    0xff, 0xb0, 0x0, 0x0, 0x0, 0x6, 0xff, 0xb0,
    0x0, 0x0, 0x0, 0x6, 0xff, 0xb0, 0x0, 0x0,
    0x0, 0x6, 0xff, 0xb0, 0x0, 0x0,

    /* U+0067 "g" */
    0x0, 0x5c, 0xfe, 0x80, 0xcf, 0xf5, 0x6, 0xff,
    0xff, 0xfa, 0xcf, 0xf5, 0xf, 0xff, 0xfb, 0xcf,
    0xff, 0xf5, 0x5f, 0xff, 0x40, 0x6, 0xff, 0xf5,
    0x8f, 0xfb, 0x0, 0x0, 0xef, 0xf5, 0x9f, 0xf8,
    0x0, 0x0, 0xcf, 0xf5, 0x9f, 0xf8, 0x0, 0x0,
    0xcf, 0xf5, 0x9f, 0xf8, 0x0, 0x0, 0xcf, 0xf5,
    0x9f, 0xf8, 0x0, 0x0, 0xcf, 0xf5, 0x9f, 0xf8,
    0x0, 0x0, 0xcf, 0xf5, 0x8f, 0xfb, 0x0, 0x0,
    0xef, 0xf5, 0x5f, 0xff, 0x40, 0x6, 0xff, 0xf5,
    0xf, 0xff, 0xfc, 0xcf, 0xff, 0xf5, 0x6, 0xff,
    0xff, 0xfa, 0xcf, 0xf5, 0x0, 0x5c, 0xfe, 0x80,
    0xcf, 0xf5, 0x0, 0x0, 0x0, 0x0, 0xcf, 0xf5,
    0x4b, 0xb8, 0x0, 0x0, 0xef, 0xf3, 0x3f, 0xff,
    0x30, 0x7, 0xff, 0xf0, 0xc, 0xff, 0xfc, 0xdf,
    0xff, 0x90, 0x2, 0xef, 0xff, 0xff, 0xfc, 0x0,
    0x0, 0x19, 0xef, 0xfc, 0x70, 0x0,

    /* U+0068 "h" */
    0x5f, 0xfc, 0x0, 0x0, 0x0, 0x0, 0x5f, 0xfc,
    0x0, 0x0, 0x0, 0x0, 0x5f, 0xfc, 0x0, 0x0,
    0x0, 0x0, 0x5f, 0xfc, 0x0, 0x0, 0x0, 0x0,
    0x5f, 0xfc, 0x0, 0x0, 0x0, 0x0, 0x5f, 0xfc,
    0x0, 0x0, 0x0, 0x0, 0x5f, 0xfc, 0x8, 0xef,
    0xc4, 0x0, 0x5f, 0xfc, 0xaf, 0xff, 0xff, 0x30,
    0x5f, 0xfe, 0xfc, 0xcf, 0xff, 0xc0, 0x5f, 0xff,
    0x70, 0x7, 0xff, 0xf1, 0x5f, 0xfe, 0x0, 0x0,
    0xef, 0xf4, 0x5f, 0xfc, 0x0, 0x0, 0xcf, 0xf5,
    0x5f, 0xfc, 0x0, 0x0, 0xcf, 0xf5, 0x5f, 0xfc,
    0x0, 0x0, 0xcf, 0xf5, 0x5f, 0xfc, 0x0, 0x0,
    0xcf, 0xf5, 0x5f, 0xfc, 0x0, 0x0, 0xcf, 0xf5,
    0x5f, 0xfc, 0x0, 0x0, 0xcf, 0xf5, 0x5f, 0xfc,
    0x0, 0x0, 0xcf, 0xf5, 0x5f, 0xfc, 0x0, 0x0,
    0xcf, 0xf5, 0x5f, 0xfc, 0x0, 0x0, 0xcf, 0xf5,
    0x5f, 0xfc, 0x0, 0x0, 0xcf, 0xf5,

    /* U+0069 "i" */
    0x0, 0x5, 0xef, 0x90, 0x0, 0x0, 0xf, 0xff,
    0xf4, 0x0, 0x0, 0x1f, 0xff, 0xf5, 0x0, 0x0,
    0xc, 0xff, 0xf1, 0x0, 0x0, 0x1, 0x78, 0x20,
    0x0, 0x0, 0x0, 0x0, 0x0, 0x0, 0x8f, 0xff,
    0xff, 0xc0, 0x0, 0x8f, 0xff, 0xff, 0xc0, 0x0,
    0x6b, 0xbd, 0xff, 0xc0, 0x0, 0x0, 0x6, 0xff,
    0xc0, 0x0, 0x0, 0x6, 0xff, 0xc0, 0x0, 0x0,
    0x6, 0xff, 0xc0, 0x0, 0x0, 0x6, 0xff, 0xc0,
    0x0, 0x0, 0x6, 0xff, 0xc0, 0x0, 0x0, 0x6,
    0xff, 0xc0, 0x0, 0x0, 0x6, 0xff, 0xc0, 0x0,
    0x0, 0x6, 0xff, 0xc0, 0x0, 0x0, 0x6, 0xff,
    0xc0, 0x0, 0xab, 0xbd, 0xff, 0xfb, 0xba, 0xef,
    0xff, 0xff, 0xff, 0xfe, 0xef, 0xff, 0xff, 0xff,
    0xfe,

    /* U+006A "j" */
    0x0, 0x0, 0x0, 0x1c, 0xfd, 0x20, 0x0, 0x0,
    0x9, 0xff, 0xfa, 0x0, 0x0, 0x0, 0xaf, 0xff,
    0xc0, 0x0, 0x0, 0x6, 0xff, 0xf7, 0x0, 0x0,
    0x0, 0x5, 0x85, 0x0, 0x0, 0x0, 0x0, 0x0,
    0x0, 0x0, 0x2, 0xff, 0xff, 0xff, 0x50, 0x0,
    0x2f, 0xff, 0xff, 0xf5, 0x0, 0x1, 0xbb, 0xbf,
    0xff, 0x50, 0x0, 0x0, 0x0, 0xcf, 0xf5, 0x0,
    0x0, 0x0, 0xc, 0xff, 0x50, 0x0, 0x0, 0x0,
    0xcf, 0xf5, 0x0, 0x0, 0x0, 0xc, 0xff, 0x50,
    0x0, 0x0, 0x0, 0xcf, 0xf5, 0x0, 0x0, 0x0,
    0xc, 0xff, 0x50, 0x0, 0x0, 0x0, 0xcf, 0xf5,
    0x0, 0x0, 0x0, 0xc, 0xff, 0x50, 0x0, 0x0,
    0x0, 0xcf, 0xf5, 0x0, 0x0, 0x0, 0xc, 0xff,
    0x50, 0x0, 0x0, 0x0, 0xcf, 0xf5, 0x0, 0x0,
    0x0, 0xc, 0xff, 0x51, 0x11, 0x0, 0x0, 0xdf,
    0xf5, 0xdf, 0xf4, 0x0, 0xf, 0xff, 0x3a, 0xff,
    0xb0, 0x6, 0xff, 0xf0, 0x4f, 0xff, 0xec, 0xff,
    0xf9, 0x0, 0x9f, 0xff, 0xff, 0xfc, 0x0, 0x0,
    0x5c, 0xff, 0xd8, 0x0, 0x0,

    /* U+006B "k" */
    0xef, 0xf3, 0x0, 0x0, 0x0, 0xe, 0xff, 0x30,
    0x0, 0x0, 0x0, 0xef, 0xf3, 0x0, 0x0, 0x0,
    0xe, 0xff, 0x30, 0x0, 0x0, 0x0, 0xef, 0xf3,
    0x0, 0x0, 0x0, 0xe, 0xff, 0x30, 0x0, 0x0,
    0x0, 0xef, 0xf3, 0x0, 0x2f, 0xff, 0x7e, 0xff,
    0x30, 0xb, 0xff, 0xb0, 0xef, 0xf3, 0x6, 0xff,
    0xe1, 0xe, 0xff, 0x31, 0xef, 0xf5, 0x0, 0xef,
    0xf3, 0xaf, 0xfa, 0x0, 0xe, 0xff, 0x7f, 0xfe,
    0x0, 0x0, 0xef, 0xff, 0xff, 0x40, 0x0, 0xe,
    0xff, 0xff, 0xf5, 0x0, 0x0, 0xef, 0xff, 0xff,
    0xe0, 0x0, 0xe, 0xff, 0xfb, 0xff, 0x80, 0x0,
    0xef, 0xf7, 0x1f, 0xff, 0x20, 0xe, 0xff, 0x30,
    0x8f, 0xfb, 0x0, 0xef, 0xf3, 0x1, 0xef, 0xf5,
    0xe, 0xff, 0x30, 0x7, 0xff, 0xd0, 0xef, 0xf3,
    0x0, 0xe, 0xff, 0x80,

    /* U+006C "l" */
    0x8f, 0xff, 0xff, 0xc0, 0x0, 0x8f, 0xff, 0xff,
    0xc0, 0x0, 0x6b, 0xbd, 0xff, 0xc0, 0x0, 0x0,
    0x6, 0xff, 0xc0, 0x0, 0x0, 0x6, 0xff, 0xc0,
    0x0, 0x0, 0x6, 0xff, 0xc0, 0x0, 0x0, 0x6,
    0xff, 0xc0, 0x0, 0x0, 0x6, 0xff, 0xc0, 0x0,
    0x0, 0x6, 0xff, 0xc0, 0x0, 0x0, 0x6, 0xff,
    0xc0, 0x0, 0x0, 0x6, 0xff, 0xc0, 0x0, 0x0,
    0x6, 0xff, 0xc0, 0x0, 0x0, 0x6, 0xff, 0xc0,
    0x0, 0x0, 0x6, 0xff, 0xc0, 0x0, 0x0, 0x6,
    0xff, 0xc0, 0x0, 0x0, 0x6, 0xff, 0xc0, 0x0,
    0x0, 0x6, 0xff, 0xc0, 0x0, 0x0, 0x6, 0xff,
    0xc0, 0x0, 0xab, 0xbd, 0xff, 0xfb, 0xba, 0xef,
    0xff, 0xff, 0xff, 0xfe, 0xef, 0xff, 0xff, 0xff,
    0xfe,

    /* U+006D "m" */
    0xef, 0xf6, 0xee, 0x51, 0xcf, 0xa0, 0xef, 0xff,
    0xff, 0xfb, 0xff, 0xf7, 0xef, 0xf8, 0xdf, 0xfd,
    0x8f, 0xfc, 0xef, 0xf0, 0x7f, 0xf7, 0xf, 0xfe,
    0xef, 0xf0, 0x6f, 0xf6, 0xf, 0xfe, 0xef, 0xf0,
    0x6f, 0xf6, 0xf, 0xfe, 0xef, 0xf0, 0x6f, 0xf6,
    0xf, 0xfe, 0xef, 0xf0, 0x6f, 0xf6, 0xf, 0xfe,
    0xef, 0xf0, 0x6f, 0xf6, 0xf, 0xfe, 0xef, 0xf0,
    0x6f, 0xf6, 0xf, 0xfe, 0xef, 0xf0, 0x6f, 0xf6,
    0xf, 0xfe, 0xef, 0xf0, 0x6f, 0xf6, 0xf, 0xfe,
    0xef, 0xf0, 0x6f, 0xf6, 0xf, 0xfe, 0xef, 0xf0,
    0x6f, 0xf6, 0xf, 0xfe, 0xef, 0xf0, 0x6f, 0xf6,
    0xf, 0xfe,

    /* U+006E "n" */
    0x5f, 0xfc, 0x9, 0xef, 0xc4, 0x0, 0x5f, 0xfc,
    0xbf, 0xff, 0xff, 0x30, 0x5f, 0xff, 0xf9, 0x9f,
    0xff, 0xc0, 0x5f, 0xff, 0x50, 0x5, 0xff, 0xf1,
    0x5f, 0xfe, 0x0, 0x0, 0xef, 0xf4, 0x5f, 0xfc,
    0x0, 0x0, 0xcf, 0xf5, 0x5f, 0xfc, 0x0, 0x0,
    0xcf, 0xf5, 0x5f, 0xfc, 0x0, 0x0, 0xcf, 0xf5,
    0x5f, 0xfc, 0x0, 0x0, 0xcf, 0xf5, 0x5f, 0xfc,
    0x0, 0x0, 0xcf, 0xf5, 0x5f, 0xfc, 0x0, 0x0,
    0xcf, 0xf5, 0x5f, 0xfc, 0x0, 0x0, 0xcf, 0xf5,
    0x5f, 0xfc, 0x0, 0x0, 0xcf, 0xf5, 0x5f, 0xfc,
    0x0, 0x0, 0xcf, 0xf5, 0x5f, 0xfc, 0x0, 0x0,
    0xcf, 0xf5,

    /* U+006F "o" */
    0x0, 0x18, 0xdf, 0xfd, 0x81, 0x0, 0x2, 0xef,
    0xff, 0xff, 0xfe, 0x20, 0xc, 0xff, 0xfc, 0xcf,
    0xff, 0xc0, 0x3f, 0xff, 0x40, 0x4, 0xff, 0xf3,
    0x7f, 0xfb, 0x0, 0x0, 0xbf, 0xf7, 0x9f, 0xf8,
    0x0, 0x0, 0x8f, 0xf9, 0x9f, 0xf8, 0x0, 0x0,
    0x8f, 0xf9, 0x9f, 0xf8, 0x0, 0x0, 0x8f, 0xf9,
    0x9f, 0xf8, 0x0, 0x0, 0x8f, 0xf9, 0x9f, 0xf8,
    0x0, 0x0, 0x8f, 0xf9, 0x7f, 0xfb, 0x0, 0x0,
    0xbf, 0xf7, 0x3f, 0xff, 0x50, 0x5, 0xff, 0xf3,
    0xc, 0xff, 0xfd, 0xdf, 0xff, 0xc0, 0x2, 0xef,
    0xff, 0xff, 0xfe, 0x20, 0x0, 0x18, 0xdf, 0xfd,
    0x81, 0x0,

    /* U+0070 "p" */
    0x5f, 0xfc, 0x9, 0xef, 0xc5, 0x0, 0x5f, 0xfc,
    0xbf, 0xff, 0xff, 0x60, 0x5f, 0xff, 0xf9, 0x9f,
    0xff, 0xf0, 0x5f, 0xff, 0x40, 0x2, 0xff, 0xf5,
    0x5f, 0xfe, 0x0, 0x0, 0xaf, 0xf8, 0x5f, 0xfc,
    0x0, 0x0, 0x8f, 0xf9, 0x5f, 0xfc, 0x0, 0x0,
    0x8f, 0xf9, 0x5f, 0xfc, 0x0, 0x0, 0x8f, 0xf9,
    0x5f, 0xfc, 0x0, 0x0, 0x8f, 0xf9, 0x5f, 0xfc,
    0x0, 0x0, 0x8f, 0xf9, 0x5f, 0xfe, 0x0, 0x0,
    0xcf, 0xf7, 0x5f, 0xff, 0x70, 0x5, 0xff, 0xf5,
    0x5f, 0xfe, 0xfd, 0xcf, 0xff, 0xf0, 0x5f, 0xfc,
    0xaf, 0xff, 0xff, 0x60, 0x5f, 0xfc, 0x8, 0xef,
    0xc5, 0x0, 0x5f, 0xfc, 0x0, 0x0, 0x0, 0x0,
    0x5f, 0xfc, 0x0, 0x0, 0x0, 0x0, 0x5f, 0xfc,
    0x0, 0x0, 0x0, 0x0, 0x5f, 0xfc, 0x0, 0x0,
    0x0, 0x0, 0x5f, 0xfc, 0x0, 0x0, 0x0, 0x0,
    0x5f, 0xfc, 0x0, 0x0, 0x0, 0x0,

    /* U+0072 "r" */
    0xcf, 0xf5, 0x3c, 0xfe, 0x60, 0xcf, 0xf7, 0xef,
    0xff, 0xf4, 0xcf, 0xfe, 0xd8, 0xef, 0xfa, 0xcf,
    0xff, 0x10, 0x6f, 0xfd, 0xcf, 0xfa, 0x0, 0x28,
    0x86, 0xcf, 0xf7, 0x0, 0x0, 0x0, 0xcf, 0xf6,
    0x0, 0x0, 0x0, 0xcf, 0xf5, 0x0, 0x0, 0x0,
    0xcf, 0xf5, 0x0, 0x0, 0x0, 0xcf, 0xf5, 0x0,
    0x0, 0x0, 0xcf, 0xf5, 0x0, 0x0, 0x0, 0xcf,
    0xf5, 0x0, 0x0, 0x0, 0xcf, 0xf5, 0x0, 0x0,
    0x0, 0xcf, 0xf5, 0x0, 0x0, 0x0, 0xcf, 0xf5,
    0x0, 0x0, 0x0,

    /* U+0073 "s" */
    0x0, 0x29, 0xef, 0xfd, 0x91, 0x0, 0x3, 0xff,
    0xff, 0xff, 0xfe, 0x20, 0xc, 0xff, 0xfc, 0xcf,
    0xff, 0xc0, 0x1f, 0xff, 0x30, 0x3, 0xff, 0xf1,
    0x1f, 0xff, 0x10, 0x0, 0x44, 0x40, 0xd, 0xff,
    0xc3, 0x0, 0x0, 0x0, 0x4, 0xff, 0xff, 0xe9,
    0x20, 0x0, 0x0, 0x5f, 0xff, 0xff, 0xf8, 0x0,
    0x0, 0x1, 0x7c, 0xff, 0xff, 0x80, 0x0, 0x0,
    0x0, 0x1a, 0xff, 0xf1, 0x25, 0x54, 0x0, 0x0,
    0xdf, 0xf4, 0x4f, 0xfe, 0x20, 0x1, 0xef, 0xf4,
    0xe, 0xff, 0xfc, 0xcf, 0xff, 0xe0, 0x4, 0xff,
    0xff, 0xff, 0xff, 0x50, 0x0, 0x29, 0xef, 0xfe,
    0x92, 0x0,

    /* U+0074 "t" */
    0x0, 0xd, 0xff, 0x50, 0x0, 0x0, 0x0, 0x0,
    0xdf, 0xf5, 0x0, 0x0, 0x0, 0x0, 0xd, 0xff,
    0x50, 0x0, 0x0, 0x0, 0x0, 0xdf, 0xf5, 0x0,
    0x0, 0x0, 0x0, 0xd, 0xff, 0x50, 0x0, 0x0,
    0x0, 0x0, 0xdf, 0xf5, 0x0, 0x0, 0x0, 0xf,
    0xff, 0xff, 0xff, 0xff, 0xc0, 0x0, 0xff, 0xff,
    0xff, 0xff, 0xfc, 0x0, 0xb, 0xbf, 0xff, 0xdb,
    0xbb, 0x90, 0x0, 0x0, 0xdf, 0xf5, 0x0, 0x0,
    0x0, 0x0, 0xd, 0xff, 0x50, 0x0, 0x0, 0x0,
    0x0, 0xdf, 0xf5, 0x0, 0x0, 0x0, 0x0, 0xd,
    0xff, 0x50, 0x0, 0x0, 0x0, 0x0, 0xdf, 0xf5,
    0x0, 0x0, 0x0, 0x0, 0xd, 0xff, 0x50, 0x0,
    0x0, 0x0, 0x0, 0xdf, 0xf5, 0x0, 0x44, 0x40,
    0x0, 0xc, 0xff, 0x60, 0x2f, 0xff, 0x0, 0x0,
    0x9f, 0xfa, 0x7, 0xff, 0xd0, 0x0, 0x4, 0xff,
    0xfc, 0xff, 0xf8, 0x0, 0x0, 0xa, 0xff, 0xff,
    0xfd, 0x10, 0x0, 0x0, 0x7, 0xdf, 0xe9, 0x10,
    0x0,

    /* U+0075 "u" */
    0x5f, 0xfc, 0x0, 0x0, 0xcf, 0xf5, 0x5f, 0xfc,
    0x0, 0x0, 0xcf, 0xf5, 0x5f, 0xfc, 0x0, 0x0,
    0xcf, 0xf5, 0x5f, 0xfc, 0x0, 0x0, 0xcf, 0xf5,
    0x5f, 0xfc, 0x0, 0x0, 0xcf, 0xf5, 0x5f, 0xfc,
    0x0, 0x0, 0xcf, 0xf5, 0x5f, 0xfc, 0x0, 0x0,
    0xcf, 0xf5, 0x5f, 0xfc, 0x0, 0x0, 0xcf, 0xf5,
    0x5f, 0xfc, 0x0, 0x0, 0xcf, 0xf5, 0x5f, 0xfc,
    0x0, 0x0, 0xcf, 0xf5, 0x4f, 0xfe, 0x0, 0x0,
    0xef, 0xf5, 0x1f, 0xff, 0x70, 0x7, 0xff, 0xf5,
    0xc, 0xff, 0xfd, 0xdf, 0xef, 0xf5, 0x3, 0xff,
    0xff, 0xfa, 0xcf, 0xf5, 0x0, 0x4c, 0xfe, 0x80,
    0xcf, 0xf5,

    /* U+0076 "v" */
    0xdf, 0xf6, 0x0, 0x0, 0x6f, 0xfd, 0x8f, 0xfa,
    0x0, 0x0, 0xaf, 0xf8, 0x4f, 0xfe, 0x0, 0x0,
    0xef, 0xf4, 0xf, 0xff, 0x20, 0x2, 0xff, 0xf0,
    0xb, 0xff, 0x60, 0x6, 0xff, 0xb0, 0x7, 0xff,
    0xa0, 0xa, 0xff, 0x70, 0x2, 0xff, 0xe0, 0xe,
    0xff, 0x20, 0x0, 0xef, 0xf2, 0x2f, 0xfe, 0x0,
    0x0, 0x9f, 0xf6, 0x6f, 0xf9, 0x0, 0x0, 0x5f,
    0xfa, 0xaf, 0xf5, 0x0, 0x0, 0x1f, 0xfe, 0xef,
    0xf1, 0x0, 0x0, 0xc, 0xff, 0xff, 0xc0, 0x0,
    0x0, 0x7, 0xff, 0xff, 0x70, 0x0, 0x0, 0x3,
    0xff, 0xff, 0x30, 0x0, 0x0, 0x0, 0xef, 0xfe,
    0x0, 0x0,

    /* U+0077 "w" */
    0x4f, 0xfc, 0x0, 0x0, 0x0, 0xcf, 0xf4, 0x1f,
    0xfd, 0x0, 0x0, 0x0, 0xdf, 0xf1, 0xf, 0xfe,
    0x0, 0x0, 0x0, 0xef, 0xf0, 0xc, 0xff, 0x0,
    0x0, 0x0, 0xff, 0xc0, 0xa, 0xff, 0x3, 0xcc,
    0x30, 0xff, 0xa0, 0x7, 0xff, 0x17, 0xff, 0x71,
    0xff, 0x70, 0x5, 0xff, 0x29, 0xff, 0x92, 0xff,
    0x50, 0x2, 0xff, 0x3c, 0xff, 0xc3, 0xff, 0x20,
    0x0, 0xff, 0x4f, 0xcc, 0xf4, 0xff, 0x0, 0x0,
    0xdf, 0x7f, 0x99, 0xf7, 0xfd, 0x0, 0x0, 0xaf,
    0xaf, 0x66, 0xfa, 0xfa, 0x0, 0x0, 0x8f, 0xef,
    0x33, 0xfe, 0xf8, 0x0, 0x0, 0x5f, 0xff, 0x0,
    0xff, 0xf5, 0x0, 0x0, 0x3f, 0xfd, 0x0, 0xdf,
    0xf3, 0x0, 0x0, 0xf, 0xfa, 0x0, 0xaf, 0xf0,
    0x0,

    /* U+0078 "x" */
    0x7f, 0xff, 0x10, 0x1, 0xff, 0xf7, 0xe, 0xff,
    0x90, 0x9, 0xff, 0xe0, 0x6, 0xff, 0xf1, 0x1f,
    0xff, 0x60, 0x0, 0xdf, 0xf9, 0x9f, 0xfd, 0x0,
    0x0, 0x4f, 0xff, 0xff, 0xf4, 0x0, 0x0, 0xb,
    0xff, 0xff, 0xb0, 0x0, 0x0, 0x2, 0xff, 0xff,
    0x20, 0x0, 0x0, 0x0, 0xbf, 0xfb, 0x0, 0x0,
    0x0, 0x2, 0xff, 0xff, 0x20, 0x0, 0x0, 0xb,
    0xff, 0xff, 0xb0, 0x0, 0x0, 0x4f, 0xff, 0xff,
    0xf4, 0x0, 0x0, 0xdf, 0xf9, 0x9f, 0xfd, 0x0,
    0x6, 0xff, 0xf1, 0x1f, 0xff, 0x60, 0xe, 0xff,
    0x90, 0x9, 0xff, 0xe0, 0x7f, 0xff, 0x10, 0x1,
    0xff, 0xf7,

    /* U+0079 "y" */
    0x8f, 0xfa, 0x0, 0x0, 0xaf, 0xf8, 0x4f, 0xfe,
    0x0, 0x0, 0xdf, 0xf4, 0xf, 0xff, 0x10, 0x1,
    0xff, 0xf0, 0xb, 0xff, 0x50, 0x4, 0xff, 0xb0,
    0x7, 0xff, 0x90, 0x8, 0xff, 0x70, 0x2, 0xff,
    0xd0, 0xc, 0xff, 0x30, 0x0, 0xef, 0xf0, 0xf,
    0xfe, 0x0, 0x0, 0x9f, 0xf4, 0x3f, 0xfa, 0x0,
    0x0, 0x5f, 0xf8, 0x6f, 0xf6, 0x0, 0x0, 0x1f,
    0xfc, 0xaf, 0xf1, 0x0, 0x0, 0xc, 0xff, 0xef,
    0xd0, 0x0, 0x0, 0x7, 0xff, 0xff, 0x90, 0x0,
    0x0, 0x3, 0xff, 0xff, 0x40, 0x0, 0x0, 0x0,
    0xef, 0xff, 0x0, 0x0, 0x0, 0x0, 0xaf, 0xfc,
    0x0, 0x0, 0x0, 0x0, 0xbf, 0xf7, 0x0, 0x0,
    0x0, 0x0, 0xff, 0xf3, 0x0, 0x0, 0x0, 0x4,
    0xff, 0xf0, 0x0, 0x0, 0x0, 0x8, 0xff, 0xb0,
    0x0, 0x0, 0x0, 0xc, 0xff, 0x60, 0x0, 0x0,
    0x0, 0x1f, 0xff, 0x20, 0x0, 0x0,

    /* U+007A "z" */
    0x5f, 0xff, 0xff, 0xff, 0xff, 0xf5, 0x5f, 0xff,
    0xff, 0xff, 0xff, 0xf5, 0x4b, 0xbb, 0xbb, 0xbb,
    0xff, 0xf5, 0x0, 0x0, 0x0, 0x8, 0xff, 0xb0,
    0x0, 0x0, 0x0, 0x4f, 0xfe, 0x10, 0x0, 0x0,
    0x2, 0xff, 0xf3, 0x0, 0x0, 0x0, 0xd, 0xff,
    0x60, 0x0, 0x0, 0x0, 0xaf, 0xfa, 0x0, 0x0,
    0x0, 0x6, 0xff, 0xd0, 0x0, 0x0, 0x0, 0x3f,
    0xff, 0x20, 0x0, 0x0, 0x1, 0xef, 0xf4, 0x0,
    0x0, 0x0, 0xb, 0xff, 0x80, 0x0, 0x0, 0x0,
    0x5f, 0xff, 0xbb, 0xbb, 0xbb, 0xb4, 0x5f, 0xff,
    0xff, 0xff, 0xff, 0xf5, 0x5f, 0xff, 0xff, 0xff,
    0xff, 0xf5,

    /* U+007B "{" */
    0x0, 0x0, 0x5, 0xad, 0xf4, 0x0, 0x2, 0xcf,
    0xff, 0xf4, 0x0, 0x1e, 0xff, 0xff, 0xc3, 0x0,
    0x7f, 0xff, 0x60, 0x0, 0x0, 0xbf, 0xf8, 0x0,
    0x0, 0x0, 0xbf, 0xf7, 0x0, 0x0, 0x0, 0x8f,
    0xfc, 0x0, 0x0, 0x0, 0x2f, 0xff, 0x30, 0x0,
    0x0, 0xb, 0xff, 0x80, 0x0, 0x0, 0x6, 0xff,
    0xb0, 0x0, 0x0, 0x7, 0xff, 0xa0, 0x0, 0x0,
    0x3e, 0xff, 0x60, 0x0, 0x9d, 0xff, 0xfb, 0x0,
    0x0, 0xdf, 0xff, 0x90, 0x0, 0x0, 0xdf, 0xff,
    0xf7, 0x0, 0x0, 0x2, 0x8f, 0xff, 0x40, 0x0,
    0x0, 0x9, 0xff, 0x90, 0x0, 0x0, 0x6, 0xff,
    0xb0, 0x0, 0x0, 0x8, 0xff, 0xa0, 0x0, 0x0,
    0xe, 0xff, 0x70, 0x0, 0x0, 0x5f, 0xff, 0x10,
    0x0, 0x0, 0xaf, 0xfa, 0x0, 0x0, 0x0, 0xbf,
    0xf6, 0x0, 0x0, 0x0, 0xaf, 0xf9, 0x0, 0x0,
    0x0, 0x6f, 0xff, 0x60, 0x0, 0x0, 0xd, 0xff,
    0xff, 0xc3, 0x0, 0x1, 0xbf, 0xff, 0xf4, 0x0,
    0x0, 0x4, 0xae, 0xf4,

    /* U+007D "}" */
    0x4f, 0xda, 0x50, 0x0, 0x0, 0x4f, 0xff, 0xfc,
    0x20, 0x0, 0x3c, 0xff, 0xff, 0xe1, 0x0, 0x0,
    0x6, 0xff, 0xf7, 0x0, 0x0, 0x0, 0x8f, 0xfb,
    0x0, 0x0, 0x0, 0x7f, 0xfb, 0x0, 0x0, 0x0,
    0xcf, 0xf8, 0x0, 0x0, 0x3, 0xff, 0xf2, 0x0,
    0x0, 0x8, 0xff, 0xb0, 0x0, 0x0, 0xb, 0xff,
    0x60, 0x0, 0x0, 0xa, 0xff, 0x70, 0x0, 0x0,
    0x6, 0xff, 0xe3, 0x0, 0x0, 0x0, 0xbf, 0xff,
    0xd9, 0x0, 0x0, 0x9, 0xff, 0xfd, 0x0, 0x0,
    0x7f, 0xff, 0xfd, 0x0, 0x4, 0xff, 0xf8, 0x20,
    0x0, 0x9, 0xff, 0x90, 0x0, 0x0, 0xb, 0xff,
    0x60, 0x0, 0x0, 0xa, 0xff, 0x80, 0x0, 0x0,
    0x7, 0xff, 0xe0, 0x0, 0x0, 0x1, 0xff, 0xf5,
    0x0, 0x0, 0x0, 0xaf, 0xf9, 0x0, 0x0, 0x0,
    0x6f, 0xfb, 0x0, 0x0, 0x0, 0x9f, 0xfa, 0x0,
    0x0, 0x6, 0xff, 0xf6, 0x0, 0x3c, 0xff, 0xff,
    0xd0, 0x0, 0x4f, 0xff, 0xfb, 0x10, 0x0, 0x4f,
    0xea, 0x40, 0x0, 0x0,

    /* U+4E0B "下" */
    0x5f, 0xff, 0xff, 0xff, 0xff, 0xff, 0xff, 0xff,
    0xff, 0xff, 0xff, 0xff, 0xfc, 0x5f, 0xff, 0xff,
    0xff, 0xff, 0xff, 0xff, 0xff, 0xff, 0xff, 0xff,
    0xff, 0xfc, 0x5f, 0xff, 0xff, 0xff, 0xff, 0xff,
    0xff, 0xff, 0xff, 0xff, 0xff, 0xff, 0xfc, 0x27,
    0x77, 0x77, 0x77, 0x77, 0x8f, 0xff, 0xb7, 0x77,
    0x77, 0x77, 0x77, 0x75, 0x0, 0x0, 0x0, 0x0,
    0x0, 0x2f, 0xff, 0x70, 0x0, 0x0, 0x0, 0x0,
    0x0, 0x0, 0x0, 0x0, 0x0, 0x0, 0x2f, 0xff,
    0x70, 0x0, 0x0, 0x0, 0x0, 0x0, 0x0, 0x0,
    0x0, 0x0, 0x0, 0x2f, 0xff, 0x70, 0x0, 0x0,
    0x0, 0x0, 0x0, 0x0, 0x0, 0x0, 0x0, 0x0,
    0x2f, 0xff, 0xba, 0x20, 0x0, 0x0, 0x0, 0x0,
    0x0, 0x0, 0x0, 0x0, 0x0, 0x2f, 0xff, 0xff,
    0xf9, 0x10, 0x0, 0x0, 0x0, 0x0, 0x0, 0x0,
    0x0, 0x0, 0x2f, 0xff, 0xff, 0xff, 0xf7, 0x0,
    0x0, 0x0, 0x0, 0x0, 0x0, 0x0, 0x0, 0x2f,
    0xff, 0xff, 0xff, 0xff, 0xe5, 0x0, 0x0, 0x0,
    0x0, 0x0, 0x0, 0x0, 0x2f, 0xff, 0x75, 0xef,
    0xff, 0xff, 0xb1, 0x0, 0x0, 0x0, 0x0, 0x0,
    0x0, 0x2f, 0xff, 0x70, 0x9, 0xff, 0xff, 0xfe,
    0x40, 0x0, 0x0, 0x0, 0x0, 0x0, 0x2f, 0xff,
    0x70, 0x0, 0x3d, 0xff, 0xfe, 0x20, 0x0, 0x0,
    0x0, 0x0, 0x0, 0x2f, 0xff, 0x70, 0x0, 0x0,
    0x8f, 0xf4, 0x0, 0x0, 0x0, 0x0, 0x0, 0x0,
    0x2f, 0xff, 0x70, 0x0, 0x0, 0x5, 0x60, 0x0,
    0x0, 0x0, 0x0, 0x0, 0x0, 0x2f, 0xff, 0x70,
    0x0, 0x0, 0x0, 0x0, 0x0, 0x0, 0x0, 0x0,
    0x0, 0x0, 0x2f, 0xff, 0x70, 0x0, 0x0, 0x0,
    0x0, 0x0, 0x0, 0x0, 0x0, 0x0, 0x0, 0x2f,
    0xff, 0x70, 0x0, 0x0, 0x0, 0x0, 0x0, 0x0,
    0x0, 0x0, 0x0, 0x0, 0x2f, 0xff, 0x70, 0x0,
    0x0, 0x0, 0x0, 0x0, 0x0, 0x0, 0x0, 0x0,
    0x0, 0x2f, 0xff, 0x70, 0x0, 0x0, 0x0, 0x0,
    0x0, 0x0, 0x0, 0x0, 0x0, 0x0, 0x2f, 0xff,
    0x70, 0x0, 0x0, 0x0, 0x0, 0x0, 0x0, 0x0,
    0x0, 0x0, 0x0, 0x2f, 0xff, 0x70, 0x0, 0x0,
    0x0, 0x0, 0x0, 0x0, 0x0, 0x0, 0x0, 0x0,
    0x2f, 0xff, 0x70, 0x0, 0x0, 0x0, 0x0, 0x0,

    /* U+4E3A "为" */
    0x0, 0x0, 0x0, 0x0, 0x2, 0xcc, 0xc2, 0x0,
    0x0, 0x0, 0x0, 0x0, 0x0, 0x0, 0x39, 0xf3,
    0x0, 0x3f, 0xff, 0x30, 0x0, 0x0, 0x0, 0x0,
    0x0, 0x0, 0xd, 0xff, 0xe1, 0x3, 0xff, 0xf3,
    0x0, 0x0, 0x0, 0x0, 0x0, 0x0, 0x0, 0x3f,
    0xff, 0xa0, 0x3f, 0xff, 0x30, 0x0, 0x0, 0x0,
    0x0, 0x0, 0x0, 0x0, 0x9f, 0xff, 0x33, 0xff,
    0xf3, 0x0, 0x0, 0x0, 0x0, 0x0, 0x0, 0x0,
    0x1, 0xfe, 0x81, 0x3f, 0xff, 0x20, 0x0, 0x0,
    0x0, 0x0, 0x0, 0x3, 0x44, 0x47, 0x44, 0x47,
    0xff, 0xf5, 0x44, 0x44, 0x44, 0x44, 0x44, 0x20,
    0xef, 0xff, 0xff, 0xff, 0xff, 0xff, 0xff, 0xff,
    0xff, 0xff, 0xff, 0xf9, 0xe, 0xff, 0xff, 0xff,
    0xff, 0xff, 0xff, 0xff, 0xff, 0xff, 0xff, 0xff,
    0x80, 0xef, 0xff, 0xff, 0xff, 0xff, 0xff, 0xff,
    0xff, 0xff, 0xff, 0xff, 0xf8, 0x2, 0x22, 0x22,
    0x22, 0x2d, 0xff, 0xc2, 0x22, 0x22, 0x22, 0x2f,
    0xff, 0x70, 0x0, 0x0, 0x0, 0x0, 0xff, 0xf9,
    0x0, 0x0, 0x0, 0x1, 0xff, 0xf7, 0x0, 0x0,
    0x0, 0x0, 0x4f, 0xff, 0x50, 0x1, 0x0, 0x0,
    0x1f, 0xff, 0x60, 0x0, 0x0, 0x0, 0x9, 0xff,
    0xf2, 0x7e, 0xe1, 0x0, 0x2, 0xff, 0xf5, 0x0,
    0x0, 0x0, 0x0, 0xff, 0xfc, 0x2f, 0xff, 0xb0,
    0x0, 0x3f, 0xff, 0x40, 0x0, 0x0, 0x0, 0x6f,
    0xff, 0x70, 0x6f, 0xff, 0x60, 0x4, 0xff, 0xf3,
    0x0, 0x0, 0x0, 0xe, 0xff, 0xf1, 0x0, 0xcf,
    0xff, 0x10, 0x5f, 0xff, 0x20, 0x0, 0x0, 0x9,
    0xff, 0xf8, 0x0, 0x2, 0xff, 0xf8, 0x6, 0xff,
    0xf1, 0x0, 0x0, 0x4, 0xff, 0xfe, 0x10, 0x0,
    0x9, 0xd5, 0x0, 0x8f, 0xff, 0x0, 0x0, 0x2,
    0xff, 0xff, 0x60, 0x0, 0x0, 0x0, 0x0, 0xa,
    0xff, 0xf0, 0x0, 0x2, 0xef, 0xff, 0xb0, 0x0,
    0x0, 0x0, 0x0, 0x0, 0xdf, 0xfd, 0x0, 0x4,
    0xef, 0xff, 0xd1, 0x0, 0x0, 0x0, 0x0, 0x0,
    0x1f, 0xff, 0xb0, 0x8, 0xff, 0xff, 0xe1, 0x0,
    0x0, 0x0, 0x47, 0x66, 0x6c, 0xff, 0xf7, 0x3,
    0xff, 0xff, 0xd2, 0x0, 0x0, 0x0, 0x3, 0xff,
    0xff, 0xff, 0xff, 0x20, 0x2, 0xef, 0xb1, 0x0,
    0x0, 0x0, 0x0, 0xd, 0xff, 0xff, 0xff, 0x90,
    0x0, 0x2, 0x60, 0x0, 0x0, 0x0, 0x0, 0x0,
    0x9f, 0xff, 0xec, 0x60, 0x0,

    /* U+4EAE "亮" */
    0x0, 0x0, 0x0, 0x0, 0x0, 0x0, 0x3, 0x0,
    0x0, 0x0, 0x0, 0x0, 0x0, 0x0, 0x0, 0x0,
    0x0, 0x0, 0x4d, 0xff, 0x40, 0x0, 0x0, 0x0,
    0x0, 0x0, 0x0, 0x0, 0x0, 0x0, 0x0, 0xf,
    0xff, 0xc0, 0x0, 0x0, 0x0, 0x0, 0x0, 0xcd,
    0xdd, 0xdd, 0xdd, 0xdd, 0xdf, 0xff, 0xfd, 0xdd,
    0xdd, 0xdd, 0xdd, 0xd5, 0xef, 0xff, 0xff, 0xff,
    0xff, 0xff, 0xff, 0xff, 0xff, 0xff, 0xff, 0xff,
    0xf6, 0xde, 0xee, 0xee, 0xee, 0xee, 0xee, 0xee,
    0xee, 0xee, 0xee, 0xee, 0xee, 0xe5, 0x0, 0x0,
    0x0, 0x0, 0x0, 0x0, 0x0, 0x0, 0x0, 0x0,
    0x0, 0x0, 0x0, 0x0, 0x0, 0xbf, 0xff, 0xff,
    0xff, 0xff, 0xff, 0xff, 0xff, 0xf9, 0x0, 0x0,
    0x0, 0x0, 0xcf, 0xff, 0xff, 0xff, 0xff, 0xff,
    0xff, 0xff, 0xfa, 0x0, 0x0, 0x0, 0x0, 0xcf,
    0xfb, 0x44, 0x44, 0x44, 0x44, 0x44, 0xef, 0xfa,
    0x0, 0x0, 0x0, 0x0, 0xcf, 0xfa, 0x0, 0x0,
    0x0, 0x0, 0x0, 0xef, 0xfa, 0x0, 0x0, 0x0,
    0x0, 0xcf, 0xff, 0xff, 0xff, 0xff, 0xff, 0xff,
    0xff, 0xfa, 0x0, 0x0, 0x0, 0x0, 0xcf, 0xff,
    0xff, 0xff, 0xff, 0xff, 0xff, 0xff, 0xfa, 0x0,
    0x0, 0x0, 0x0, 0x34, 0x44, 0x44, 0x44, 0x44,
    0x44, 0x44, 0x44, 0x42, 0x0, 0x0, 0x59, 0x99,
    0x99, 0x99, 0x99, 0x99, 0x99, 0x99, 0x99, 0x99,
    0x99, 0x99, 0x91, 0x9f, 0xff, 0xff, 0xff, 0xff,
    0xff, 0xff, 0xff, 0xff, 0xff, 0xff, 0xff, 0xf1,
    0x9f, 0xff, 0xff, 0xff, 0xff, 0xff, 0xff, 0xff,
    0xff, 0xff, 0xff, 0xff, 0xf1, 0x9f, 0xfb, 0x0,
    0x0, 0x0, 0x0, 0x0, 0x0, 0x0, 0x0, 0x3,
    0xff, 0xf1, 0x9f, 0xfb, 0x0, 0x2c, 0xcc, 0xcc,
    0xcc, 0xcc, 0xcc, 0xc0, 0x3, 0xff, 0xf1, 0x7e,
    0xea, 0x0, 0x4f, 0xff, 0xff, 0xff, 0xff, 0xff,
    0xf0, 0x2, 0xdd, 0xd1, 0x0, 0x0, 0x0, 0x7f,
    0xff, 0xff, 0xff, 0xff, 0xff, 0xf0, 0x0, 0x0,
    0x0, 0x0, 0x0, 0x0, 0xcf, 0xfd, 0x0, 0x0,
    0x9, 0xff, 0xf0, 0x0, 0x32, 0x0, 0x0, 0x0,
    0x7, 0xff, 0xf8, 0x0, 0x0, 0x9, 0xff, 0xf0,
    0x0, 0x8f, 0xb4, 0x0, 0x3, 0xbf, 0xff, 0xf1,
    0x0, 0x0, 0x8, 0xff, 0xf0, 0x0, 0xbf, 0xf6,
    0x6a, 0xef, 0xff, 0xff, 0x50, 0x0, 0x0, 0x7,
    0xff, 0xfe, 0xee, 0xff, 0xf4, 0x3f, 0xff, 0xff,
    0xe4, 0x0, 0x0, 0x0, 0x3, 0xff, 0xff, 0xff,
    0xff, 0xe0, 0x8, 0xff, 0xd7, 0x0, 0x0, 0x0,
    0x0, 0x0, 0x6d, 0xff, 0xff, 0xfc, 0x30, 0x1,
    0x51, 0x0, 0x0, 0x0, 0x0, 0x0, 0x0, 0x0,
    0x0, 0x0, 0x0, 0x0,

    /* U+524D "前" */
    0x0, 0x0, 0x0, 0x0, 0x0, 0x0, 0x0, 0x0,
    0x0, 0x0, 0x0, 0x0, 0x0, 0x0, 0x0, 0x17,
    0xd9, 0x0, 0x0, 0x0, 0x0, 0x0, 0xec, 0x72,
    0x0, 0x0, 0x0, 0x0, 0xbf, 0xff, 0x60, 0x0,
    0x0, 0x0, 0x7, 0xff, 0xfa, 0x0, 0x0, 0x0,
    0x0, 0x1e, 0xff, 0xf2, 0x0, 0x0, 0x0, 0xe,
    0xff, 0xe1, 0x0, 0x0, 0x0, 0x0, 0x5, 0xff,
    0xf7, 0x0, 0x0, 0x0, 0x9f, 0xff, 0x50, 0x0,
    0x0, 0xcd, 0xdd, 0xdd, 0xff, 0xed, 0xdd, 0xdd,
    0xdd, 0xff, 0xff, 0xdd, 0xdd, 0xd7, 0xef, 0xff,
    0xff, 0xff, 0xff, 0xff, 0xff, 0xff, 0xff, 0xff,
    0xff, 0xff, 0xf8, 0xef, 0xff, 0xff, 0xff, 0xff,
    0xff, 0xff, 0xff, 0xff, 0xff, 0xff, 0xff, 0xf8,
    0x33, 0x33, 0x33, 0x33, 0x33, 0x33, 0x33, 0x33,
    0x33, 0x33, 0x33, 0x33, 0x31, 0x0, 0x0, 0x0,
    0x0, 0x0, 0x0, 0x0, 0x0, 0x0, 0x0, 0x3,
    0x33, 0x0, 0x4, 0xbb, 0xbb, 0xbb, 0xbb, 0xbb,
    0x80, 0x4, 0x55, 0x10, 0x4f, 0xff, 0x0, 0x6,
    0xff, 0xff, 0xff, 0xff, 0xff, 0xb0, 0xd, 0xff,
    0x30, 0x4f, 0xff, 0x0, 0x6, 0xff, 0xff, 0xff,
    0xff, 0xff, 0xb0, 0xd, 0xff, 0x30, 0x4f, 0xff,
    0x0, 0x6, 0xff, 0xd2, 0x22, 0x29, 0xff, 0xb0,
    0xd, 0xff, 0x30, 0x4f, 0xff, 0x0, 0x6, 0xff,
    0xc1, 0x11, 0x18, 0xff, 0xb0, 0xd, 0xff, 0x30,
    0x4f, 0xff, 0x0, 0x6, 0xff, 0xff, 0xff, 0xff,
    0xff, 0xb0, 0xd, 0xff, 0x30, 0x4f, 0xff, 0x0,
    0x6, 0xff, 0xff, 0xff, 0xff, 0xff, 0xb0, 0xd,
    0xff, 0x30, 0x4f, 0xff, 0x0, 0x6, 0xff, 0xd6,
    0x66, 0x6a, 0xff, 0xb0, 0xd, 0xff, 0x30, 0x4f,
    0xff, 0x0, 0x6, 0xff, 0xc0, 0x0, 0x7, 0xff,
    0xb0, 0xd, 0xff, 0x30, 0x4f, 0xff, 0x0, 0x6,
    0xff, 0xfc, 0xcc, 0xce, 0xff, 0xb0, 0xd, 0xff,
    0x30, 0x4f, 0xff, 0x0, 0x6, 0xff, 0xff, 0xff,
    0xff, 0xff, 0xb0, 0xd, 0xff, 0x30, 0x4f, 0xff,
    0x0, 0x6, 0xff, 0xea, 0xaa, 0xad, 0xff, 0xb0,
    0xd, 0xff, 0x30, 0x4f, 0xff, 0x0, 0x6, 0xff,
    0xc0, 0x0, 0x7, 0xff, 0xb0, 0x1, 0x11, 0x0,
    0x4f, 0xff, 0x0, 0x6, 0xff, 0xc0, 0x0, 0x7,
    0xff, 0xb0, 0x0, 0x2, 0x22, 0x7f, 0xff, 0x0,
    0x6, 0xff, 0xc0, 0x3d, 0xdf, 0xff, 0xb0, 0x0,
    0xd, 0xff, 0xff, 0xff, 0x0, 0x6, 0xff, 0xc0,
    0xd, 0xff, 0xff, 0x70, 0x0, 0x6, 0xff, 0xff,
    0xf9, 0x0, 0x5, 0xee, 0xb0, 0x8, 0xff, 0xd7,
    0x0, 0x0, 0x1, 0xff, 0xec, 0x70, 0x0,

    /* U+52A8 "动" */
    0x0, 0x0, 0x0, 0x0, 0x0, 0x0, 0x0, 0x0,
    0x24, 0x43, 0x0, 0x0, 0x0, 0x0, 0x0, 0x0,
    0x0, 0x0, 0x0, 0x0, 0x0, 0x9f, 0xfb, 0x0,
    0x0, 0x0, 0x7, 0xdd, 0xdd, 0xdd, 0xdd, 0xdd,
    0x50, 0x0, 0x9f, 0xfb, 0x0, 0x0, 0x0, 0x9,
    0xff, 0xff, 0xff, 0xff, 0xff, 0x60, 0x0, 0x9f,
    0xfb, 0x0, 0x0, 0x0, 0x9, 0xff, 0xff, 0xff,
    0xff, 0xff, 0x60, 0x0, 0x9f, 0xfb, 0x0, 0x0,
    0x0, 0x1, 0x11, 0x11, 0x11, 0x11, 0x11, 0x0,
    0x0, 0x9f, 0xfb, 0x0, 0x0, 0x0, 0x0, 0x0,
    0x0, 0x0, 0x0, 0x0, 0xa, 0xdd, 0xff, 0xff,
    0xdd, 0xdd, 0xda, 0x0, 0x0, 0x0, 0x0, 0x0,
    0x0, 0xc, 0xff, 0xff, 0xff, 0xff, 0xff, 0xfc,
    0x1, 0x11, 0x11, 0x11, 0x11, 0x11, 0x1c, 0xff,
    0xff, 0xff, 0xff, 0xff, 0xfb, 0x8f, 0xff, 0xff,
    0xff, 0xff, 0xff, 0xe6, 0x88, 0xef, 0xfc, 0x88,
    0xcf, 0xfb, 0x8f, 0xff, 0xff, 0xff, 0xff, 0xff,
    0xe0, 0x0, 0xcf, 0xf8, 0x0, 0x8f, 0xfb, 0x7f,
    0xff, 0xff, 0xff, 0xff, 0xff, 0xe0, 0x0, 0xdf,
    0xf7, 0x0, 0x9f, 0xfa, 0x0, 0x2, 0xff, 0xf4,
    0x0, 0x0, 0x0, 0x0, 0xff, 0xf5, 0x0, 0x9f,
    0xfa, 0x0, 0x6, 0xff, 0xf0, 0x0, 0x11, 0x0,
    0x1, 0xff, 0xf3, 0x0, 0xaf, 0xf9, 0x0, 0xa,
    0xff, 0xa0, 0x3d, 0xf9, 0x0, 0x3, 0xff, 0xf1,
    0x0, 0xbf, 0xf9, 0x0, 0xf, 0xff, 0x50, 0x1f,
    0xff, 0x0, 0x5, 0xff, 0xf0, 0x0, 0xbf, 0xf8,
    0x0, 0x4f, 0xff, 0x0, 0xa, 0xff, 0x60, 0x9,
    0xff, 0xc0, 0x0, 0xcf, 0xf7, 0x0, 0x9f, 0xf9,
    0x0, 0x5, 0xff, 0xc0, 0xd, 0xff, 0x80, 0x0,
    0xdf, 0xf6, 0x0, 0xff, 0xf6, 0x69, 0xdf, 0xff,
    0xf2, 0x2f, 0xff, 0x40, 0x0, 0xef, 0xf5, 0x8,
    0xff, 0xff, 0xff, 0xff, 0xff, 0xf7, 0x8f, 0xff,
    0x0, 0x0, 0xff, 0xf4, 0x3f, 0xff, 0xff, 0xff,
    0xfe, 0xcf, 0xfd, 0xff, 0xfa, 0x0, 0x2, 0xff,
    0xf3, 0xe, 0xff, 0xff, 0xb6, 0x20, 0x1c, 0x7c,
    0xff, 0xf4, 0x0, 0x5, 0xff, 0xf1, 0x9, 0xe8,
    0x40, 0x0, 0x0, 0x0, 0x5f, 0xff, 0xc3, 0x33,
    0x3c, 0xff, 0xe0, 0x1, 0x0, 0x0, 0x0, 0x0,
    0x2, 0xff, 0xff, 0x37, 0xff, 0xff, 0xff, 0xa0,
    0x0, 0x0, 0x0, 0x0, 0x0, 0x0, 0x8f, 0xf9,
    0x1, 0xff, 0xff, 0xff, 0x30, 0x0, 0x0, 0x0,
    0x0, 0x0, 0x0, 0x9, 0xb0, 0x0, 0xef, 0xff,
    0xb3, 0x0, 0x0, 0x0, 0x0, 0x0, 0x0, 0x0,
    0x0, 0x0, 0x0, 0x0, 0x0, 0x0, 0x0,

    /* U+5668 "器" */
    0x0, 0x6, 0xcc, 0xcc, 0xcc, 0xcc, 0xa0, 0x9,
    0xcc, 0xcc, 0xcc, 0xcc, 0xb0, 0x0, 0x0, 0x7,
    0xff, 0xff, 0xff, 0xff, 0xd0, 0xb, 0xff, 0xff,
    0xff, 0xff, 0xe0, 0x0, 0x0, 0x7, 0xff, 0xff,
    0xff, 0xff, 0xd0, 0xb, 0xff, 0xff, 0xff, 0xff,
    0xe0, 0x0, 0x0, 0x7, 0xff, 0x80, 0x6, 0xff,
    0xd0, 0xb, 0xff, 0x50, 0x5, 0xff, 0xe0, 0x0,
    0x0, 0x7, 0xff, 0x80, 0x6, 0xff, 0xd0, 0xb,
    0xff, 0x40, 0x5, 0xff, 0xe0, 0x0, 0x0, 0x7,
    0xff, 0x81, 0x16, 0xff, 0xd0, 0xb, 0xff, 0x51,
    0x15, 0xff, 0xe0, 0x0, 0x0, 0x7, 0xff, 0xff,
    0xff, 0xff, 0xd0, 0xb, 0xff, 0xff, 0xff, 0xff,
    0xe0, 0x0, 0x0, 0x7, 0xff, 0xff, 0xff, 0xff,
    0xd0, 0xb, 0xff, 0xff, 0xff, 0xff, 0xe0, 0x0,
    0x0, 0x5, 0xcc, 0xcc, 0xcc, 0xce, 0xe4, 0x18,
    0xcc, 0xff, 0xec, 0xcc, 0xa0, 0x0, 0x0, 0x0,
    0x0, 0x0, 0x0, 0x1f, 0xff, 0x90, 0x7, 0xff,
    0xfb, 0x30, 0x0, 0x0, 0x0, 0x0, 0x0, 0x0,
    0x0, 0xbf, 0xfe, 0x20, 0x0, 0x4c, 0xff, 0xa0,
    0x0, 0x0, 0x9, 0xff, 0xff, 0xff, 0xff, 0xff,
    0xff, 0xff, 0xff, 0xff, 0xff, 0xff, 0xff, 0xe0,
    0x9, 0xff, 0xff, 0xff, 0xff, 0xff, 0xff, 0xff,
    0xff, 0xff, 0xff, 0xff, 0xff, 0xe0, 0x7, 0xdd,
    0xdd, 0xef, 0xff, 0xfe, 0xdd, 0xdd, 0xff, 0xff,
    0xed, 0xdd, 0xdd, 0xc0, 0x0, 0x0, 0x1, 0xbf,
    0xff, 0xc0, 0x0, 0x0, 0x5f, 0xff, 0xe5, 0x0,
    0x0, 0x0, 0x0, 0x0, 0x6e, 0xff, 0xfd, 0x10,
    0x0, 0x0, 0x6, 0xff, 0xff, 0xb2, 0x0, 0x0,
    0x0, 0x5d, 0xff, 0xff, 0xd3, 0x22, 0x10, 0x1,
    0x22, 0x7f, 0xff, 0xff, 0xb4, 0x0, 0xd, 0xff,
    0xff, 0xff, 0xff, 0xff, 0xd0, 0xb, 0xff, 0xff,
    0xff, 0xff, 0xff, 0xe5, 0x6, 0xff, 0xff, 0xff,
    0xff, 0xff, 0xd0, 0xb, 0xff, 0xff, 0xff, 0xff,
    0xff, 0xd0, 0x0, 0xce, 0xff, 0xec, 0xcd, 0xff,
    0xd0, 0xb, 0xff, 0xdc, 0xcd, 0xff, 0xff, 0x20,
    0x0, 0x7, 0xff, 0x90, 0x6, 0xff, 0xd0, 0xb,
    0xff, 0x60, 0x5, 0xff, 0xf1, 0x0, 0x0, 0x7,
    0xff, 0x90, 0x6, 0xff, 0xd0, 0xb, 0xff, 0x60,
    0x5, 0xff, 0xf0, 0x0, 0x0, 0x7, 0xff, 0xfe,
    0xee, 0xff, 0xd0, 0xb, 0xff, 0xee, 0xee, 0xff,
    0xf0, 0x0, 0x0, 0x7, 0xff, 0xff, 0xff, 0xff,
    0xd0, 0xb, 0xff, 0xff, 0xff, 0xff, 0xf0, 0x0,
    0x0, 0x7, 0xff, 0xff, 0xff, 0xff, 0xd0, 0xb,
    0xff, 0xff, 0xff, 0xff, 0xf0, 0x0,

    /* U+5706 "圆" */
    0xcd, 0xdd, 0xdd, 0xdd, 0xdd, 0xdd, 0xdd, 0xdd,
    0xdd, 0xdd, 0xdd, 0xdd, 0x1f, 0xff, 0xff, 0xff,
    0xff, 0xff, 0xff, 0xff, 0xff, 0xff, 0xff, 0xff,
    0xf2, 0xff, 0xff, 0xff, 0xff, 0xff, 0xff, 0xff,
    0xff, 0xff, 0xff, 0xff, 0xff, 0x2f, 0xff, 0x30,
    0x1, 0x11, 0x11, 0x11, 0x11, 0x11, 0x10, 0x4,
    0xff, 0xf2, 0xff, 0xf3, 0x8, 0xff, 0xff, 0xff,
    0xff, 0xff, 0xff, 0xc0, 0x4f, 0xff, 0x2f, 0xff,
    0x30, 0x8f, 0xff, 0xff, 0xff, 0xff, 0xff, 0xfc,
    0x4, 0xff, 0xf2, 0xff, 0xf3, 0x8, 0xff, 0x61,
    0x11, 0x11, 0x15, 0xff, 0xc0, 0x4f, 0xff, 0x2f,
    0xff, 0x30, 0x8f, 0xfc, 0xaa, 0xaa, 0xaa, 0xbf,
    0xfc, 0x4, 0xff, 0xf2, 0xff, 0xf3, 0x8, 0xff,
    0xff, 0xff, 0xff, 0xff, 0xff, 0xc0, 0x4f, 0xff,
    0x2f, 0xff, 0x30, 0x37, 0x77, 0x77, 0x77, 0x77,
    0x77, 0x75, 0x4, 0xff, 0xf2, 0xff, 0xf3, 0x7,
    0x77, 0x77, 0x77, 0x77, 0x77, 0x77, 0x71, 0x4f,
    0xff, 0x2f, 0xff, 0x31, 0xff, 0xff, 0xff, 0xff,
    0xff, 0xff, 0xff, 0x34, 0xff, 0xf2, 0xff, 0xf3,
    0x1f, 0xff, 0xff, 0xff, 0xff, 0xff, 0xff, 0xf3,
    0x4f, 0xff, 0x2f, 0xff, 0x31, 0xff, 0xe0, 0x0,
    0x0, 0x0, 0xd, 0xff, 0x34, 0xff, 0xf2, 0xff,
    0xf3, 0x1f, 0xfe, 0x0, 0x2c, 0xc8, 0x0, 0xdf,
    0xf3, 0x4f, 0xff, 0x2f, 0xff, 0x31, 0xff, 0xe0,
    0x3, 0xff, 0xb0, 0xd, 0xff, 0x34, 0xff, 0xf2,
    0xff, 0xf3, 0x1f, 0xfe, 0x0, 0x7f, 0xf9, 0x0,
    0xdf, 0xf3, 0x4f, 0xff, 0x2f, 0xff, 0x30, 0x77,
    0x60, 0x6f, 0xff, 0x7e, 0x95, 0x22, 0x4, 0xff,
    0xf2, 0xff, 0xf3, 0x1, 0x59, 0xef, 0xff, 0xca,
    0xff, 0xfd, 0x60, 0x4f, 0xff, 0x2f, 0xff, 0x7e,
    0xff, 0xff, 0xff, 0xa0, 0x7e, 0xff, 0xff, 0xe5,
    0xff, 0xf2, 0xff, 0xf3, 0xaf, 0xff, 0xfc, 0x40,
    0x0, 0x5, 0xcf, 0xfb, 0x4f, 0xff, 0x2f, 0xff,
    0x31, 0xeb, 0x72, 0x0, 0x0, 0x0, 0x0, 0x4c,
    0x44, 0xff, 0xf2, 0xff, 0xfc, 0xbb, 0xbb, 0xbb,
    0xbb, 0xbb, 0xbb, 0xbb, 0xbb, 0xcf, 0xff, 0x2f,
    0xff, 0xff, 0xff, 0xff, 0xff, 0xff, 0xff, 0xff,
    0xff, 0xff, 0xff, 0xf2, 0xff, 0xff, 0xff, 0xff,
    0xff, 0xff, 0xff, 0xff, 0xff, 0xff, 0xff, 0xff,
    0x20,

    /* U+571F "土" */
    0x0, 0x0, 0x0, 0x0, 0x0, 0x8, 0xcc, 0xa0,
    0x0, 0x0, 0x0, 0x0, 0x0, 0x0, 0x0, 0x0,
    0x0, 0x0, 0xb, 0xff, 0xe0, 0x0, 0x0, 0x0,
    0x0, 0x0, 0x0, 0x0, 0x0, 0x0, 0x0, 0xb,
    0xff, 0xe0, 0x0, 0x0, 0x0, 0x0, 0x0, 0x0,
    0x0, 0x0, 0x0, 0x0, 0xb, 0xff, 0xe0, 0x0,
    0x0, 0x0, 0x0, 0x0, 0x0, 0x0, 0x0, 0x0,
    0x0, 0xb, 0xff, 0xe0, 0x0, 0x0, 0x0, 0x0,
    0x0, 0x0, 0x0, 0x0, 0x0, 0x0, 0xb, 0xff,
    0xe0, 0x0, 0x0, 0x0, 0x0, 0x0, 0x0, 0x0,
    0x0, 0x0, 0x0, 0xb, 0xff, 0xe0, 0x0, 0x0,
    0x0, 0x0, 0x0, 0x0, 0x0, 0x0, 0x0, 0x0,
    0xb, 0xff, 0xe0, 0x0, 0x0, 0x0, 0x0, 0x0,
    0x0, 0x11, 0x11, 0x11, 0x11, 0x1b, 0xff, 0xe1,
    0x11, 0x11, 0x11, 0x11, 0x0, 0x0, 0xcf, 0xff,
    0xff, 0xff, 0xff, 0xff, 0xff, 0xff, 0xff, 0xff,
    0xff, 0x0, 0x0, 0xcf, 0xff, 0xff, 0xff, 0xff,
    0xff, 0xff, 0xff, 0xff, 0xff, 0xff, 0x0, 0x0,
    0xcf, 0xff, 0xff, 0xff, 0xff, 0xff, 0xff, 0xff,
    0xff, 0xff, 0xff, 0x0, 0x0, 0x23, 0x33, 0x33,
    0x33, 0x3c, 0xff, 0xe3, 0x33, 0x33, 0x33, 0x33,
    0x0, 0x0, 0x0, 0x0, 0x0, 0x0, 0xb, 0xff,
    0xe0, 0x0, 0x0, 0x0, 0x0, 0x0, 0x0, 0x0,
    0x0, 0x0, 0x0, 0xb, 0xff, 0xe0, 0x0, 0x0,
    0x0, 0x0, 0x0, 0x0, 0x0, 0x0, 0x0, 0x0,
    0xb, 0xff, 0xe0, 0x0, 0x0, 0x0, 0x0, 0x0,
    0x0, 0x0, 0x0, 0x0, 0x0, 0xb, 0xff, 0xe0,
    0x0, 0x0, 0x0, 0x0, 0x0, 0x0, 0x0, 0x0,
    0x0, 0x0, 0xb, 0xff, 0xe0, 0x0, 0x0, 0x0,
    0x0, 0x0, 0x0, 0x0, 0x0, 0x0, 0x0, 0xb,
    0xff, 0xe0, 0x0, 0x0, 0x0, 0x0, 0x0, 0x0,
    0x0, 0x0, 0x0, 0x0, 0xb, 0xff, 0xe0, 0x0,
    0x0, 0x0, 0x0, 0x0, 0x0, 0x0, 0x0, 0x0,
    0x0, 0xb, 0xff, 0xe0, 0x0, 0x0, 0x0, 0x0,
    0x0, 0x0, 0x0, 0x0, 0x0, 0x0, 0xb, 0xff,
    0xe0, 0x0, 0x0, 0x0, 0x0, 0x0, 0x24, 0x44,
    0x44, 0x44, 0x44, 0x4c, 0xff, 0xe4, 0x44, 0x44,
    0x44, 0x44, 0x44, 0x9f, 0xff, 0xff, 0xff, 0xff,
    0xff, 0xff, 0xff, 0xff, 0xff, 0xff, 0xff, 0xfe,
    0x9f, 0xff, 0xff, 0xff, 0xff, 0xff, 0xff, 0xff,
    0xff, 0xff, 0xff, 0xff, 0xfe, 0x9f, 0xff, 0xff,
    0xff, 0xff, 0xff, 0xff, 0xff, 0xff, 0xff, 0xff,
    0xff, 0xfe,

    /* U+58E4 "壤" */
    0x0, 0x0, 0x0, 0x0, 0x0, 0x0, 0x0, 0x0,
    0x1, 0x10, 0x0, 0x0, 0x0, 0x0, 0x0, 0x2,
    0x66, 0x20, 0x0, 0x0, 0x0, 0x3, 0xcf, 0xc0,
    0x0, 0x0, 0x0, 0x0, 0x0, 0x5, 0xff, 0x60,
    0x0, 0x0, 0x0, 0x1, 0xff, 0xf4, 0x0, 0x0,
    0x0, 0x0, 0x0, 0x5, 0xff, 0x60, 0x7d, 0xdd,
    0xdd, 0xdd, 0xff, 0xfe, 0xdd, 0xdd, 0xdd, 0xd0,
    0x0, 0x5, 0xff, 0x60, 0x8f, 0xff, 0xff, 0xff,
    0xff, 0xff, 0xff, 0xff, 0xff, 0xf0, 0x0, 0x5,
    0xff, 0x60, 0x5a, 0xaa, 0xaa, 0xaa, 0xaa, 0xaa,
    0xaa, 0xaa, 0xaa, 0xa0, 0x0, 0x5, 0xff, 0x60,
    0x0, 0x99, 0x99, 0x99, 0x90, 0x49, 0x99, 0x99,
    0x98, 0x0, 0x4, 0x58, 0xff, 0x95, 0x20, 0xff,
    0xff, 0xff, 0xf1, 0x7f, 0xff, 0xff, 0xfe, 0x0,
    0xe, 0xff, 0xff, 0xff, 0x90, 0xff, 0x50, 0x6f,
    0xf1, 0x7f, 0xe0, 0x9, 0xfe, 0x0, 0xe, 0xff,
    0xff, 0xff, 0x90, 0xff, 0xb9, 0xbf, 0xf1, 0x7f,
    0xf8, 0x8c, 0xfe, 0x0, 0xd, 0xee, 0xff, 0xee,
    0x80, 0xff, 0xff, 0xff, 0xf1, 0x7f, 0xff, 0xff,
    0xfe, 0x0, 0x0, 0x5, 0xff, 0x60, 0x0, 0x0,
    0x1f, 0xfc, 0x0, 0x3, 0xff, 0xd1, 0x11, 0x0,
    0x0, 0x5, 0xff, 0x60, 0x8, 0xee, 0xef, 0xff,
    0xee, 0xee, 0xff, 0xfe, 0xee, 0x30, 0x0, 0x5,
    0xff, 0x60, 0x9, 0xff, 0xff, 0xff, 0xff, 0xff,
    0xff, 0xff, 0xff, 0x30, 0x0, 0x5, 0xff, 0x60,
    0x2, 0x33, 0x4f, 0xfd, 0x33, 0x34, 0xff, 0xd3,
    0x33, 0x0, 0x0, 0x5, 0xff, 0x60, 0x0, 0xbd,
    0xdf, 0xff, 0xdd, 0xdd, 0xff, 0xfd, 0xda, 0x0,
    0x0, 0x5, 0xff, 0x60, 0x0, 0xdf, 0xff, 0xff,
    0xff, 0xff, 0xff, 0xff, 0xfc, 0x0, 0x0, 0x5,
    0xff, 0x64, 0x0, 0x0, 0x1f, 0xfc, 0x0, 0x1,
    0xff, 0xd0, 0x0, 0x0, 0x0, 0x5, 0xff, 0xff,
    0x7f, 0xff, 0xff, 0xff, 0xff, 0xff, 0xff, 0xff,
    0xff, 0xf2, 0x4, 0x9e, 0xff, 0xff, 0xaf, 0xff,
    0xff, 0xff, 0xff, 0xff, 0xff, 0xff, 0xff, 0xf2,
    0x3f, 0xff, 0xff, 0xfc, 0x43, 0x33, 0x39, 0xff,
    0xfe, 0xff, 0x73, 0x37, 0xd4, 0x30, 0xf, 0xff,
    0xe8, 0x20, 0x0, 0x28, 0xef, 0xff, 0x61, 0xff,
    0xe3, 0x9f, 0xfe, 0x20, 0xb, 0xb4, 0x0, 0x4,
    0x8d, 0xff, 0xff, 0xf1, 0x0, 0x8f, 0xff, 0xff,
    0xd4, 0x0, 0x0, 0x0, 0x0, 0x1e, 0xff, 0xfe,
    0xdf, 0xe0, 0x24, 0x6b, 0xff, 0xfc, 0x0, 0x0,
    0x0, 0x0, 0x0, 0x4, 0xfb, 0x50, 0xcf, 0xff,
    0xff, 0xd0, 0xcf, 0xff, 0xe9, 0x40, 0x0, 0x0,
    0x0, 0x0, 0x0, 0x4, 0xff, 0xff, 0xff, 0xe0,
    0x9, 0xff, 0xff, 0xc0, 0x0, 0x0, 0x0, 0x0,
    0x0, 0x0, 0xdf, 0xd9, 0x63, 0x0, 0x0, 0x3b,
    0xff, 0x20, 0x0, 0x0, 0x0, 0x0, 0x0, 0x0,
    0x31, 0x0, 0x0, 0x0, 0x0, 0x0, 0x13, 0x0,

    /* U+5927 "大" */
    0x0, 0x0, 0x0, 0x0, 0x0, 0x8, 0xcc, 0xc0,
    0x0, 0x0, 0x0, 0x0, 0x0, 0x0, 0x0, 0x0,
    0x0, 0x0, 0x0, 0xbf, 0xff, 0x0, 0x0, 0x0,
    0x0, 0x0, 0x0, 0x0, 0x0, 0x0, 0x0, 0x0,
    0xb, 0xff, 0xf0, 0x0, 0x0, 0x0, 0x0, 0x0,
    0x0, 0x0, 0x0, 0x0, 0x0, 0x0, 0xbf, 0xfe,
    0x0, 0x0, 0x0, 0x0, 0x0, 0x0, 0x0, 0x0,
    0x0, 0x0, 0x0, 0xc, 0xff, 0xe0, 0x0, 0x0,
    0x0, 0x0, 0x0, 0x0, 0x0, 0x0, 0x0, 0x0,
    0x0, 0xcf, 0xfd, 0x0, 0x0, 0x0, 0x0, 0x0,
    0x0, 0x0, 0x0, 0x0, 0x0, 0x0, 0xd, 0xff,
    0xc0, 0x0, 0x0, 0x0, 0x0, 0x0, 0x0, 0x33,
    0x33, 0x33, 0x33, 0x33, 0xff, 0xfc, 0x33, 0x33,
    0x33, 0x33, 0x33, 0x20, 0x3f, 0xff, 0xff, 0xff,
    0xff, 0xff, 0xff, 0xff, 0xff, 0xff, 0xff, 0xff,
    0xfb, 0x3, 0xff, 0xff, 0xff, 0xff, 0xff, 0xff,
    0xff, 0xff, 0xff, 0xff, 0xff, 0xff, 0xb0, 0x3f,
    0xff, 0xff, 0xff, 0xff, 0xff, 0xff, 0xff, 0xff,
    0xff, 0xff, 0xff, 0xfb, 0x0, 0x33, 0x33, 0x33,
    0x33, 0x3b, 0xff, 0xff, 0xf3, 0x33, 0x33, 0x33,
    0x33, 0x20, 0x0, 0x0, 0x0, 0x0, 0x0, 0xdf,
    0xff, 0xff, 0x40, 0x0, 0x0, 0x0, 0x0, 0x0,
    0x0, 0x0, 0x0, 0x0, 0x3f, 0xff, 0xff, 0xfb,
    0x0, 0x0, 0x0, 0x0, 0x0, 0x0, 0x0, 0x0,
    0x0, 0x9, 0xff, 0xfe, 0xff, 0xf3, 0x0, 0x0,
    0x0, 0x0, 0x0, 0x0, 0x0, 0x0, 0x1, 0xff,
    0xfe, 0x4f, 0xff, 0xb0, 0x0, 0x0, 0x0, 0x0,
    0x0, 0x0, 0x0, 0x0, 0x8f, 0xff, 0x80, 0xcf,
    0xff, 0x50, 0x0, 0x0, 0x0, 0x0, 0x0, 0x0,
    0x0, 0x3f, 0xff, 0xf1, 0x4, 0xff, 0xfe, 0x10,
    0x0, 0x0, 0x0, 0x0, 0x0, 0x0, 0x1d, 0xff,
    0xf8, 0x0, 0xb, 0xff, 0xfc, 0x0, 0x0, 0x0,
    0x0, 0x0, 0x0, 0xc, 0xff, 0xfd, 0x0, 0x0,
    0x2f, 0xff, 0xfb, 0x0, 0x0, 0x0, 0x0, 0x0,
    0x1c, 0xff, 0xff, 0x30, 0x0, 0x0, 0x5f, 0xff,
    0xfb, 0x0, 0x0, 0x0, 0x0, 0x3d, 0xff, 0xff,
    0x60, 0x0, 0x0, 0x0, 0x9f, 0xff, 0xfd, 0x30,
    0x0, 0x1, 0x9f, 0xff, 0xff, 0x60, 0x0, 0x0,
    0x0, 0x0, 0xbf, 0xff, 0xff, 0xa2, 0x5, 0xff,
    0xff, 0xff, 0x50, 0x0, 0x0, 0x0, 0x0, 0x0,
    0xaf, 0xff, 0xff, 0xe1, 0xb, 0xff, 0xfd, 0x30,
    0x0, 0x0, 0x0, 0x0, 0x0, 0x0, 0x6f, 0xff,
    0xf3, 0x0, 0xd, 0xf7, 0x0, 0x0, 0x0, 0x0,
    0x0, 0x0, 0x0, 0x0, 0x2b, 0xf6, 0x0, 0x0,
    0x21, 0x0, 0x0, 0x0, 0x0, 0x0, 0x0, 0x0,
    0x0, 0x0, 0x3, 0x0, 0x0,

    /* U+5BB9 "容" */
    0x0, 0x0, 0x0, 0x0, 0x0, 0x0, 0x0, 0x30,
    0x0, 0x0, 0x0, 0x0, 0x0, 0x0, 0x0, 0x0,
    0x0, 0x0, 0x0, 0x3, 0xcf, 0xf8, 0x0, 0x0,
    0x0, 0x0, 0x0, 0x0, 0x0, 0x0, 0x0, 0x0,
    0x0, 0x0, 0xef, 0xff, 0x0, 0x0, 0x0, 0x0,
    0x0, 0x0, 0x0, 0xcc, 0xcc, 0xcc, 0xcc, 0xcc,
    0xef, 0xff, 0xdc, 0xcc, 0xcc, 0xcc, 0xcc, 0x0,
    0x0, 0xff, 0xff, 0xff, 0xff, 0xff, 0xff, 0xff,
    0xff, 0xff, 0xff, 0xff, 0xff, 0x0, 0x0, 0xff,
    0xff, 0xff, 0xff, 0xff, 0xff, 0xff, 0xff, 0xff,
    0xff, 0xff, 0xff, 0x0, 0x0, 0xff, 0xf7, 0x44,
    0x44, 0x44, 0x44, 0x44, 0x44, 0x44, 0x44, 0x9f,
    0xff, 0x0, 0x0, 0xff, 0xf4, 0x0, 0xaf, 0xa4,
    0x0, 0x0, 0xa, 0xc2, 0x0, 0x6f, 0xff, 0x0,
    0x0, 0xff, 0xf4, 0x9, 0xff, 0xf9, 0x0, 0x1,
    0xcf, 0xff, 0x80, 0x6f, 0xff, 0x0, 0x0, 0x44,
    0x42, 0xaf, 0xff, 0xc0, 0x5, 0x10, 0x6f, 0xff,
    0xfc, 0x44, 0x44, 0x0, 0x0, 0x0, 0x4e, 0xff,
    0xfc, 0x0, 0x4f, 0xfa, 0x12, 0xcf, 0xff, 0xf5,
    0x0, 0x0, 0x0, 0x2b, 0xff, 0xff, 0xc0, 0x1,
    0xef, 0xff, 0x10, 0x8, 0xff, 0xff, 0x70, 0x0,
    0x0, 0xb, 0xff, 0xfa, 0x0, 0x1d, 0xff, 0xff,
    0xd1, 0x0, 0x5f, 0xff, 0x90, 0x0, 0x0, 0x0,
    0xdf, 0x60, 0x1, 0xcf, 0xff, 0xff, 0xfe, 0x20,
    0x4, 0xf8, 0x0, 0x0, 0x0, 0x0, 0x21, 0x0,
    0x2d, 0xff, 0xf8, 0x4f, 0xff, 0xf5, 0x0, 0x10,
    0x0, 0x0, 0x0, 0x0, 0x0, 0x6, 0xff, 0xff,
    0x90, 0x4, 0xff, 0xff, 0xb2, 0x0, 0x0, 0x0,
    0x0, 0x0, 0x2, 0xbf, 0xff, 0xf8, 0x0, 0x0,
    0x2e, 0xff, 0xff, 0x81, 0x0, 0x0, 0x0, 0x2,
    0x9f, 0xff, 0xff, 0x60, 0x0, 0x0, 0x2, 0xcf,
    0xff, 0xff, 0x82, 0x0, 0x4, 0xbf, 0xff, 0xff,
    0xff, 0xff, 0xff, 0xff, 0xff, 0xff, 0xff, 0xff,
    0xff, 0xb0, 0xb, 0xff, 0xff, 0xff, 0xff, 0xff,
    0xff, 0xff, 0xff, 0xff, 0xff, 0xff, 0xff, 0x40,
    0x0, 0xef, 0xf9, 0xff, 0xfe, 0xee, 0xee, 0xee,
    0xee, 0xff, 0xff, 0x59, 0xf8, 0x0, 0x0, 0x47,
    0x1, 0xff, 0xf2, 0x0, 0x0, 0x0, 0x0, 0x3f,
    0xff, 0x30, 0x11, 0x0, 0x0, 0x0, 0x1, 0xff,
    0xf2, 0x0, 0x0, 0x0, 0x0, 0x3f, 0xff, 0x30,
    0x0, 0x0, 0x0, 0x0, 0x1, 0xff, 0xf2, 0x0,
    0x0, 0x0, 0x0, 0x3f, 0xff, 0x30, 0x0, 0x0,
    0x0, 0x0, 0x1, 0xff, 0xff, 0xff, 0xff, 0xff,
    0xff, 0xff, 0xff, 0x30, 0x0, 0x0, 0x0, 0x0,
    0x1, 0xff, 0xff, 0xff, 0xff, 0xff, 0xff, 0xff,
    0xff, 0x30, 0x0, 0x0, 0x0, 0x0, 0x1, 0xff,
    0xff, 0xff, 0xff, 0xff, 0xff, 0xff, 0xff, 0x30,
    0x0, 0x0, 0x0, 0x0, 0x0, 0x0, 0x0, 0x0,
    0x0, 0x0, 0x0, 0x0, 0x0, 0x0, 0x0, 0x0,

    /* U+5C0F "小" */
    0x0, 0x0, 0x0, 0x0, 0x0, 0x0, 0xae, 0xed,
    0x0, 0x0, 0x0, 0x0, 0x0, 0x0, 0x0, 0x0,
    0x0, 0x0, 0x0, 0x0, 0xbf, 0xff, 0x0, 0x0,
    0x0, 0x0, 0x0, 0x0, 0x0, 0x0, 0x0, 0x0,
    0x0, 0x0, 0xbf, 0xff, 0x0, 0x0, 0x0, 0x0,
    0x0, 0x0, 0x0, 0x0, 0x0, 0x0, 0x0, 0x0,
    0xbf, 0xff, 0x0, 0x0, 0x0, 0x0, 0x0, 0x0,
    0x0, 0x0, 0x0, 0x0, 0x0, 0x0, 0xbf, 0xff,
    0x0, 0x0, 0x0, 0x0, 0x0, 0x0, 0x0, 0x0,
    0x0, 0x0, 0x0, 0x0, 0xbf, 0xff, 0x0, 0x0,
    0x0, 0x0, 0x0, 0x0, 0x0, 0x0, 0x5, 0x30,
    0x0, 0x0, 0xbf, 0xff, 0x0, 0x0, 0x17, 0x50,
    0x0, 0x0, 0x0, 0x0, 0x3f, 0xff, 0x90, 0x0,
    0xbf, 0xff, 0x0, 0xa, 0xff, 0xe0, 0x0, 0x0,
    0x0, 0x0, 0x7f, 0xff, 0x60, 0x0, 0xbf, 0xff,
    0x0, 0x7, 0xff, 0xf8, 0x0, 0x0, 0x0, 0x0,
    0xbf, 0xff, 0x20, 0x0, 0xbf, 0xff, 0x0, 0x0,
    0xef, 0xff, 0x10, 0x0, 0x0, 0x0, 0xff, 0xfe,
    0x0, 0x0, 0xbf, 0xff, 0x0, 0x0, 0x7f, 0xff,
    0x80, 0x0, 0x0, 0x4, 0xff, 0xf9, 0x0, 0x0,
    0xbf, 0xff, 0x0, 0x0, 0x1f, 0xff, 0xe0, 0x0,
    0x0, 0x9, 0xff, 0xf4, 0x0, 0x0, 0xbf, 0xff,
    0x0, 0x0, 0x9, 0xff, 0xf6, 0x0, 0x0, 0xe,
    0xff, 0xf0, 0x0, 0x0, 0xbf, 0xff, 0x0, 0x0,
    0x2, 0xff, 0xfd, 0x0, 0x0, 0x5f, 0xff, 0x90,
    0x0, 0x0, 0xbf, 0xff, 0x0, 0x0, 0x0, 0xcf,
    0xff, 0x40, 0x0, 0xdf, 0xff, 0x30, 0x0, 0x0,
    0xbf, 0xff, 0x0, 0x0, 0x0, 0x6f, 0xff, 0xa0,
    0x6, 0xff, 0xfc, 0x0, 0x0, 0x0, 0xbf, 0xff,
    0x0, 0x0, 0x0, 0x1f, 0xff, 0xf0, 0x1e, 0xff,
    0xf4, 0x0, 0x0, 0x0, 0xbf, 0xff, 0x0, 0x0,
    0x0, 0xc, 0xff, 0xf4, 0x5, 0xdf, 0xb0, 0x0,
    0x0, 0x0, 0xbf, 0xff, 0x0, 0x0, 0x0, 0x7,
    0xff, 0xf8, 0x0, 0x7, 0x20, 0x0, 0x0, 0x0,
    0xbf, 0xff, 0x0, 0x0, 0x0, 0x4, 0xfa, 0x40,
    0x0, 0x0, 0x0, 0x0, 0x0, 0x0, 0xbf, 0xff,
    0x0, 0x0, 0x0, 0x0, 0x10, 0x0, 0x0, 0x0,
    0x0, 0x0, 0x0, 0x0, 0xbf, 0xff, 0x0, 0x0,
    0x0, 0x0, 0x0, 0x0, 0x0, 0x0, 0x0, 0x7,
    0x76, 0x67, 0xef, 0xfe, 0x0, 0x0, 0x0, 0x0,
    0x0, 0x0, 0x0, 0x0, 0x0, 0x9, 0xff, 0xff,
    0xff, 0xfc, 0x0, 0x0, 0x0, 0x0, 0x0, 0x0,
    0x0, 0x0, 0x0, 0x3, 0xff, 0xff, 0xff, 0xf4,
    0x0, 0x0, 0x0, 0x0, 0x0, 0x0, 0x0, 0x0,
    0x0, 0x0, 0xef, 0xfe, 0xc9, 0x30, 0x0, 0x0,
    0x0, 0x0, 0x0, 0x0,

    /* U+5C4F "屏" */
    0x0, 0xb, 0xdd, 0xdd, 0xdd, 0xdd, 0xdd, 0xdd,
    0xdd, 0xdd, 0xdd, 0xdd, 0xd7, 0x0, 0x0, 0xdf,
    0xff, 0xff, 0xff, 0xff, 0xff, 0xff, 0xff, 0xff,
    0xff, 0xff, 0x90, 0x0, 0xd, 0xff, 0xff, 0xff,
    0xff, 0xff, 0xff, 0xff, 0xff, 0xff, 0xff, 0xf9,
    0x0, 0x0, 0xdf, 0xf9, 0x0, 0x0, 0x0, 0x0,
    0x0, 0x0, 0x0, 0xf, 0xff, 0x90, 0x0, 0xd,
    0xff, 0x80, 0x0, 0x0, 0x0, 0x0, 0x0, 0x0,
    0x0, 0xff, 0xf9, 0x0, 0x0, 0xdf, 0xff, 0xee,
    0xee, 0xee, 0xee, 0xee, 0xee, 0xee, 0xef, 0xff,
    0x90, 0x0, 0xd, 0xff, 0xff, 0xff, 0xff, 0xff,
    0xff, 0xff, 0xff, 0xff, 0xff, 0xf9, 0x0, 0x0,
    0xdf, 0xff, 0xff, 0xff, 0xff, 0xff, 0xff, 0xff,
    0xff, 0xff, 0xff, 0x90, 0x0, 0xd, 0xff, 0x80,
    0x1, 0x8d, 0xf4, 0x0, 0x0, 0x4, 0xfb, 0x72,
    0x0, 0x0, 0x0, 0xdf, 0xf8, 0x0, 0xd, 0xff,
    0xd0, 0x0, 0x0, 0xbf, 0xfe, 0x10, 0x0, 0x0,
    0xd, 0xff, 0x80, 0x0, 0x7f, 0xc7, 0x10, 0x0,
    0x2f, 0xff, 0x60, 0x0, 0x0, 0x0, 0xdf, 0xf8,
    0x8f, 0xff, 0xff, 0xff, 0xff, 0xff, 0xff, 0xff,
    0xff, 0xe0, 0x0, 0xe, 0xff, 0x88, 0xff, 0xff,
    0xff, 0xff, 0xff, 0xff, 0xff, 0xff, 0xfe, 0x0,
    0x0, 0xef, 0xf7, 0x5b, 0xbb, 0xff, 0xfd, 0xbb,
    0xbd, 0xff, 0xfb, 0xbb, 0xa0, 0x0, 0xf, 0xff,
    0x60, 0x0, 0xd, 0xff, 0x60, 0x0, 0x6f, 0xff,
    0x0, 0x0, 0x0, 0x0, 0xff, 0xf5, 0x0, 0x0,
    0xdf, 0xf6, 0x0, 0x6, 0xff, 0xf0, 0x0, 0x0,
    0x0, 0x2f, 0xff, 0x6b, 0xbb, 0xbf, 0xff, 0xcb,
    0xbb, 0xdf, 0xff, 0xbb, 0xbb, 0x80, 0x5, 0xff,
    0xf4, 0xff, 0xff, 0xff, 0xff, 0xff, 0xff, 0xff,
    0xff, 0xff, 0xfb, 0x0, 0x8f, 0xff, 0x3f, 0xff,
    0xff, 0xff, 0xff, 0xff, 0xff, 0xff, 0xff, 0xff,
    0xb0, 0xc, 0xff, 0xb0, 0x22, 0x2a, 0xff, 0xf2,
    0x22, 0x27, 0xff, 0xf2, 0x22, 0x21, 0x1, 0xff,
    0xf8, 0x0, 0x5, 0xff, 0xfa, 0x0, 0x0, 0x6f,
    0xff, 0x0, 0x0, 0x0, 0x8f, 0xff, 0x30, 0x7,
    0xff, 0xff, 0x20, 0x0, 0x6, 0xff, 0xf0, 0x0,
    0x0, 0x1f, 0xff, 0xd0, 0x3d, 0xff, 0xff, 0x70,
    0x0, 0x0, 0x6f, 0xff, 0x0, 0x0, 0x3, 0xdf,
    0xf6, 0x0, 0xaf, 0xff, 0x70, 0x0, 0x0, 0x6,
    0xff, 0xf0, 0x0, 0x0, 0x0, 0x8c, 0x0, 0x0,
    0xbb, 0x20, 0x0, 0x0, 0x0, 0x6f, 0xff, 0x0,
    0x0, 0x0, 0x0, 0x0, 0x0, 0x0, 0x0, 0x0,
    0x0, 0x0, 0x0, 0x0, 0x0, 0x0, 0x0,

    /* U+5E55 "幕" */
    0x0, 0x0, 0x0, 0x4, 0x99, 0x70, 0x0, 0x0,
    0x39, 0x98, 0x0, 0x0, 0x0, 0x0, 0x1, 0x33,
    0x33, 0x39, 0xff, 0xd3, 0x33, 0x33, 0x7f, 0xff,
    0x33, 0x33, 0x33, 0x0, 0x8, 0xff, 0xff, 0xff,
    0xff, 0xff, 0xff, 0xff, 0xff, 0xff, 0xff, 0xff,
    0xff, 0x10, 0x8, 0xff, 0xff, 0xff, 0xff, 0xff,
    0xff, 0xff, 0xff, 0xff, 0xff, 0xff, 0xff, 0x10,
    0x4, 0x77, 0x77, 0x7b, 0xff, 0xe7, 0x77, 0x77,
    0xaf, 0xff, 0x77, 0x77, 0x77, 0x0, 0x0, 0x0,
    0x22, 0x26, 0x99, 0x82, 0x22, 0x22, 0x59, 0x99,
    0x22, 0x22, 0x0, 0x0, 0x0, 0x0, 0xff, 0xff,
    0xff, 0xff, 0xff, 0xff, 0xff, 0xff, 0xff, 0xfc,
    0x0, 0x0, 0x0, 0x0, 0xff, 0xfe, 0xdd, 0xdd,
    0xdd, 0xdd, 0xdd, 0xdd, 0xff, 0xfc, 0x0, 0x0,
    0x0, 0x0, 0xff, 0xf3, 0x0, 0x0, 0x0, 0x0,
    0x0, 0x0, 0xaf, 0xfc, 0x0, 0x0, 0x0, 0x0,
    0xff, 0xff, 0xff, 0xff, 0xff, 0xff, 0xff, 0xff,
    0xff, 0xfc, 0x0, 0x0, 0x0, 0x0, 0xff, 0xfd,
    0xdd, 0xdd, 0xdd, 0xdd, 0xdd, 0xdd, 0xef, 0xfc,
    0x0, 0x0, 0x0, 0x0, 0xff, 0xf4, 0x11, 0x11,
    0x11, 0x11, 0x11, 0x11, 0xaf, 0xfc, 0x0, 0x0,
    0x0, 0x0, 0xff, 0xff, 0xff, 0xff, 0xff, 0xff,
    0xff, 0xff, 0xff, 0xfc, 0x0, 0x0, 0x0, 0x0,
    0xff, 0xff, 0xff, 0xff, 0xff, 0xff, 0xff, 0xff,
    0xff, 0xfb, 0x0, 0x0, 0x0, 0x0, 0x0, 0x0,
    0x6f, 0xff, 0x40, 0x0, 0x0, 0x0, 0x0, 0x0,
    0x0, 0x0, 0xd, 0xff, 0xff, 0xff, 0xff, 0xff,
    0xff, 0xff, 0xff, 0xff, 0xff, 0xff, 0xff, 0x60,
    0xd, 0xff, 0xff, 0xff, 0xff, 0xff, 0xff, 0xff,
    0xff, 0xff, 0xff, 0xff, 0xff, 0x60, 0x7, 0x99,
    0x9d, 0xff, 0xfe, 0x99, 0xff, 0xfa, 0x99, 0xff,
    0xfe, 0x99, 0x99, 0x30, 0x0, 0x1, 0xaf, 0xff,
    0xf4, 0x0, 0xff, 0xf4, 0x0, 0x7f, 0xff, 0xc4,
    0x0, 0x0, 0x2, 0x9f, 0xff, 0xff, 0xff, 0xff,
    0xff, 0xff, 0xff, 0xff, 0xff, 0xff, 0xd7, 0x20,
    0x4f, 0xff, 0xff, 0xff, 0xff, 0xff, 0xff, 0xff,
    0xff, 0xff, 0xff, 0xff, 0xff, 0xb0, 0x9, 0xff,
    0xda, 0xff, 0xe9, 0x99, 0xff, 0xfa, 0x99, 0x9f,
    0xff, 0xaf, 0xfe, 0x10, 0x0, 0xc6, 0x6, 0xff,
    0xc0, 0x0, 0xff, 0xf4, 0x0, 0xf, 0xff, 0x41,
    0x74, 0x0, 0x0, 0x0, 0x6, 0xff, 0xc0, 0x0,
    0xff, 0xf4, 0x25, 0x5f, 0xff, 0x40, 0x0, 0x0,
    0x0, 0x0, 0x6, 0xff, 0xc0, 0x0, 0xff, 0xf4,
    0x1f, 0xff, 0xff, 0x10, 0x0, 0x0, 0x0, 0x0,
    0x6, 0xff, 0xc0, 0x0, 0xff, 0xf4, 0xb, 0xff,
    0xd6, 0x0, 0x0, 0x0, 0x0, 0x0, 0x0, 0x11,
    0x0, 0x0, 0x0, 0x0, 0x0, 0x0, 0x0, 0x0,
    0x0, 0x0,

    /* U+5EA6 "度" */
    0x0, 0x0, 0x0, 0x0, 0x0, 0x0, 0x2, 0x69,
    0x60, 0x0, 0x0, 0x0, 0x0, 0x0, 0x0, 0x0,
    0x0, 0x0, 0x0, 0x0, 0xd, 0xff, 0xe0, 0x0,
    0x0, 0x0, 0x0, 0x0, 0x0, 0x2, 0x22, 0x22,
    0x22, 0x22, 0x29, 0xff, 0xf6, 0x22, 0x22, 0x22,
    0x22, 0x10, 0x0, 0xe, 0xff, 0xff, 0xff, 0xff,
    0xff, 0xff, 0xff, 0xff, 0xff, 0xff, 0xff, 0xb0,
    0x0, 0xe, 0xff, 0xff, 0xff, 0xff, 0xff, 0xff,
    0xff, 0xff, 0xff, 0xff, 0xff, 0xb0, 0x0, 0xe,
    0xff, 0xff, 0xff, 0xff, 0xff, 0xff, 0xff, 0xff,
    0xff, 0xff, 0xff, 0xa0, 0x0, 0xe, 0xff, 0x70,
    0x0, 0x16, 0x66, 0x0, 0x0, 0x6, 0x66, 0x20,
    0x0, 0x0, 0x0, 0xe, 0xff, 0x70, 0x0, 0x3f,
    0xff, 0x0, 0x0, 0xe, 0xff, 0x50, 0x0, 0x0,
    0x0, 0xe, 0xff, 0x7a, 0xbb, 0xcf, 0xff, 0xbb,
    0xbb, 0xbf, 0xff, 0xcb, 0xbb, 0x40, 0x0, 0xe,
    0xff, 0x7f, 0xff, 0xff, 0xff, 0xff, 0xff, 0xff,
    0xff, 0xff, 0xff, 0x60, 0x0, 0xe, 0xff, 0x7e,
    0xff, 0xff, 0xff, 0xff, 0xff, 0xff, 0xff, 0xff,
    0xff, 0x60, 0x0, 0xe, 0xff, 0x60, 0x0, 0x3f,
    0xff, 0x0, 0x0, 0xe, 0xff, 0x50, 0x0, 0x0,
    0x0, 0xe, 0xff, 0x60, 0x0, 0x3f, 0xff, 0x0,
    0x0, 0xe, 0xff, 0x50, 0x0, 0x0, 0x0, 0xf,
    0xff, 0x50, 0x0, 0x3f, 0xff, 0xff, 0xff, 0xff,
    0xff, 0x50, 0x0, 0x0, 0x0, 0xf, 0xff, 0x50,
    0x0, 0x3f, 0xff, 0xff, 0xff, 0xff, 0xff, 0x50,
    0x0, 0x0, 0x0, 0x1f, 0xff, 0x40, 0x0, 0x18,
    0x88, 0x88, 0x88, 0x88, 0x88, 0x20, 0x0, 0x0,
    0x0, 0x2f, 0xff, 0x27, 0x99, 0x99, 0x99, 0x99,
    0x99, 0x99, 0x99, 0xa7, 0x0, 0x0, 0x0, 0x4f,
    0xff, 0x1c, 0xff, 0xff, 0xff, 0xff, 0xff, 0xff,
    0xff, 0xff, 0xc0, 0x0, 0x0, 0x6f, 0xff, 0xc,
    0xff, 0xff, 0xff, 0xff, 0xff, 0xff, 0xff, 0xff,
    0x50, 0x0, 0x0, 0x8f, 0xfd, 0x0, 0x8, 0xff,
    0xe4, 0x0, 0x0, 0xa, 0xff, 0xf9, 0x0, 0x0,
    0x0, 0xbf, 0xfa, 0x0, 0x1, 0xdf, 0xff, 0x91,
    0x4, 0xdf, 0xff, 0xa0, 0x0, 0x0, 0x0, 0xff,
    0xf7, 0x0, 0x0, 0x1c, 0xff, 0xff, 0xdf, 0xff,
    0xf8, 0x0, 0x0, 0x0, 0x4, 0xff, 0xf3, 0x0,
    0x0, 0x4, 0xef, 0xff, 0xff, 0xff, 0x92, 0x0,
    0x0, 0x0, 0xa, 0xff, 0xe0, 0x8a, 0xce, 0xff,
    0xff, 0xff, 0xff, 0xff, 0xff, 0xfd, 0xb9, 0x70,
    0x1f, 0xff, 0x90, 0x8f, 0xff, 0xff, 0xff, 0xea,
    0x9e, 0xff, 0xff, 0xff, 0xff, 0x60, 0x4, 0xcf,
    0x30, 0x1f, 0xff, 0xda, 0x73, 0x0, 0x0, 0x38,
    0xbf, 0xff, 0xfc, 0x0, 0x0, 0x3, 0x0, 0x3,
    0x20, 0x0, 0x0, 0x0, 0x0, 0x0, 0x0, 0x24,
    0x62, 0x0,

    /* U+5F53 "当" */
    0x0, 0x0, 0x0, 0x0, 0x0, 0xbc, 0xc9, 0x0,
    0x0, 0x0, 0x0, 0x0, 0x0, 0x18, 0x20, 0x0,
    0x0, 0xef, 0xfc, 0x0, 0x0, 0xa, 0xa5, 0x0,
    0xb, 0xff, 0xc0, 0x0, 0x0, 0xef, 0xfc, 0x0,
    0x0, 0x1f, 0xff, 0xe0, 0x7, 0xff, 0xf6, 0x0,
    0x0, 0xef, 0xfc, 0x0, 0x0, 0x7f, 0xff, 0x70,
    0x0, 0xdf, 0xfe, 0x10, 0x0, 0xef, 0xfc, 0x0,
    0x0, 0xef, 0xfe, 0x0, 0x0, 0x5f, 0xff, 0x80,
    0x0, 0xef, 0xfc, 0x0, 0x5, 0xff, 0xf6, 0x0,
    0x0, 0xd, 0xff, 0xe0, 0x0, 0xef, 0xfc, 0x0,
    0xd, 0xff, 0xd0, 0x0, 0x0, 0x6, 0xff, 0xf3,
    0x0, 0xef, 0xfc, 0x0, 0x5f, 0xff, 0x40, 0x0,
    0x0, 0x0, 0xd7, 0x10, 0x0, 0xef, 0xfc, 0x0,
    0x28, 0xda, 0x0, 0x0, 0x0, 0x11, 0x11, 0x11,
    0x11, 0xef, 0xfc, 0x11, 0x11, 0x11, 0x11, 0x0,
    0x7, 0xff, 0xff, 0xff, 0xff, 0xff, 0xff, 0xff,
    0xff, 0xff, 0xff, 0xa0, 0x7, 0xff, 0xff, 0xff,
    0xff, 0xff, 0xff, 0xff, 0xff, 0xff, 0xff, 0xa0,
    0x7, 0xff, 0xff, 0xff, 0xff, 0xff, 0xff, 0xff,
    0xff, 0xff, 0xff, 0xa0, 0x2, 0x44, 0x44, 0x44,
    0x44, 0x44, 0x44, 0x44, 0x44, 0x4f, 0xff, 0xa0,
    0x0, 0x0, 0x0, 0x0, 0x0, 0x0, 0x0, 0x0,
    0x0, 0xe, 0xff, 0xa0, 0x0, 0x12, 0x22, 0x22,
    0x22, 0x22, 0x22, 0x22, 0x22, 0x2e, 0xff, 0xa0,
    0x0, 0x7f, 0xff, 0xff, 0xff, 0xff, 0xff, 0xff,
    0xff, 0xff, 0xff, 0xa0, 0x0, 0x7f, 0xff, 0xff,
    0xff, 0xff, 0xff, 0xff, 0xff, 0xff, 0xff, 0xa0,
    0x0, 0x7f, 0xff, 0xff, 0xff, 0xff, 0xff, 0xff,
    0xff, 0xff, 0xff, 0xa0, 0x0, 0x1, 0x11, 0x11,
    0x11, 0x11, 0x11, 0x11, 0x11, 0x1e, 0xff, 0xa0,
    0x0, 0x0, 0x0, 0x0, 0x0, 0x0, 0x0, 0x0,
    0x0, 0xe, 0xff, 0xa0, 0x0, 0x0, 0x0, 0x0,
    0x0, 0x0, 0x0, 0x0, 0x0, 0xe, 0xff, 0xa0,
    0x5, 0x55, 0x55, 0x55, 0x55, 0x55, 0x55, 0x55,
    0x55, 0x5f, 0xff, 0xa0, 0x1f, 0xff, 0xff, 0xff,
    0xff, 0xff, 0xff, 0xff, 0xff, 0xff, 0xff, 0xa0,
    0x1f, 0xff, 0xff, 0xff, 0xff, 0xff, 0xff, 0xff,
    0xff, 0xff, 0xff, 0xa0, 0x1f, 0xff, 0xff, 0xff,
    0xff, 0xff, 0xff, 0xff, 0xff, 0xff, 0xff, 0xa0,

    /* U+624B "手" */
    0x0, 0x0, 0x0, 0x0, 0x0, 0x0, 0x0, 0x0,
    0x2, 0x58, 0xc4, 0x0, 0x0, 0x0, 0x0, 0x0,
    0x0, 0x2, 0x35, 0x68, 0xad, 0xff, 0xff, 0xff,
    0x30, 0x0, 0x0, 0xab, 0xcd, 0xef, 0xff, 0xff,
    0xff, 0xff, 0xff, 0xff, 0xff, 0xe1, 0x0, 0x0,
    0xbf, 0xff, 0xff, 0xff, 0xff, 0xff, 0xff, 0xff,
    0xeb, 0x95, 0x20, 0x0, 0x0, 0x7f, 0xff, 0xff,
    0xff, 0xdf, 0xff, 0xe5, 0x31, 0x0, 0x0, 0x0,
    0x0, 0x0, 0x14, 0x43, 0x21, 0x0, 0xb, 0xff,
    0xd0, 0x0, 0x0, 0x0, 0x0, 0x0, 0x0, 0x0,
    0x0, 0x0, 0x0, 0xb, 0xff, 0xd0, 0x0, 0x0,
    0x0, 0x0, 0x0, 0x0, 0x0, 0x0, 0x0, 0x0,
    0xb, 0xff, 0xd0, 0x0, 0x0, 0x0, 0x0, 0x0,
    0x0, 0xdf, 0xff, 0xff, 0xff, 0xff, 0xff, 0xff,
    0xff, 0xff, 0xff, 0xff, 0x30, 0x0, 0xef, 0xff,
    0xff, 0xff, 0xff, 0xff, 0xff, 0xff, 0xff, 0xff,
    0xff, 0x30, 0x0, 0xef, 0xff, 0xff, 0xff, 0xff,
    0xff, 0xff, 0xff, 0xff, 0xff, 0xff, 0x30, 0x0,
    0x34, 0x44, 0x44, 0x44, 0x4c, 0xff, 0xd4, 0x44,
    0x44, 0x44, 0x44, 0x10, 0x0, 0x0, 0x0, 0x0,
    0x0, 0xb, 0xff, 0xd0, 0x0, 0x0, 0x0, 0x0,
    0x0, 0x0, 0x0, 0x0, 0x0, 0x0, 0xb, 0xff,
    0xd0, 0x0, 0x0, 0x0, 0x0, 0x0, 0x45, 0x55,
    0x55, 0x55, 0x55, 0x5c, 0xff, 0xe5, 0x55, 0x55,
    0x55, 0x55, 0x55, 0xdf, 0xff, 0xff, 0xff, 0xff,
    0xff, 0xff, 0xff, 0xff, 0xff, 0xff, 0xff, 0xfe,
    0xdf, 0xff, 0xff, 0xff, 0xff, 0xff, 0xff, 0xff,
    0xff, 0xff, 0xff, 0xff, 0xfe, 0xcf, 0xff, 0xff,
    0xff, 0xff, 0xff, 0xff, 0xff, 0xff, 0xff, 0xff,
    0xff, 0xfe, 0x0, 0x0, 0x0, 0x0, 0x0, 0xb,
    0xff, 0xd0, 0x0, 0x0, 0x0, 0x0, 0x0, 0x0,
    0x0, 0x0, 0x0, 0x0, 0xb, 0xff, 0xd0, 0x0,
    0x0, 0x0, 0x0, 0x0, 0x0, 0x0, 0x0, 0x0,
    0x0, 0xb, 0xff, 0xd0, 0x0, 0x0, 0x0, 0x0,
    0x0, 0x0, 0x0, 0x0, 0x0, 0x0, 0xb, 0xff,
    0xd0, 0x0, 0x0, 0x0, 0x0, 0x0, 0x0, 0x0,
    0x3, 0x54, 0x44, 0x4d, 0xff, 0xc0, 0x0, 0x0,
    0x0, 0x0, 0x0, 0x0, 0x0, 0x3, 0xff, 0xff,
    0xff, 0xff, 0xa0, 0x0, 0x0, 0x0, 0x0, 0x0,
    0x0, 0x0, 0x0, 0xcf, 0xff, 0xff, 0xff, 0x40,
    0x0, 0x0, 0x0, 0x0, 0x0, 0x0, 0x0, 0x0,
    0x6f, 0xff, 0xec, 0x93, 0x0, 0x0, 0x0, 0x0,
    0x0, 0x0,

    /* U+6301 "持" */
    0x0, 0x0, 0x9c, 0xc3, 0x0, 0x0, 0x0, 0x0,
    0x9, 0xaa, 0x20, 0x0, 0x0, 0x0, 0x0, 0x0,
    0xcf, 0xf4, 0x0, 0x0, 0x0, 0x0, 0xf, 0xff,
    0x30, 0x0, 0x0, 0x0, 0x0, 0x0, 0xcf, 0xf4,
    0x0, 0x0, 0x0, 0x0, 0xf, 0xff, 0x30, 0x0,
    0x0, 0x0, 0x0, 0x0, 0xcf, 0xf4, 0x0, 0x9,
    0xdd, 0xdd, 0xdf, 0xff, 0xdd, 0xdd, 0xdc, 0x0,
    0x0, 0x0, 0xcf, 0xf4, 0x0, 0xb, 0xff, 0xff,
    0xff, 0xff, 0xff, 0xff, 0xfe, 0x0, 0xa, 0xbb,
    0xff, 0xfc, 0xb7, 0xb, 0xff, 0xff, 0xff, 0xff,
    0xff, 0xff, 0xfe, 0x0, 0xf, 0xff, 0xff, 0xff,
    0xfb, 0x2, 0x33, 0x33, 0x3f, 0xff, 0x63, 0x33,
    0x33, 0x0, 0xf, 0xff, 0xff, 0xff, 0xfb, 0x0,
    0x0, 0x0, 0xf, 0xff, 0x30, 0x0, 0x0, 0x0,
    0x8, 0x99, 0xef, 0xfb, 0x96, 0x11, 0x11, 0x11,
    0x1f, 0xff, 0x51, 0x11, 0x11, 0x10, 0x0, 0x0,
    0xcf, 0xf4, 0x0, 0xef, 0xff, 0xff, 0xff, 0xff,
    0xff, 0xff, 0xff, 0xf2, 0x0, 0x0, 0xcf, 0xf4,
    0x0, 0xef, 0xff, 0xff, 0xff, 0xff, 0xff, 0xff,
    0xff, 0xf2, 0x0, 0x0, 0xcf, 0xf4, 0x0, 0xdf,
    0xff, 0xff, 0xff, 0xff, 0xff, 0xff, 0xff, 0xf2,
    0x0, 0x0, 0xcf, 0xf8, 0x97, 0x0, 0x0, 0x0,
    0x0, 0x0, 0x5f, 0xfd, 0x0, 0x0, 0x0, 0x25,
    0xef, 0xff, 0xfa, 0x0, 0x0, 0x0, 0x0, 0x0,
    0x5f, 0xfd, 0x0, 0x0, 0x4e, 0xff, 0xff, 0xff,
    0xfd, 0x9f, 0xff, 0xff, 0xff, 0xff, 0xff, 0xff,
    0xff, 0xe0, 0x2f, 0xff, 0xff, 0xfc, 0x72, 0xaf,
    0xff, 0xff, 0xff, 0xff, 0xff, 0xff, 0xff, 0xf0,
    0xe, 0xfe, 0xff, 0xf4, 0x0, 0xaf, 0xff, 0xff,
    0xff, 0xff, 0xff, 0xff, 0xff, 0xf0, 0x5, 0x30,
    0xcf, 0xf4, 0x0, 0x1, 0x15, 0xa1, 0x11, 0x11,
    0x6f, 0xfd, 0x11, 0x10, 0x0, 0x0, 0xcf, 0xf4,
    0x0, 0x0, 0xbf, 0xf9, 0x0, 0x0, 0x5f, 0xfd,
    0x0, 0x0, 0x0, 0x0, 0xcf, 0xf4, 0x0, 0x0,
    0x7f, 0xff, 0x50, 0x0, 0x5f, 0xfd, 0x0, 0x0,
    0x0, 0x0, 0xcf, 0xf4, 0x0, 0x0, 0xb, 0xff,
    0xe1, 0x0, 0x5f, 0xfd, 0x0, 0x0, 0x0, 0x0,
    0xcf, 0xf4, 0x0, 0x0, 0x2, 0xff, 0xf7, 0x0,
    0x5f, 0xfd, 0x0, 0x0, 0x1, 0x11, 0xdf, 0xf4,
    0x0, 0x0, 0x0, 0x8e, 0x62, 0x11, 0x7f, 0xfd,
    0x0, 0x0, 0x5, 0xff, 0xff, 0xf3, 0x0, 0x0,
    0x0, 0x0, 0xc, 0xff, 0xff, 0xfc, 0x0, 0x0,
    0x0, 0xff, 0xff, 0xe0, 0x0, 0x0, 0x0, 0x0,
    0x6, 0xff, 0xff, 0xf8, 0x0, 0x0, 0x0, 0xcf,
    0xda, 0x20, 0x0, 0x0, 0x0, 0x0, 0x2, 0xff,
    0xec, 0x70, 0x0, 0x0,

    /* U+65F6 "时" */
    0x0, 0x0, 0x0, 0x0, 0x0, 0x0, 0x0, 0x0,
    0x0, 0x1, 0x66, 0x61, 0x0, 0x0, 0x0, 0x0,
    0x0, 0x0, 0x0, 0x0, 0x0, 0x0, 0x0, 0x3f,
    0xff, 0x30, 0x0, 0x6, 0x66, 0x66, 0x66, 0x66,
    0x10, 0x0, 0x0, 0x0, 0x3, 0xff, 0xf3, 0x0,
    0x2, 0xff, 0xff, 0xff, 0xff, 0xf4, 0x0, 0x0,
    0x0, 0x0, 0x3f, 0xff, 0x30, 0x0, 0x2f, 0xff,
    0xff, 0xff, 0xff, 0x40, 0x0, 0x0, 0x0, 0x3,
    0xff, 0xf3, 0x0, 0x2, 0xff, 0xfa, 0xaa, 0xff,
    0xf4, 0x36, 0x66, 0x66, 0x66, 0x8f, 0xff, 0x86,
    0x60, 0x2f, 0xff, 0x0, 0xd, 0xff, 0x49, 0xff,
    0xff, 0xff, 0xff, 0xff, 0xff, 0xff, 0x12, 0xff,
    0xf0, 0x0, 0xdf, 0xf4, 0x9f, 0xff, 0xff, 0xff,
    0xff, 0xff, 0xff, 0xf1, 0x2f, 0xff, 0x0, 0xd,
    0xff, 0x48, 0xff, 0xff, 0xff, 0xff, 0xff, 0xff,
    0xff, 0x12, 0xff, 0xf0, 0x0, 0xdf, 0xf4, 0x0,
    0x0, 0x0, 0x0, 0x3f, 0xff, 0x30, 0x0, 0x2f,
    0xff, 0xee, 0xef, 0xff, 0x40, 0x1, 0x60, 0x0,
    0x3, 0xff, 0xf3, 0x0, 0x2, 0xff, 0xff, 0xff,
    0xff, 0xf4, 0x8, 0xff, 0x50, 0x0, 0x3f, 0xff,
    0x30, 0x0, 0x2f, 0xff, 0xff, 0xff, 0xff, 0x40,
    0xcf, 0xfe, 0x10, 0x3, 0xff, 0xf3, 0x0, 0x2,
    0xff, 0xf0, 0x0, 0xdf, 0xf4, 0x2, 0xff, 0xfb,
    0x0, 0x3f, 0xff, 0x30, 0x0, 0x2f, 0xff, 0x0,
    0xd, 0xff, 0x40, 0x8, 0xff, 0xf6, 0x3, 0xff,
    0xf3, 0x0, 0x2, 0xff, 0xf0, 0x0, 0xdf, 0xf4,
    0x0, 0xd, 0xff, 0xf2, 0x3f, 0xff, 0x30, 0x0,
    0x2f, 0xff, 0x0, 0xd, 0xff, 0x40, 0x0, 0x4f,
    0xff, 0x73, 0xff, 0xf3, 0x0, 0x2, 0xff, 0xf0,
    0x0, 0xdf, 0xf4, 0x0, 0x0, 0xac, 0x30, 0x3f,
    0xff, 0x30, 0x0, 0x2f, 0xff, 0xee, 0xef, 0xff,
    0x40, 0x0, 0x0, 0x0, 0x3, 0xff, 0xf3, 0x0,
    0x2, 0xff, 0xff, 0xff, 0xff, 0xf4, 0x0, 0x0,
    0x0, 0x0, 0x3f, 0xff, 0x30, 0x0, 0x2f, 0xff,
    0xff, 0xff, 0xff, 0x40, 0x0, 0x0, 0x0, 0x3,
    0xff, 0xf3, 0x0, 0x2, 0xff, 0xf1, 0x11, 0x11,
    0x10, 0x0, 0x0, 0x0, 0x0, 0x3f, 0xff, 0x30,
    0x0, 0x2f, 0xff, 0x0, 0x0, 0x0, 0x0, 0x0,
    0x36, 0x55, 0x58, 0xff, 0xf3, 0x0, 0x1, 0x77,
    0x70, 0x0, 0x0, 0x0, 0x0, 0x4, 0xff, 0xff,
    0xff, 0xff, 0x10, 0x0, 0x0, 0x0, 0x0, 0x0,
    0x0, 0x0, 0x0, 0xe, 0xff, 0xff, 0xff, 0xa0,
    0x0, 0x0, 0x0, 0x0, 0x0, 0x0, 0x0, 0x0,
    0x0, 0x9f, 0xfe, 0xdb, 0x60, 0x0, 0x0,

    /* U+6B21 "次" */
    0x0, 0x0, 0x0, 0x0, 0x0, 0x0, 0x98, 0x52,
    0x0, 0x0, 0x0, 0x0, 0x0, 0x0, 0x0, 0x0,
    0x0, 0x0, 0x0, 0x0, 0xff, 0xfb, 0x0, 0x0,
    0x0, 0x0, 0x0, 0x0, 0x0, 0x3a, 0x20, 0x0,
    0x0, 0x4, 0xff, 0xf8, 0x0, 0x0, 0x0, 0x0,
    0x0, 0x0, 0x1, 0xef, 0xf8, 0x0, 0x0, 0x8,
    0xff, 0xf3, 0x0, 0x0, 0x0, 0x0, 0x0, 0x0,
    0x9, 0xff, 0xff, 0xd4, 0x0, 0xd, 0xff, 0xf6,
    0x66, 0x66, 0x66, 0x66, 0x50, 0x0, 0x0, 0x6f,
    0xff, 0xff, 0x60, 0x2f, 0xff, 0xff, 0xff, 0xff,
    0xff, 0xff, 0xfc, 0x30, 0x0, 0x2, 0xcf, 0xff,
    0x60, 0x8f, 0xff, 0xff, 0xff, 0xff, 0xff, 0xff,
    0xff, 0x70, 0x0, 0x0, 0x9, 0xfa, 0x0, 0xef,
    0xff, 0xff, 0xff, 0xff, 0xff, 0xff, 0xff, 0x30,
    0x0, 0x0, 0x0, 0x60, 0x6, 0xff, 0xf8, 0x2,
    0x33, 0x30, 0x0, 0xaf, 0xfe, 0x0, 0x0, 0x0,
    0x0, 0x0, 0xe, 0xff, 0xf2, 0xa, 0xff, 0xf0,
    0x0, 0xff, 0xf9, 0x0, 0x0, 0x0, 0x0, 0x0,
    0x8f, 0xff, 0xa0, 0xa, 0xff, 0xf0, 0x5, 0xff,
    0xf3, 0x0, 0x0, 0x0, 0x0, 0x4, 0xff, 0xff,
    0x20, 0xa, 0xff, 0xf0, 0xa, 0xff, 0xd0, 0x0,
    0x0, 0x0, 0x0, 0x0, 0x8f, 0xf9, 0x0, 0xb,
    0xff, 0xf0, 0xe, 0xff, 0x60, 0x0, 0x0, 0x0,
    0x0, 0xc2, 0x1, 0x90, 0x0, 0xd, 0xff, 0xf2,
    0x0, 0x6c, 0x0, 0x0, 0x0, 0x0, 0x8, 0xff,
    0x40, 0x0, 0x0, 0xf, 0xff, 0xf7, 0x0, 0x0,
    0x0, 0x0, 0x0, 0x0, 0x2f, 0xff, 0xd0, 0x0,
    0x0, 0x4f, 0xff, 0xfd, 0x0, 0x0, 0x0, 0x0,
    0x0, 0x0, 0xbf, 0xff, 0x50, 0x0, 0x0, 0xaf,
    0xff, 0xff, 0x40, 0x0, 0x0, 0x0, 0x0, 0x5,
    0xff, 0xfc, 0x0, 0x0, 0x1, 0xff, 0xff, 0xff,
    0xc0, 0x0, 0x0, 0x0, 0x0, 0x1e, 0xff, 0xf3,
    0x0, 0x0, 0xa, 0xff, 0xfc, 0xff, 0xf5, 0x0,
    0x0, 0x0, 0x0, 0xaf, 0xff, 0xa0, 0x0, 0x0,
    0x5f, 0xff, 0xf1, 0xdf, 0xfe, 0x10, 0x0, 0x0,
    0x5, 0xff, 0xff, 0x10, 0x0, 0x3, 0xff, 0xff,
    0x70, 0x4f, 0xff, 0xd1, 0x0, 0x0, 0xe, 0xff,
    0xf7, 0x0, 0x0, 0x4f, 0xff, 0xfc, 0x0, 0xa,
    0xff, 0xfd, 0x20, 0x0, 0x3, 0xef, 0xd0, 0x0,
    0x8, 0xff, 0xff, 0xe1, 0x0, 0x1, 0xdf, 0xff,
    0xf8, 0x10, 0x0, 0x1a, 0x30, 0x4, 0xdf, 0xff,
    0xfe, 0x20, 0x0, 0x0, 0x2e, 0xff, 0xff, 0xe1,
    0x0, 0x0, 0x0, 0xa, 0xff, 0xff, 0xd2, 0x0,
    0x0, 0x0, 0x1, 0xcf, 0xff, 0x50, 0x0, 0x0,
    0x0, 0x0, 0xaf, 0xf8, 0x0, 0x0, 0x0, 0x0,
    0x0, 0x8, 0xf9, 0x0, 0x0, 0x0, 0x0, 0x0,
    0x9, 0x20, 0x0, 0x0, 0x0, 0x0, 0x0, 0x0,
    0x11, 0x0,

    /* U+6C34 "水" */
    0x0, 0x0, 0x0, 0x0, 0x0, 0x0, 0x8d, 0xdc,
    0x0, 0x0, 0x0, 0x0, 0x0, 0x0, 0x0, 0x0,
    0x0, 0x0, 0x0, 0x0, 0xaf, 0xfe, 0x0, 0x0,
    0x0, 0x0, 0x0, 0x0, 0x0, 0x0, 0x0, 0x0,
    0x0, 0x0, 0xaf, 0xfe, 0x0, 0x0, 0x0, 0x0,
    0x0, 0x0, 0x0, 0x0, 0x0, 0x0, 0x0, 0x0,
    0xaf, 0xfe, 0x0, 0x0, 0x0, 0x0, 0x0, 0x0,
    0x0, 0x0, 0x0, 0x0, 0x0, 0x0, 0xaf, 0xfe,
    0x0, 0x0, 0x0, 0x0, 0x0, 0x0, 0x0, 0x0,
    0x0, 0x0, 0x0, 0x0, 0xaf, 0xfe, 0x0, 0x0,
    0x0, 0xb3, 0x0, 0x0, 0x0, 0x0, 0x0, 0x0,
    0x0, 0x0, 0xaf, 0xfe, 0x0, 0x0, 0xa, 0xff,
    0x70, 0x0, 0x5, 0xff, 0xff, 0xff, 0xff, 0xa3,
    0xaf, 0xff, 0x10, 0x0, 0x8f, 0xff, 0xf3, 0x0,
    0x6, 0xff, 0xff, 0xff, 0xff, 0xf6, 0xaf, 0xff,
    0x70, 0x7, 0xff, 0xff, 0x40, 0x0, 0x6, 0xff,
    0xff, 0xff, 0xff, 0xf3, 0xaf, 0xff, 0xe0, 0x6f,
    0xff, 0xf3, 0x0, 0x0, 0x2, 0x66, 0x66, 0x6c,
    0xff, 0xf0, 0xaf, 0xff, 0xfb, 0xff, 0xfe, 0x30,
    0x0, 0x0, 0x0, 0x0, 0x0, 0xc, 0xff, 0xb0,
    0xaf, 0xff, 0xff, 0xff, 0xd2, 0x0, 0x0, 0x0,
    0x0, 0x0, 0x0, 0x2f, 0xff, 0x70, 0xaf, 0xff,
    0xff, 0xfb, 0x10, 0x0, 0x0, 0x0, 0x0, 0x0,
    0x0, 0x8f, 0xff, 0x10, 0xaf, 0xff, 0xff, 0xf4,
    0x0, 0x0, 0x0, 0x0, 0x0, 0x0, 0x0, 0xef,
    0xfb, 0x0, 0xaf, 0xfe, 0xcf, 0xfe, 0x10, 0x0,
    0x0, 0x0, 0x0, 0x0, 0x7, 0xff, 0xf5, 0x0,
    0xaf, 0xfe, 0x3f, 0xff, 0xd1, 0x0, 0x0, 0x0,
    0x0, 0x0, 0x1f, 0xff, 0xd0, 0x0, 0xaf, 0xfe,
    0x8, 0xff, 0xfc, 0x10, 0x0, 0x0, 0x0, 0x0,
    0xbf, 0xff, 0x50, 0x0, 0xaf, 0xfe, 0x0, 0xcf,
    0xff, 0xd2, 0x0, 0x0, 0x0, 0x9, 0xff, 0xfc,
    0x0, 0x0, 0xaf, 0xfe, 0x0, 0x1e, 0xff, 0xfe,
    0x50, 0x0, 0x0, 0x8f, 0xff, 0xf2, 0x0, 0x0,
    0xaf, 0xfe, 0x0, 0x2, 0xef, 0xff, 0xfb, 0x20,
    0xa, 0xff, 0xff, 0x60, 0x0, 0x0, 0xaf, 0xfe,
    0x0, 0x0, 0x2e, 0xff, 0xff, 0xf3, 0x9, 0xff,
    0xf8, 0x0, 0x0, 0x0, 0xaf, 0xfe, 0x0, 0x0,
    0x1, 0xcf, 0xff, 0x60, 0x0, 0x8f, 0x80, 0x0,
    0x8b, 0xbb, 0xff, 0xfe, 0x0, 0x0, 0x0, 0x7,
    0xf9, 0x0, 0x0, 0x3, 0x0, 0x0, 0x5f, 0xff,
    0xff, 0xfb, 0x0, 0x0, 0x0, 0x0, 0x10, 0x0,
    0x0, 0x0, 0x0, 0x0, 0xf, 0xff, 0xff, 0xf4,
    0x0, 0x0, 0x0, 0x0, 0x0, 0x0, 0x0, 0x0,
    0x0, 0x0, 0xb, 0xfe, 0xd9, 0x30, 0x0, 0x0,
    0x0, 0x0, 0x0, 0x0,

    /* U+6D47 "浇" */
    0x0, 0x0, 0x0, 0x0, 0x0, 0x0, 0x7, 0x99,
    0x30, 0x0, 0x0, 0x0, 0x0, 0x0, 0x0, 0x3,
    0xd4, 0x0, 0x0, 0x0, 0xb, 0xff, 0x70, 0x0,
    0x0, 0x0, 0x0, 0x0, 0x0, 0x4f, 0xff, 0x80,
    0x0, 0x0, 0x8, 0xff, 0xa0, 0x0, 0x2, 0x35,
    0x64, 0x0, 0x0, 0x5f, 0xff, 0xfb, 0x0, 0x13,
    0x5a, 0xff, 0xec, 0xdf, 0xff, 0xff, 0xfa, 0x0,
    0x0, 0x2, 0xdf, 0xff, 0x8a, 0xff, 0xff, 0xff,
    0xff, 0xff, 0xff, 0xff, 0xfd, 0x0, 0x0, 0x0,
    0x1c, 0xfb, 0x7, 0xff, 0xff, 0xff, 0xff, 0xed,
    0xb9, 0x98, 0x53, 0x0, 0x0, 0x0, 0x0, 0x80,
    0x4, 0xb9, 0x86, 0xaf, 0xfd, 0x0, 0x1, 0xbf,
    0xb4, 0x0, 0x0, 0x0, 0x0, 0x0, 0x0, 0x0,
    0x0, 0x2f, 0xff, 0x50, 0x3d, 0xff, 0xf6, 0x0,
    0x0, 0x55, 0x0, 0x0, 0x0, 0x0, 0x0, 0xa,
    0xff, 0xe9, 0xff, 0xff, 0x50, 0x0, 0x5, 0xff,
    0xa1, 0x0, 0x0, 0x0, 0x0, 0x2, 0xff, 0xff,
    0xff, 0xd2, 0x40, 0x0, 0xe, 0xff, 0xfe, 0x30,
    0x0, 0x0, 0x4, 0x8e, 0xff, 0xff, 0xf8, 0x0,
    0xdd, 0x40, 0x1, 0xbf, 0xff, 0xf2, 0x6, 0x9c,
    0xff, 0xff, 0xff, 0xff, 0xfe, 0x99, 0xff, 0xa0,
    0x0, 0x7, 0xff, 0x80, 0x8, 0xff, 0xff, 0xff,
    0xc6, 0xbf, 0xff, 0xff, 0xff, 0x50, 0x0, 0x0,
    0x5a, 0x0, 0x0, 0xdf, 0xfb, 0x61, 0x0, 0x6,
    0xef, 0xff, 0xfc, 0x0, 0x0, 0x0, 0x0, 0x0,
    0x0, 0x24, 0x0, 0x0, 0x0, 0x0, 0x5, 0x78,
    0x50, 0x0, 0x0, 0x0, 0x9, 0x70, 0xc, 0xdd,
    0xdd, 0xdd, 0xdd, 0xdd, 0xdd, 0xdd, 0xdd, 0x70,
    0x0, 0x0, 0x1f, 0xfb, 0x1f, 0xff, 0xff, 0xff,
    0xff, 0xff, 0xff, 0xff, 0xff, 0x90, 0x0, 0x0,
    0x7f, 0xff, 0x1f, 0xff, 0xff, 0xff, 0xff, 0xff,
    0xff, 0xff, 0xff, 0x90, 0x0, 0x0, 0xef, 0xfb,
    0x0, 0x0, 0xf, 0xff, 0x50, 0x1f, 0xff, 0x30,
    0x0, 0x0, 0x0, 0x6, 0xff, 0xf4, 0x0, 0x0,
    0x2f, 0xff, 0x30, 0x1f, 0xff, 0x30, 0x0, 0x0,
    0x0, 0xd, 0xff, 0xd0, 0x0, 0x0, 0x8f, 0xff,
    0x0, 0x1f, 0xff, 0x30, 0x0, 0x0, 0x0, 0x6f,
    0xff, 0x60, 0x0, 0x3, 0xff, 0xfb, 0x0, 0x1f,
    0xff, 0x30, 0x87, 0x10, 0x0, 0xef, 0xfe, 0x0,
    0x0, 0x6f, 0xff, 0xf4, 0x0, 0x1f, 0xff, 0x30,
    0xbf, 0xf0, 0x7, 0xff, 0xf7, 0x0, 0x7e, 0xff,
    0xff, 0x90, 0x0, 0xf, 0xff, 0xb9, 0xff, 0xe0,
    0x0, 0x8f, 0xf0, 0x0, 0x4f, 0xff, 0xfa, 0x0,
    0x0, 0xd, 0xff, 0xff, 0xff, 0x90, 0x0, 0x3,
    0x60, 0x0, 0x9, 0xfd, 0x50, 0x0, 0x0, 0x3,
    0xcf, 0xff, 0xfb, 0x10, 0x0, 0x0, 0x0, 0x0,
    0x1, 0x40, 0x0, 0x0, 0x0, 0x0, 0x0, 0x0,
    0x0, 0x0,

    /* U+6E7F "湿" */
    0x0, 0x0, 0x50, 0x0, 0x0, 0x0, 0x0, 0x0,
    0x0, 0x0, 0x0, 0x0, 0x0, 0x0, 0x0, 0x7,
    0xfe, 0x70, 0x0, 0x9b, 0xbb, 0xbb, 0xbb, 0xbb,
    0xbb, 0xbb, 0xb3, 0x0, 0x0, 0x3f, 0xff, 0xfe,
    0x50, 0xef, 0xff, 0xff, 0xff, 0xff, 0xff, 0xff,
    0xf4, 0x0, 0x0, 0x29, 0xff, 0xff, 0xf1, 0xef,
    0xff, 0xff, 0xff, 0xff, 0xff, 0xff, 0xf4, 0x0,
    0x0, 0x0, 0x3c, 0xff, 0x60, 0xef, 0xf5, 0x0,
    0x0, 0x0, 0x1, 0xff, 0xf4, 0x0, 0x0, 0x0,
    0x0, 0x8b, 0x0, 0xef, 0xf5, 0x0, 0x0, 0x0,
    0x1, 0xff, 0xf4, 0x0, 0x0, 0x0, 0x0, 0x0,
    0x0, 0xef, 0xff, 0xff, 0xff, 0xff, 0xff, 0xff,
    0xf4, 0x0, 0x0, 0x0, 0x0, 0x0, 0x0, 0xef,
    0xff, 0xff, 0xff, 0xff, 0xff, 0xff, 0xf4, 0x0,
    0x0, 0xdc, 0x40, 0x0, 0x0, 0xef, 0xfa, 0x88,
    0x88, 0x88, 0x88, 0xff, 0xf4, 0x0, 0xa, 0xff,
    0xfc, 0x30, 0x0, 0xef, 0xf4, 0x0, 0x0, 0x0,
    0x0, 0xff, 0xf4, 0x0, 0x1b, 0xff, 0xff, 0xf6,
    0x0, 0xef, 0xff, 0xff, 0xff, 0xff, 0xff, 0xff,
    0xf4, 0x0, 0x0, 0x3d, 0xff, 0xf2, 0x0, 0xef,
    0xff, 0xff, 0xff, 0xff, 0xff, 0xff, 0xf4, 0x0,
    0x0, 0x0, 0x8f, 0x80, 0x0, 0xac, 0xcc, 0xcc,
    0xcc, 0xcc, 0xcc, 0xcc, 0xc3, 0x0, 0x0, 0x0,
    0x4, 0x0, 0x0, 0x0, 0x1, 0x44, 0x30, 0x24,
    0x42, 0x0, 0x0, 0x0, 0x0, 0x0, 0x0, 0x0,
    0x0, 0x0, 0x4, 0xff, 0xc0, 0x8f, 0xf9, 0x0,
    0x0, 0x0, 0x0, 0x0, 0x5, 0x0, 0x17, 0xca,
    0x4, 0xff, 0xc0, 0x8f, 0xf9, 0x6, 0xfb, 0x60,
    0x0, 0x0, 0xf, 0xd2, 0x1f, 0xff, 0x14, 0xff,
    0xc0, 0x8f, 0xf9, 0xa, 0xff, 0xa0, 0x0, 0x0,
    0x6f, 0xfe, 0xa, 0xff, 0x84, 0xff, 0xc0, 0x8f,
    0xf9, 0xf, 0xff, 0x30, 0x0, 0x0, 0xdf, 0xf9,
    0x4, 0xff, 0xd4, 0xff, 0xc0, 0x8f, 0xf9, 0x5f,
    0xfc, 0x0, 0x0, 0x5, 0xff, 0xf3, 0x0, 0xef,
    0xf7, 0xff, 0xc0, 0x8f, 0xf9, 0xbf, 0xf5, 0x0,
    0x0, 0xc, 0xff, 0xc0, 0x0, 0xaf, 0xfc, 0xff,
    0xc0, 0x8f, 0xfb, 0xff, 0xd0, 0x0, 0x0, 0x4f,
    0xff, 0x60, 0x0, 0x6f, 0xb9, 0xff, 0xc0, 0x8f,
    0xfc, 0xcf, 0x50, 0x0, 0x0, 0xcf, 0xfe, 0x0,
    0x0, 0x11, 0x4, 0xff, 0xc0, 0x8f, 0xf9, 0x1,
    0x0, 0x0, 0x4, 0xff, 0xf8, 0x6, 0xee, 0xee,
    0xee, 0xff, 0xfe, 0xff, 0xff, 0xee, 0xee, 0xe1,
    0x4, 0xef, 0xf1, 0x7, 0xff, 0xff, 0xff, 0xff,
    0xff, 0xff, 0xff, 0xff, 0xff, 0xf1, 0x0, 0x1a,
    0x90, 0x7, 0xff, 0xff, 0xff, 0xff, 0xff, 0xff,
    0xff, 0xff, 0xff, 0xf1, 0x0, 0x0, 0x0, 0x0,
    0x0, 0x0, 0x0, 0x0, 0x0, 0x0, 0x0, 0x0,
    0x0, 0x0,

    /* U+76F4 "直" */
    0x0, 0x0, 0x0, 0x0, 0x0, 0x0, 0x0, 0x0,
    0x0, 0x0, 0x0, 0x0, 0x0, 0x0, 0x0, 0x0,
    0x0, 0x0, 0xd, 0xec, 0x90, 0x0, 0x0, 0x0,
    0x0, 0x0, 0x0, 0x0, 0x0, 0x0, 0x0, 0xf,
    0xff, 0xb0, 0x0, 0x0, 0x0, 0x0, 0x0, 0x1f,
    0xff, 0xff, 0xff, 0xff, 0xff, 0xff, 0xff, 0xff,
    0xff, 0xff, 0xff, 0xf2, 0x1f, 0xff, 0xff, 0xff,
    0xff, 0xff, 0xff, 0xff, 0xff, 0xff, 0xff, 0xff,
    0xf3, 0x1f, 0xff, 0xff, 0xff, 0xff, 0xff, 0xff,
    0xff, 0xff, 0xff, 0xff, 0xff, 0xf3, 0x0, 0x0,
    0x0, 0x0, 0x0, 0x7f, 0xfe, 0x0, 0x0, 0x0,
    0x0, 0x0, 0x0, 0x0, 0x1, 0x99, 0x99, 0x99,
    0xdf, 0xfe, 0x99, 0x99, 0x99, 0x99, 0x30, 0x0,
    0x0, 0x2, 0xff, 0xff, 0xff, 0xff, 0xff, 0xff,
    0xff, 0xff, 0xff, 0x50, 0x0, 0x0, 0x2, 0xff,
    0xff, 0xff, 0xff, 0xff, 0xff, 0xff, 0xff, 0xff,
    0x50, 0x0, 0x0, 0x2, 0xff, 0xf4, 0x22, 0x22,
    0x22, 0x22, 0x22, 0x3f, 0xff, 0x50, 0x0, 0x0,
    0x2, 0xff, 0xf4, 0x22, 0x22, 0x22, 0x22, 0x22,
    0x3f, 0xff, 0x50, 0x0, 0x0, 0x2, 0xff, 0xff,
    0xff, 0xff, 0xff, 0xff, 0xff, 0xff, 0xff, 0x50,
    0x0, 0x0, 0x2, 0xff, 0xff, 0xff, 0xff, 0xff,
    0xff, 0xff, 0xff, 0xff, 0x50, 0x0, 0x0, 0x2,
    0xff, 0xf6, 0x44, 0x44, 0x44, 0x44, 0x44, 0x5f,
    0xff, 0x50, 0x0, 0x0, 0x2, 0xff, 0xf6, 0x44,
    0x44, 0x44, 0x44, 0x44, 0x5f, 0xff, 0x50, 0x0,
    0x0, 0x2, 0xff, 0xff, 0xff, 0xff, 0xff, 0xff,
    0xff, 0xff, 0xff, 0x50, 0x0, 0x0, 0x2, 0xff,
    0xff, 0xff, 0xff, 0xff, 0xff, 0xff, 0xff, 0xff,
    0x50, 0x0, 0x0, 0x2, 0xff, 0xf4, 0x22, 0x22,
    0x22, 0x22, 0x22, 0x3f, 0xff, 0x50, 0x0, 0x0,
    0x2, 0xff, 0xf6, 0x55, 0x55, 0x55, 0x55, 0x55,
    0x6f, 0xff, 0x50, 0x0, 0x0, 0x2, 0xff, 0xff,
    0xff, 0xff, 0xff, 0xff, 0xff, 0xff, 0xff, 0x50,
    0x0, 0x0, 0x2, 0xff, 0xff, 0xff, 0xff, 0xff,
    0xff, 0xff, 0xff, 0xff, 0x50, 0x0, 0x0, 0x2,
    0xff, 0xf3, 0x11, 0x11, 0x11, 0x11, 0x11, 0x2f,
    0xff, 0x50, 0x0, 0x0, 0x2, 0xff, 0xf2, 0x0,
    0x0, 0x0, 0x0, 0x0, 0x1f, 0xff, 0x50, 0x0,
    0xcf, 0xff, 0xff, 0xff, 0xff, 0xff, 0xff, 0xff,
    0xff, 0xff, 0xff, 0xff, 0xfe, 0xcf, 0xff, 0xff,
    0xff, 0xff, 0xff, 0xff, 0xff, 0xff, 0xff, 0xff,
    0xff, 0xfe, 0xcf, 0xff, 0xff, 0xff, 0xff, 0xff,
    0xff, 0xff, 0xff, 0xff, 0xff, 0xff, 0xfe,

    /* U+79D2 "秒" */
    0x0, 0x0, 0x0, 0x0, 0x27, 0x40, 0x0, 0x0,
    0x5, 0xff, 0xc0, 0x0, 0x0, 0x0, 0x0, 0x0,
    0x14, 0x8d, 0xff, 0xe1, 0x0, 0x0, 0x5, 0xff,
    0xd0, 0x0, 0x0, 0x0, 0x6, 0xad, 0xff, 0xff,
    0xff, 0xfb, 0x0, 0x0, 0x5, 0xff, 0xd0, 0x0,
    0x0, 0x0, 0x7, 0xff, 0xff, 0xff, 0xfc, 0x83,
    0x0, 0x0, 0x5, 0xff, 0xd0, 0x0, 0x0, 0x0,
    0x2, 0xff, 0xdf, 0xff, 0x60, 0x0, 0x1, 0x0,
    0x5, 0xff, 0xd0, 0x27, 0x80, 0x0, 0x0, 0x10,
    0xd, 0xff, 0x60, 0x0, 0xb, 0xfc, 0x55, 0xff,
    0xd2, 0xff, 0xf2, 0x0, 0x0, 0x0, 0xd, 0xff,
    0x60, 0x0, 0xd, 0xff, 0x65, 0xff, 0xd0, 0xcf,
    0xf9, 0x0, 0x1, 0x11, 0x1d, 0xff, 0x71, 0x11,
    0xf, 0xff, 0x45, 0xff, 0xd0, 0x6f, 0xff, 0x0,
    0x1f, 0xff, 0xff, 0xff, 0xff, 0xfe, 0x3f, 0xff,
    0x15, 0xff, 0xd0, 0xf, 0xff, 0x60, 0x1f, 0xff,
    0xff, 0xff, 0xff, 0xfe, 0x6f, 0xfd, 0x5, 0xff,
    0xd0, 0xa, 0xff, 0xb0, 0x1f, 0xff, 0xff, 0xff,
    0xff, 0xfe, 0xaf, 0xf9, 0x5, 0xff, 0xd0, 0x5,
    0xff, 0xf0, 0x0, 0x0, 0x8f, 0xff, 0x90, 0x0,
    0xff, 0xf5, 0x5, 0xff, 0xd0, 0x1, 0xff, 0xf4,
    0x0, 0x0, 0xef, 0xff, 0xf7, 0x5, 0xff, 0xf0,
    0x5, 0xff, 0xd0, 0x0, 0xb8, 0x20, 0x0, 0x5,
    0xff, 0xff, 0xff, 0x50, 0x5d, 0xa0, 0x5, 0xff,
    0xd0, 0x1, 0x0, 0x0, 0x0, 0xd, 0xff, 0xff,
    0xff, 0xf3, 0x0, 0x10, 0x5, 0xff, 0xd0, 0xf,
    0xd9, 0x20, 0x0, 0x6f, 0xff, 0xff, 0xcf, 0xfc,
    0x0, 0x0, 0x5, 0xff, 0xd0, 0x7f, 0xff, 0x30,
    0x1, 0xef, 0xfe, 0xff, 0x6c, 0xf3, 0x0, 0x0,
    0x5, 0xff, 0xd1, 0xef, 0xfc, 0x0, 0xa, 0xff,
    0x9d, 0xff, 0x63, 0x70, 0x0, 0x0, 0x2, 0x66,
    0x5b, 0xff, 0xf3, 0x0, 0x4f, 0xff, 0x1d, 0xff,
    0x60, 0x0, 0x0, 0x0, 0x0, 0x0, 0x9f, 0xff,
    0x90, 0x0, 0xd, 0xf8, 0xd, 0xff, 0x60, 0x0,
    0x0, 0x0, 0x0, 0x1b, 0xff, 0xfd, 0x0, 0x0,
    0x5, 0xe0, 0xd, 0xff, 0x60, 0x0, 0x0, 0x0,
    0x6, 0xef, 0xff, 0xd1, 0x0, 0x0, 0x0, 0x30,
    0xd, 0xff, 0x60, 0x0, 0x0, 0x27, 0xef, 0xff,
    0xfc, 0x10, 0x0, 0x0, 0x0, 0x0, 0xd, 0xff,
    0x60, 0x25, 0x9d, 0xff, 0xff, 0xff, 0x80, 0x0,
    0x0, 0x0, 0x0, 0x0, 0xd, 0xff, 0x60, 0x9f,
    0xff, 0xff, 0xff, 0xa2, 0x0, 0x0, 0x0, 0x0,
    0x0, 0x0, 0xd, 0xff, 0x60, 0xe, 0xff, 0xfd,
    0x82, 0x0, 0x0, 0x0, 0x0, 0x0, 0x0, 0x0,
    0xd, 0xff, 0x60, 0x6, 0xb7, 0x20, 0x0, 0x0,
    0x0, 0x0, 0x0, 0x0,

    /* U+7EED "续" */
    0x0, 0x0, 0x6, 0x50, 0x0, 0x0, 0x0, 0x0,
    0x3c, 0xcc, 0x0, 0x0, 0x0, 0x0, 0x0, 0x0,
    0xdf, 0xe3, 0x0, 0x0, 0x0, 0x4, 0xff, 0xf0,
    0x0, 0x0, 0x0, 0x0, 0x0, 0x3f, 0xff, 0x0,
    0x0, 0xbb, 0xbb, 0xcf, 0xff, 0xbb, 0xbb, 0xa0,
    0x0, 0x0, 0xa, 0xff, 0x80, 0x0, 0xf, 0xff,
    0xff, 0xff, 0xff, 0xff, 0xfd, 0x0, 0x0, 0x2,
    0xff, 0xf1, 0x0, 0x0, 0xff, 0xff, 0xff, 0xff,
    0xff, 0xff, 0xd0, 0x0, 0x0, 0xaf, 0xf8, 0x0,
    0x0, 0x0, 0x0, 0x5, 0xff, 0xf0, 0x0, 0x0,
    0x0, 0x0, 0x2f, 0xfe, 0x12, 0xc2, 0x0, 0x0,
    0x0, 0x5f, 0xff, 0x0, 0x0, 0x10, 0x0, 0xb,
    0xff, 0x60, 0x9f, 0xf5, 0xff, 0xff, 0xff, 0xff,
    0xff, 0xff, 0xff, 0xe4, 0x7, 0xff, 0xc0, 0x2f,
    0xff, 0x2f, 0xff, 0xff, 0xff, 0xff, 0xff, 0xff,
    0xff, 0x25, 0xff, 0xfe, 0xef, 0xff, 0x80, 0xcc,
    0xcc, 0xcc, 0xcc, 0xcc, 0xcc, 0xff, 0xe0, 0x2f,
    0xff, 0xff, 0xff, 0xd0, 0x0, 0x6, 0xc4, 0x7,
    0xcc, 0x50, 0x4f, 0xf9, 0x0, 0xce, 0xba, 0xff,
    0xf3, 0x0, 0x1, 0xef, 0xfa, 0xbf, 0xf7, 0x9,
    0xff, 0x40, 0x0, 0x0, 0xbf, 0xf8, 0x0, 0x2,
    0x71, 0x9f, 0xfc, 0xff, 0x70, 0x7c, 0xd0, 0x0,
    0x0, 0x6f, 0xfc, 0x1, 0x31, 0xef, 0xd4, 0x44,
    0xaf, 0xf7, 0x0, 0x0, 0x0, 0x0, 0x3f, 0xff,
    0xbd, 0xfa, 0x6, 0xff, 0xf6, 0xb, 0xff, 0x60,
    0x0, 0x0, 0x0, 0x2e, 0xff, 0xff, 0xff, 0xa0,
    0x2, 0xde, 0x10, 0xdf, 0xf5, 0x0, 0x0, 0x0,
    0x1f, 0xff, 0xff, 0xff, 0xc6, 0x7d, 0xdd, 0xed,
    0xdf, 0xff, 0xdd, 0xdd, 0xdd, 0x10, 0xdf, 0xfe,
    0x95, 0x0, 0x9, 0xff, 0xff, 0xff, 0xff, 0xff,
    0xff, 0xff, 0xf1, 0x7, 0x93, 0x0, 0x0, 0x24,
    0x9f, 0xff, 0xff, 0xff, 0xff, 0xff, 0xff, 0xff,
    0x10, 0x0, 0x0, 0x16, 0xcf, 0xc0, 0x11, 0x11,
    0x7f, 0xff, 0x44, 0x41, 0x11, 0x10, 0x0, 0x5,
    0xaf, 0xff, 0xff, 0x0, 0x0, 0x3f, 0xff, 0xb3,
    0xff, 0x70, 0x0, 0x1, 0xaf, 0xff, 0xff, 0xfd,
    0x70, 0x0, 0x4f, 0xff, 0xf2, 0x9f, 0xff, 0xb1,
    0x0, 0x1f, 0xff, 0xff, 0xb4, 0x0, 0x0, 0x9f,
    0xff, 0xf4, 0x0, 0x6f, 0xff, 0xd2, 0x0, 0xdf,
    0xe7, 0x10, 0x0, 0x7, 0xef, 0xff, 0xf5, 0x0,
    0x0, 0x3e, 0xff, 0xe3, 0x6, 0x40, 0x0, 0x0,
    0x0, 0xaf, 0xff, 0xd3, 0x0, 0x0, 0x0, 0x2e,
    0xff, 0x90, 0x0, 0x0, 0x0, 0x0, 0x0, 0xde,
    0x70, 0x0, 0x0, 0x0, 0x0, 0x2e, 0x90, 0x0,
    0x0, 0x0, 0x0, 0x0, 0x2, 0x0, 0x0, 0x0,
    0x0, 0x0, 0x0, 0x10, 0x0,

    /* U+7F6E "置" */
    0x0, 0xcf, 0xff, 0xff, 0xff, 0xff, 0xff, 0xff,
    0xff, 0xff, 0xff, 0xff, 0x60, 0x0, 0xdf, 0xff,
    0xff, 0xff, 0xff, 0xff, 0xff, 0xff, 0xff, 0xff,
    0xff, 0x70, 0x0, 0xdf, 0xf9, 0x44, 0xaf, 0xfb,
    0x44, 0x7f, 0xfd, 0x44, 0x4f, 0xff, 0x70, 0x0,
    0xdf, 0xf6, 0x0, 0x8f, 0xf9, 0x0, 0x3f, 0xfd,
    0x0, 0xf, 0xff, 0x70, 0x0, 0xdf, 0xff, 0xff,
    0xff, 0xff, 0xff, 0xff, 0xff, 0xff, 0xff, 0xff,
    0x70, 0x0, 0xdf, 0xff, 0xff, 0xff, 0xff, 0xff,
    0xff, 0xff, 0xff, 0xff, 0xff, 0x70, 0x0, 0x45,
    0x55, 0x55, 0x55, 0x5c, 0xff, 0xc5, 0x55, 0x55,
    0x55, 0x55, 0x20, 0x7, 0x77, 0x77, 0x77, 0x77,
    0x7d, 0xff, 0xc7, 0x77, 0x77, 0x77, 0x77, 0x70,
    0xf, 0xff, 0xff, 0xff, 0xff, 0xff, 0xff, 0xff,
    0xff, 0xff, 0xff, 0xff, 0xf1, 0xe, 0xff, 0xff,
    0xff, 0xff, 0xff, 0xff, 0xff, 0xff, 0xff, 0xff,
    0xff, 0xf0, 0x0, 0x0, 0x0, 0x0, 0x0, 0x1f,
    0xff, 0x10, 0x0, 0x0, 0x0, 0x0, 0x0, 0x0,
    0x1, 0xff, 0xff, 0xff, 0xff, 0xff, 0xff, 0xff,
    0xff, 0xff, 0x70, 0x0, 0x0, 0x1, 0xff, 0xff,
    0xff, 0xff, 0xff, 0xff, 0xff, 0xff, 0xff, 0x70,
    0x0, 0x0, 0x1, 0xff, 0xf1, 0x0, 0x0, 0x0,
    0x0, 0x0, 0xd, 0xff, 0x70, 0x0, 0x0, 0x1,
    0xff, 0xff, 0xff, 0xff, 0xff, 0xff, 0xff, 0xff,
    0xff, 0x70, 0x0, 0x0, 0x1, 0xff, 0xfc, 0xcc,
    0xcc, 0xcc, 0xcc, 0xcc, 0xcf, 0xff, 0x70, 0x0,
    0x0, 0x1, 0xff, 0xf4, 0x33, 0x33, 0x33, 0x33,
    0x33, 0x3e, 0xff, 0x70, 0x0, 0x0, 0x1, 0xff,
    0xff, 0xff, 0xff, 0xff, 0xff, 0xff, 0xff, 0xff,
    0x70, 0x0, 0x0, 0x1, 0xff, 0xf6, 0x55, 0x55,
    0x55, 0x55, 0x55, 0x5e, 0xff, 0x70, 0x0, 0x0,
    0x1, 0xff, 0xfa, 0x99, 0x99, 0x99, 0x99, 0x99,
    0x9f, 0xff, 0x70, 0x0, 0x0, 0x1, 0xff, 0xff,
    0xff, 0xff, 0xff, 0xff, 0xff, 0xff, 0xff, 0x70,
    0x0, 0x0, 0x1, 0xff, 0xf2, 0x11, 0x11, 0x11,
    0x11, 0x11, 0x1d, 0xff, 0x70, 0x0, 0x25, 0x56,
    0xff, 0xf6, 0x55, 0x55, 0x55, 0x55, 0x55, 0x5e,
    0xff, 0xa5, 0x55, 0x5f, 0xff, 0xff, 0xff, 0xff,
    0xff, 0xff, 0xff, 0xff, 0xff, 0xff, 0xff, 0xfe,
    0x5f, 0xff, 0xff, 0xff, 0xff, 0xff, 0xff, 0xff,
    0xff, 0xff, 0xff, 0xff, 0xfe,

    /* U+89D2 "角" */
    0x0, 0x0, 0x0, 0x8, 0x96, 0x30, 0x0, 0x0,
    0x0, 0x0, 0x0, 0x0, 0x0, 0x0, 0x0, 0x2,
    0xff, 0xfd, 0x10, 0x0, 0x0, 0x1, 0x0, 0x0,
    0x0, 0x0, 0x0, 0x0, 0xcf, 0xff, 0xff, 0xff,
    0xff, 0xff, 0xf7, 0x0, 0x0, 0x0, 0x0, 0x0,
    0x7f, 0xff, 0xff, 0xff, 0xff, 0xff, 0xff, 0xf8,
    0x0, 0x0, 0x0, 0x0, 0x3f, 0xff, 0xfb, 0xbb,
    0xbb, 0xbd, 0xff, 0xfe, 0x10, 0x0, 0x0, 0x0,
    0x2e, 0xff, 0xf5, 0x0, 0x0, 0x0, 0xdf, 0xff,
    0x30, 0x0, 0x0, 0x0, 0x2e, 0xff, 0xfb, 0x22,
    0x22, 0x22, 0xaf, 0xff, 0x72, 0x22, 0x22, 0x0,
    0x4f, 0xff, 0xff, 0xff, 0xff, 0xff, 0xff, 0xff,
    0xff, 0xff, 0xff, 0xf0, 0x6f, 0xff, 0xff, 0xff,
    0xff, 0xff, 0xff, 0xff, 0xff, 0xff, 0xff, 0xff,
    0x0, 0x9f, 0xff, 0xff, 0xed, 0xdd, 0xdf, 0xff,
    0xed, 0xdd, 0xde, 0xff, 0xf0, 0x0, 0xa7, 0xff,
    0xf7, 0x0, 0x0, 0xef, 0xf8, 0x0, 0x0, 0x7f,
    0xff, 0x0, 0x0, 0xf, 0xff, 0x70, 0x0, 0xe,
    0xff, 0x80, 0x0, 0x7, 0xff, 0xf0, 0x0, 0x0,
    0xff, 0xff, 0xee, 0xee, 0xff, 0xff, 0xee, 0xee,
    0xff, 0xff, 0x0, 0x0, 0xf, 0xff, 0xff, 0xff,
    0xff, 0xff, 0xff, 0xff, 0xff, 0xff, 0xf0, 0x0,
    0x0, 0xff, 0xff, 0xff, 0xff, 0xff, 0xff, 0xff,
    0xff, 0xff, 0xff, 0x0, 0x0, 0xf, 0xff, 0x70,
    0x0, 0xe, 0xff, 0x80, 0x0, 0x7, 0xff, 0xf0,
    0x0, 0x1, 0xff, 0xf5, 0x0, 0x0, 0xef, 0xf8,
    0x0, 0x0, 0x7f, 0xff, 0x0, 0x0, 0x2f, 0xff,
    0xdc, 0xcc, 0xcf, 0xff, 0xec, 0xcc, 0xcd, 0xff,
    0xf0, 0x0, 0x5, 0xff, 0xff, 0xff, 0xff, 0xff,
    0xff, 0xff, 0xff, 0xff, 0xff, 0x0, 0x0, 0x9f,
    0xff, 0xff, 0xff, 0xff, 0xff, 0xff, 0xff, 0xff,
    0xff, 0xf0, 0x0, 0xe, 0xff, 0xb3, 0x33, 0x33,
    0xff, 0xf9, 0x33, 0x33, 0x8f, 0xff, 0x0, 0x5,
    0xff, 0xf6, 0x0, 0x0, 0xe, 0xff, 0x80, 0x0,
    0x7, 0xff, 0xf0, 0x0, 0xdf, 0xff, 0x0, 0x0,
    0x0, 0xef, 0xf8, 0x23, 0x33, 0x9f, 0xff, 0x0,
    0xbf, 0xff, 0x70, 0x0, 0x0, 0xe, 0xff, 0x84,
    0xff, 0xff, 0xff, 0xf0, 0x1a, 0xff, 0xd0, 0x0,
    0x0, 0x0, 0xef, 0xf8, 0xd, 0xff, 0xff, 0xf9,
    0x0, 0x7, 0xe2, 0x0, 0x0, 0x0, 0xe, 0xff,
    0x80, 0x9f, 0xfe, 0xb7, 0x0, 0x0, 0x1, 0x0,
    0x0, 0x0, 0x0, 0x0, 0x0, 0x0, 0x0, 0x0,
    0x0, 0x0,

    /* U+8BBE "设" */
    0x0, 0x0, 0x30, 0x0, 0x0, 0x0, 0x0, 0x0,
    0x0, 0x0, 0x0, 0x0, 0x0, 0x0, 0x0, 0x5,
    0xfd, 0x20, 0x0, 0x0, 0x1f, 0xff, 0xff, 0xff,
    0xff, 0xe0, 0x0, 0x0, 0x0, 0x2f, 0xff, 0xe3,
    0x0, 0x0, 0x1f, 0xff, 0xff, 0xff, 0xff, 0xf0,
    0x0, 0x0, 0x0, 0x5, 0xff, 0xff, 0x30, 0x0,
    0x1f, 0xff, 0xff, 0xff, 0xff, 0xf0, 0x0, 0x0,
    0x0, 0x0, 0x4f, 0xff, 0xe1, 0x0, 0x2f, 0xff,
    0x22, 0x25, 0xff, 0xf0, 0x0, 0x0, 0x0, 0x0,
    0x5, 0xff, 0x80, 0x0, 0x4f, 0xff, 0x0, 0x3,
    0xff, 0xf0, 0x0, 0x0, 0x0, 0x0, 0x0, 0x68,
    0x0, 0x0, 0x8f, 0xfc, 0x0, 0x3, 0xff, 0xf0,
    0x0, 0x0, 0x0, 0x0, 0x0, 0x0, 0x0, 0x3,
    0xff, 0xf7, 0x0, 0x3, 0xff, 0xf0, 0x0, 0x0,
    0x15, 0x55, 0x55, 0x51, 0x0, 0x5f, 0xff, 0xf1,
    0x0, 0x1, 0xff, 0xfd, 0xcc, 0x60, 0x3f, 0xff,
    0xff, 0xf5, 0xa, 0xff, 0xff, 0x50, 0x0, 0x0,
    0xdf, 0xff, 0xff, 0x80, 0x3f, 0xff, 0xff, 0xf5,
    0x1, 0xdf, 0xf6, 0x0, 0x0, 0x0, 0x3c, 0xff,
    0xff, 0x80, 0x3d, 0xdd, 0xff, 0xf5, 0x0, 0x2a,
    0x20, 0x0, 0x0, 0x0, 0x0, 0x0, 0x0, 0x0,
    0x0, 0x0, 0xef, 0xf5, 0x0, 0x7d, 0xdd, 0xdd,
    0xdd, 0xdd, 0xdd, 0xde, 0x81, 0x0, 0x0, 0x0,
    0xef, 0xf5, 0x0, 0x8f, 0xff, 0xff, 0xff, 0xff,
    0xff, 0xff, 0xf3, 0x0, 0x0, 0x0, 0xef, 0xf5,
    0x0, 0x8f, 0xff, 0xff, 0xff, 0xff, 0xff, 0xff,
    0xd0, 0x0, 0x0, 0x0, 0xef, 0xf5, 0x0, 0x28,
    0xff, 0xb4, 0x44, 0x44, 0x5f, 0xff, 0x70, 0x0,
    0x0, 0x0, 0xef, 0xf5, 0x0, 0x3, 0xff, 0xf3,
    0x0, 0x0, 0x9f, 0xfe, 0x0, 0x0, 0x0, 0x0,
    0xef, 0xf5, 0x7, 0x0, 0xaf, 0xfe, 0x10, 0x5,
    0xff, 0xf6, 0x0, 0x0, 0x0, 0x0, 0xef, 0xf6,
    0xbf, 0x40, 0x1e, 0xff, 0xd1, 0x4f, 0xff, 0xc0,
    0x0, 0x0, 0x0, 0x0, 0xef, 0xff, 0xff, 0xb0,
    0x4, 0xff, 0xfe, 0xff, 0xfe, 0x10, 0x0, 0x0,
    0x0, 0x0, 0xef, 0xff, 0xff, 0x70, 0x0, 0x6f,
    0xff, 0xff, 0xf3, 0x0, 0x0, 0x0, 0x0, 0x1,
    0xff, 0xff, 0xf5, 0x0, 0x1, 0x8f, 0xff, 0xff,
    0xe6, 0x0, 0x0, 0x0, 0x0, 0xb, 0xff, 0xfe,
    0x30, 0x16, 0xbf, 0xff, 0xff, 0xff, 0xff, 0xf9,
    0x40, 0x0, 0x0, 0x1e, 0xff, 0xd1, 0x2e, 0xff,
    0xff, 0xff, 0xe6, 0xbf, 0xff, 0xff, 0xff, 0xa0,
    0x0, 0x4, 0xfb, 0x0, 0xb, 0xff, 0xff, 0xd6,
    0x0, 0x4, 0xcf, 0xff, 0xff, 0x20, 0x0, 0x0,
    0x70, 0x0, 0x3, 0xfd, 0x93, 0x0, 0x0, 0x0,
    0x3, 0x9e, 0xf7, 0x0, 0x0, 0x0, 0x0, 0x0,
    0x0, 0x20, 0x0, 0x0, 0x0, 0x0, 0x0, 0x0,
    0x30, 0x0,

    /* U+95F4 "间" */
    0x0, 0x2, 0x10, 0x0, 0x0, 0x0, 0x0, 0x0,
    0x0, 0x0, 0x0, 0x0, 0x0, 0x1, 0x8f, 0xc0,
    0x0, 0x23, 0x33, 0x33, 0x33, 0x33, 0x33, 0x33,
    0x33, 0x30, 0x4, 0xff, 0xfb, 0x0, 0xbf, 0xff,
    0xff, 0xff, 0xff, 0xff, 0xff, 0xff, 0xf4, 0x0,
    0x4f, 0xff, 0x70, 0xbf, 0xff, 0xff, 0xff, 0xff,
    0xff, 0xff, 0xff, 0xf4, 0x0, 0x7, 0xff, 0xf1,
    0xbf, 0xff, 0xff, 0xff, 0xff, 0xff, 0xff, 0xff,
    0xf4, 0x0, 0x0, 0xbb, 0x30, 0x0, 0x0, 0x0,
    0x0, 0x0, 0x0, 0x3, 0xff, 0xf4, 0x8, 0x88,
    0x40, 0x0, 0x0, 0x0, 0x0, 0x0, 0x0, 0x0,
    0x3, 0xff, 0xf4, 0xf, 0xff, 0x70, 0x0, 0x0,
    0x0, 0x0, 0x0, 0x0, 0x0, 0x3, 0xff, 0xf4,
    0xf, 0xff, 0x70, 0xd, 0xff, 0xff, 0xff, 0xff,
    0xff, 0xe0, 0x3, 0xff, 0xf4, 0xf, 0xff, 0x70,
    0xe, 0xff, 0xff, 0xff, 0xff, 0xff, 0xe0, 0x3,
    0xff, 0xf4, 0xf, 0xff, 0x70, 0xe, 0xff, 0xcb,
    0xbb, 0xbc, 0xff, 0xe0, 0x3, 0xff, 0xf4, 0xf,
    0xff, 0x70, 0xe, 0xff, 0x10, 0x0, 0x3, 0xff,
    0xe0, 0x3, 0xff, 0xf4, 0xf, 0xff, 0x70, 0xe,
    0xff, 0x10, 0x0, 0x3, 0xff, 0xe0, 0x3, 0xff,
    0xf4, 0xf, 0xff, 0x70, 0xe, 0xff, 0xaa, 0xaa,
    0xab, 0xff, 0xe0, 0x3, 0xff, 0xf4, 0xf, 0xff,
    0x70, 0xe, 0xff, 0xff, 0xff, 0xff, 0xff, 0xe0,
    0x3, 0xff, 0xf4, 0xf, 0xff, 0x70, 0xe, 0xff,
    0xff, 0xff, 0xff, 0xff, 0xe0, 0x3, 0xff, 0xf4,
    0xf, 0xff, 0x70, 0xe, 0xff, 0x20, 0x0, 0x4,
    0xff, 0xe0, 0x3, 0xff, 0xf4, 0xf, 0xff, 0x70,
    0xe, 0xff, 0x10, 0x0, 0x3, 0xff, 0xe0, 0x3,
    0xff, 0xf4, 0xf, 0xff, 0x70, 0xe, 0xff, 0x20,
    0x0, 0x4, 0xff, 0xe0, 0x3, 0xff, 0xf4, 0xf,
    0xff, 0x70, 0xe, 0xff, 0xff, 0xff, 0xff, 0xff,
    0xe0, 0x3, 0xff, 0xf4, 0xf, 0xff, 0x70, 0xe,
    0xff, 0xff, 0xff, 0xff, 0xff, 0xe0, 0x3, 0xff,
    0xf4, 0xf, 0xff, 0x70, 0x9, 0xaa, 0xaa, 0xaa,
    0xaa, 0xaa, 0x90, 0x3, 0xff, 0xf4, 0xf, 0xff,
    0x70, 0x0, 0x0, 0x0, 0x0, 0x0, 0x0, 0x0,
    0x3, 0xff, 0xf4, 0xf, 0xff, 0x70, 0x0, 0x0,
    0x0, 0x0, 0x0, 0x0, 0xa, 0xff, 0xff, 0xf3,
    0xf, 0xff, 0x70, 0x0, 0x0, 0x0, 0x0, 0x0,
    0x0, 0x4, 0xff, 0xff, 0xe0, 0xf, 0xff, 0x70,
    0x0, 0x0, 0x0, 0x0, 0x0, 0x0, 0x0, 0xff,
    0xea, 0x20
};


/*---------------------
 *  GLYPH DESCRIPTION
 *--------------------*/

static const lv_font_fmt_txt_glyph_dsc_t glyph_dsc[] = {
    {.bitmap_index = 0, .adv_w = 0, .box_w = 0, .box_h = 0, .ofs_x = 0, .ofs_y = 0} /* id = 0 reserved */,
    {.bitmap_index = 0, .adv_w = 224, .box_w = 0, .box_h = 0, .ofs_x = 0, .ofs_y = 0},
    {.bitmap_index = 0, .adv_w = 224, .box_w = 6, .box_h = 21, .ofs_x = 4, .ofs_y = 0},
    {.bitmap_index = 63, .adv_w = 224, .box_w = 10, .box_h = 10, .ofs_x = 2, .ofs_y = 13},
    {.bitmap_index = 113, .adv_w = 224, .box_w = 14, .box_h = 20, .ofs_x = 0, .ofs_y = 1},
    {.bitmap_index = 253, .adv_w = 224, .box_w = 14, .box_h = 21, .ofs_x = 0, .ofs_y = 0},
    {.bitmap_index = 400, .adv_w = 224, .box_w = 13, .box_h = 21, .ofs_x = 1, .ofs_y = 0},
    {.bitmap_index = 537, .adv_w = 224, .box_w = 10, .box_h = 29, .ofs_x = 2, .ofs_y = -5},
    {.bitmap_index = 682, .adv_w = 224, .box_w = 10, .box_h = 29, .ofs_x = 2, .ofs_y = -5},
    {.bitmap_index = 827, .adv_w = 224, .box_w = 14, .box_h = 12, .ofs_x = 0, .ofs_y = 11},
    {.bitmap_index = 911, .adv_w = 224, .box_w = 12, .box_h = 12, .ofs_x = 1, .ofs_y = 4},
    {.bitmap_index = 983, .adv_w = 224, .box_w = 7, .box_h = 12, .ofs_x = 3, .ofs_y = -6},
    {.bitmap_index = 1025, .adv_w = 224, .box_w = 12, .box_h = 3, .ofs_x = 1, .ofs_y = 8},
    {.bitmap_index = 1043, .adv_w = 224, .box_w = 6, .box_h = 6, .ofs_x = 4, .ofs_y = 0},
    {.bitmap_index = 1061, .adv_w = 224, .box_w = 12, .box_h = 28, .ofs_x = 1, .ofs_y = -4},
    {.bitmap_index = 1229, .adv_w = 224, .box_w = 12, .box_h = 21, .ofs_x = 1, .ofs_y = 0},
    {.bitmap_index = 1355, .adv_w = 224, .box_w = 9, .box_h = 21, .ofs_x = 1, .ofs_y = 0},
    {.bitmap_index = 1450, .adv_w = 224, .box_w = 12, .box_h = 21, .ofs_x = 1, .ofs_y = 0},
    {.bitmap_index = 1576, .adv_w = 224, .box_w = 12, .box_h = 21, .ofs_x = 1, .ofs_y = 0},
    {.bitmap_index = 1702, .adv_w = 224, .box_w = 12, .box_h = 21, .ofs_x = 1, .ofs_y = 0},
    {.bitmap_index = 1828, .adv_w = 224, .box_w = 12, .box_h = 21, .ofs_x = 1, .ofs_y = 0},
    {.bitmap_index = 1954, .adv_w = 224, .box_w = 12, .box_h = 21, .ofs_x = 1, .ofs_y = 0},
    {.bitmap_index = 2080, .adv_w = 224, .box_w = 12, .box_h = 21, .ofs_x = 1, .ofs_y = 0},
    {.bitmap_index = 2206, .adv_w = 224, .box_w = 12, .box_h = 21, .ofs_x = 1, .ofs_y = 0},
    {.bitmap_index = 2332, .adv_w = 224, .box_w = 12, .box_h = 21, .ofs_x = 1, .ofs_y = 0},
    {.bitmap_index = 2458, .adv_w = 224, .box_w = 6, .box_h = 15, .ofs_x = 4, .ofs_y = 0},
    {.bitmap_index = 2503, .adv_w = 224, .box_w = 7, .box_h = 21, .ofs_x = 3, .ofs_y = -6},
    {.bitmap_index = 2577, .adv_w = 224, .box_w = 13, .box_h = 17, .ofs_x = 1, .ofs_y = 1},
    {.bitmap_index = 2688, .adv_w = 224, .box_w = 12, .box_h = 8, .ofs_x = 1, .ofs_y = 6},
    {.bitmap_index = 2736, .adv_w = 224, .box_w = 13, .box_h = 17, .ofs_x = 0, .ofs_y = 1},
    {.bitmap_index = 2847, .adv_w = 224, .box_w = 12, .box_h = 21, .ofs_x = 1, .ofs_y = 0},
    {.bitmap_index = 2973, .adv_w = 224, .box_w = 12, .box_h = 21, .ofs_x = 1, .ofs_y = 0},
    {.bitmap_index = 3099, .adv_w = 224, .box_w = 12, .box_h = 21, .ofs_x = 1, .ofs_y = 0},
    {.bitmap_index = 3225, .adv_w = 224, .box_w = 12, .box_h = 21, .ofs_x = 1, .ofs_y = 0},
    {.bitmap_index = 3351, .adv_w = 224, .box_w = 12, .box_h = 21, .ofs_x = 1, .ofs_y = 0},
    {.bitmap_index = 3477, .adv_w = 224, .box_w = 11, .box_h = 21, .ofs_x = 2, .ofs_y = 0},
    {.bitmap_index = 3593, .adv_w = 224, .box_w = 12, .box_h = 21, .ofs_x = 1, .ofs_y = 0},
    {.bitmap_index = 3719, .adv_w = 224, .box_w = 12, .box_h = 21, .ofs_x = 1, .ofs_y = 0},
    {.bitmap_index = 3845, .adv_w = 224, .box_w = 10, .box_h = 21, .ofs_x = 2, .ofs_y = 0},
    {.bitmap_index = 3950, .adv_w = 224, .box_w = 11, .box_h = 21, .ofs_x = 1, .ofs_y = 0},
    {.bitmap_index = 4066, .adv_w = 224, .box_w = 11, .box_h = 21, .ofs_x = 2, .ofs_y = 0},
    {.bitmap_index = 4182, .adv_w = 224, .box_w = 11, .box_h = 21, .ofs_x = 2, .ofs_y = 0},
    {.bitmap_index = 4298, .adv_w = 224, .box_w = 12, .box_h = 21, .ofs_x = 1, .ofs_y = 0},
    {.bitmap_index = 4424, .adv_w = 224, .box_w = 12, .box_h = 21, .ofs_x = 1, .ofs_y = 0},
    {.bitmap_index = 4550, .adv_w = 224, .box_w = 12, .box_h = 21, .ofs_x = 1, .ofs_y = 0},
    {.bitmap_index = 4676, .adv_w = 224, .box_w = 11, .box_h = 21, .ofs_x = 2, .ofs_y = 0},
    {.bitmap_index = 4792, .adv_w = 224, .box_w = 13, .box_h = 21, .ofs_x = 1, .ofs_y = 0},
    {.bitmap_index = 4929, .adv_w = 224, .box_w = 12, .box_h = 21, .ofs_x = 1, .ofs_y = 0},
    {.bitmap_index = 5055, .adv_w = 224, .box_w = 12, .box_h = 21, .ofs_x = 1, .ofs_y = 0},
    {.bitmap_index = 5181, .adv_w = 224, .box_w = 12, .box_h = 21, .ofs_x = 1, .ofs_y = 0},
    {.bitmap_index = 5307, .adv_w = 224, .box_w = 12, .box_h = 21, .ofs_x = 1, .ofs_y = 0},
    {.bitmap_index = 5433, .adv_w = 224, .box_w = 14, .box_h = 21, .ofs_x = 0, .ofs_y = 0},
    {.bitmap_index = 5580, .adv_w = 224, .box_w = 12, .box_h = 21, .ofs_x = 1, .ofs_y = 0},
    {.bitmap_index = 5706, .adv_w = 224, .box_w = 14, .box_h = 21, .ofs_x = 0, .ofs_y = 0},
    {.bitmap_index = 5853, .adv_w = 224, .box_w = 9, .box_h = 28, .ofs_x = 3, .ofs_y = -4},
    {.bitmap_index = 5979, .adv_w = 224, .box_w = 12, .box_h = 28, .ofs_x = 1, .ofs_y = -4},
    {.bitmap_index = 6147, .adv_w = 224, .box_w = 9, .box_h = 28, .ofs_x = 2, .ofs_y = -4},
    {.bitmap_index = 6273, .adv_w = 224, .box_w = 12, .box_h = 3, .ofs_x = 1, .ofs_y = -3},
    {.bitmap_index = 6291, .adv_w = 224, .box_w = 12, .box_h = 15, .ofs_x = 1, .ofs_y = 0},
    {.bitmap_index = 6381, .adv_w = 224, .box_w = 12, .box_h = 21, .ofs_x = 1, .ofs_y = 0},
    {.bitmap_index = 6507, .adv_w = 224, .box_w = 12, .box_h = 15, .ofs_x = 1, .ofs_y = 0},
    {.bitmap_index = 6597, .adv_w = 224, .box_w = 12, .box_h = 21, .ofs_x = 1, .ofs_y = 0},
    {.bitmap_index = 6723, .adv_w = 224, .box_w = 12, .box_h = 15, .ofs_x = 1, .ofs_y = 0},
    {.bitmap_index = 6813, .adv_w = 224, .box_w = 12, .box_h = 21, .ofs_x = 1, .ofs_y = 0},
    {.bitmap_index = 6939, .adv_w = 224, .box_w = 12, .box_h = 21, .ofs_x = 1, .ofs_y = -6},
    {.bitmap_index = 7065, .adv_w = 224, .box_w = 12, .box_h = 21, .ofs_x = 1, .ofs_y = 0},
    {.bitmap_index = 7191, .adv_w = 224, .box_w = 10, .box_h = 21, .ofs_x = 2, .ofs_y = 0},
    {.bitmap_index = 7296, .adv_w = 224, .box_w = 11, .box_h = 27, .ofs_x = 0, .ofs_y = -6},
    {.bitmap_index = 7445, .adv_w = 224, .box_w = 11, .box_h = 21, .ofs_x = 2, .ofs_y = 0},
    {.bitmap_index = 7561, .adv_w = 224, .box_w = 10, .box_h = 21, .ofs_x = 2, .ofs_y = 0},
    {.bitmap_index = 7666, .adv_w = 224, .box_w = 12, .box_h = 15, .ofs_x = 1, .ofs_y = 0},
    {.bitmap_index = 7756, .adv_w = 224, .box_w = 12, .box_h = 15, .ofs_x = 1, .ofs_y = 0},
    {.bitmap_index = 7846, .adv_w = 224, .box_w = 12, .box_h = 15, .ofs_x = 1, .ofs_y = 0},
    {.bitmap_index = 7936, .adv_w = 224, .box_w = 12, .box_h = 21, .ofs_x = 1, .ofs_y = -6},
    {.bitmap_index = 8062, .adv_w = 224, .box_w = 10, .box_h = 15, .ofs_x = 3, .ofs_y = 0},
    {.bitmap_index = 8137, .adv_w = 224, .box_w = 12, .box_h = 15, .ofs_x = 1, .ofs_y = 0},
    {.bitmap_index = 8227, .adv_w = 224, .box_w = 13, .box_h = 21, .ofs_x = 1, .ofs_y = 0},
    {.bitmap_index = 8364, .adv_w = 224, .box_w = 12, .box_h = 15, .ofs_x = 1, .ofs_y = 0},
    {.bitmap_index = 8454, .adv_w = 224, .box_w = 12, .box_h = 15, .ofs_x = 1, .ofs_y = 0},
    {.bitmap_index = 8544, .adv_w = 224, .box_w = 14, .box_h = 15, .ofs_x = 0, .ofs_y = 0},
    {.bitmap_index = 8649, .adv_w = 224, .box_w = 12, .box_h = 15, .ofs_x = 1, .ofs_y = 0},
    {.bitmap_index = 8739, .adv_w = 224, .box_w = 12, .box_h = 21, .ofs_x = 1, .ofs_y = -6},
    {.bitmap_index = 8865, .adv_w = 224, .box_w = 12, .box_h = 15, .ofs_x = 1, .ofs_y = 0},
    {.bitmap_index = 8955, .adv_w = 224, .box_w = 10, .box_h = 28, .ofs_x = 2, .ofs_y = -4},
    {.bitmap_index = 9095, .adv_w = 224, .box_w = 10, .box_h = 28, .ofs_x = 2, .ofs_y = -4},
    {.bitmap_index = 9235, .adv_w = 448, .box_w = 26, .box_h = 24, .ofs_x = 1, .ofs_y = -2},
    {.bitmap_index = 9547, .adv_w = 448, .box_w = 25, .box_h = 26, .ofs_x = 1, .ofs_y = -2},
    {.bitmap_index = 9872, .adv_w = 448, .box_w = 26, .box_h = 28, .ofs_x = 1, .ofs_y = -3},
    {.bitmap_index = 10236, .adv_w = 448, .box_w = 26, .box_h = 27, .ofs_x = 1, .ofs_y = -2},
    {.bitmap_index = 10587, .adv_w = 448, .box_w = 26, .box_h = 27, .ofs_x = 1, .ofs_y = -3},
    {.bitmap_index = 10938, .adv_w = 448, .box_w = 28, .box_h = 25, .ofs_x = 0, .ofs_y = -2},
    {.bitmap_index = 11288, .adv_w = 448, .box_w = 25, .box_h = 25, .ofs_x = 2, .ofs_y = -2},
    {.bitmap_index = 11601, .adv_w = 448, .box_w = 26, .box_h = 26, .ofs_x = 1, .ofs_y = -2},
    {.bitmap_index = 11939, .adv_w = 448, .box_w = 28, .box_h = 28, .ofs_x = 0, .ofs_y = -3},
    {.bitmap_index = 12331, .adv_w = 448, .box_w = 27, .box_h = 27, .ofs_x = 1, .ofs_y = -3},
    {.bitmap_index = 12696, .adv_w = 448, .box_w = 28, .box_h = 28, .ofs_x = 0, .ofs_y = -3},
    {.bitmap_index = 13088, .adv_w = 448, .box_w = 28, .box_h = 26, .ofs_x = 0, .ofs_y = -2},
    {.bitmap_index = 13452, .adv_w = 448, .box_w = 27, .box_h = 26, .ofs_x = 0, .ofs_y = -3},
    {.bitmap_index = 13803, .adv_w = 448, .box_w = 28, .box_h = 27, .ofs_x = 0, .ofs_y = -3},
    {.bitmap_index = 14181, .adv_w = 448, .box_w = 28, .box_h = 27, .ofs_x = 0, .ofs_y = -3},
    {.bitmap_index = 14559, .adv_w = 448, .box_w = 24, .box_h = 26, .ofs_x = 2, .ofs_y = -2},
    {.bitmap_index = 14871, .adv_w = 448, .box_w = 26, .box_h = 26, .ofs_x = 1, .ofs_y = -2},
    {.bitmap_index = 15209, .adv_w = 448, .box_w = 28, .box_h = 26, .ofs_x = 0, .ofs_y = -2},
    {.bitmap_index = 15573, .adv_w = 448, .box_w = 27, .box_h = 26, .ofs_x = 1, .ofs_y = -2},
    {.bitmap_index = 15924, .adv_w = 448, .box_w = 28, .box_h = 27, .ofs_x = 0, .ofs_y = -3},
    {.bitmap_index = 16302, .adv_w = 448, .box_w = 28, .box_h = 26, .ofs_x = 0, .ofs_y = -2},
    {.bitmap_index = 16666, .adv_w = 448, .box_w = 28, .box_h = 27, .ofs_x = 0, .ofs_y = -3},
    {.bitmap_index = 17044, .adv_w = 448, .box_w = 28, .box_h = 27, .ofs_x = 0, .ofs_y = -3},
    {.bitmap_index = 17422, .adv_w = 448, .box_w = 26, .box_h = 27, .ofs_x = 1, .ofs_y = -2},
    {.bitmap_index = 17773, .adv_w = 448, .box_w = 28, .box_h = 26, .ofs_x = 0, .ofs_y = -2},
    {.bitmap_index = 18137, .adv_w = 448, .box_w = 27, .box_h = 27, .ofs_x = 0, .ofs_y = -3},
    {.bitmap_index = 18502, .adv_w = 448, .box_w = 26, .box_h = 25, .ofs_x = 1, .ofs_y = -2},
    {.bitmap_index = 18827, .adv_w = 448, .box_w = 25, .box_h = 27, .ofs_x = 1, .ofs_y = -3},
    {.bitmap_index = 19165, .adv_w = 448, .box_w = 28, .box_h = 27, .ofs_x = 0, .ofs_y = -3},
    {.bitmap_index = 19543, .adv_w = 448, .box_w = 26, .box_h = 26, .ofs_x = 1, .ofs_y = -2}
};

/*---------------------
 *  CHARACTER MAPPING
 *--------------------*/

static const uint8_t glyph_id_ofs_list_0[] = {
    0, 1, 2, 3, 0, 4, 5, 0,
    6, 7, 8, 9, 10, 11, 12, 13,
    14, 15, 16, 17, 18, 19, 20, 21,
    22, 23, 24, 25, 26, 27, 28, 0,
    0, 29, 30, 31, 32, 33, 34, 35,
    36, 37, 38, 39, 40, 41, 42, 43,
    44, 0, 45, 46, 47, 48, 49, 50,
    51, 52, 0, 53, 54, 55, 0, 56,
    0, 57, 58, 59, 60, 61, 62, 63,
    64, 65, 66, 67, 68, 69, 70, 71,
    72, 0, 73, 74, 75, 76, 77, 78,
    79, 80, 81, 82
};

static const uint16_t unicode_list_1[] = {
    0x0, 0x4d8e, 0x4dbd, 0x4e31, 0x51d0, 0x522b, 0x55eb, 0x5689,
    0x56a2, 0x5867, 0x58aa, 0x5b3c, 0x5b92, 0x5bd2, 0x5dd8, 0x5e29,
    0x5ed6, 0x61ce, 0x6284, 0x6579, 0x6aa4, 0x6bb7, 0x6cca, 0x6e02,
    0x7677, 0x7955, 0x7e70, 0x7ef1, 0x8955, 0x8b41, 0x9577
};

/*Collect the unicode lists and glyph_id offsets*/
static const lv_font_fmt_txt_cmap_t cmaps[] =
{
    {
        .range_start = 32, .range_length = 92, .glyph_id_start = 1,
        .unicode_list = NULL, .glyph_id_ofs_list = glyph_id_ofs_list_0, .list_length = 92, .type = LV_FONT_FMT_TXT_CMAP_FORMAT0_FULL
    },
    {
        .range_start = 125, .range_length = 38264, .glyph_id_start = 84,
        .unicode_list = unicode_list_1, .glyph_id_ofs_list = NULL, .list_length = 31, .type = LV_FONT_FMT_TXT_CMAP_SPARSE_TINY
    }
};



/*--------------------
 *  ALL CUSTOM DATA
 *--------------------*/

#if LVGL_VERSION_MAJOR == 8
/*Store all the custom data of the font*/
static  lv_font_fmt_txt_glyph_cache_t cache;
#endif

#if LVGL_VERSION_MAJOR >= 8
static const lv_font_fmt_txt_dsc_t font_dsc = {
#else
static lv_font_fmt_txt_dsc_t font_dsc = {
#endif
    .glyph_bitmap = glyph_bitmap,
    .glyph_dsc = glyph_dsc,
    .cmaps = cmaps,
    .kern_dsc = NULL,
    .kern_scale = 0,
    .cmap_num = 2,
    .bpp = 4,
    .kern_classes = 0,
    .bitmap_format = 0,
#if LVGL_VERSION_MAJOR == 8
    .cache = &cache
#endif
};



/*-----------------
 *  PUBLIC FONT
 *----------------*/

/*Initialize a public general font descriptor*/
#if LVGL_VERSION_MAJOR >= 8
const lv_font_t font_big = {
#else
lv_font_t font_big = {
#endif
    .get_glyph_dsc = lv_font_get_glyph_dsc_fmt_txt,    /*Function pointer to get glyph's data*/
    .get_glyph_bitmap = lv_font_get_bitmap_fmt_txt,    /*Function pointer to get glyph's bitmap*/
    .line_height = 31,          /*The maximum line height required by the font*/
    .base_line = 6,             /*Baseline measured from the bottom of the line*/
#if !(LVGL_VERSION_MAJOR == 6 && LVGL_VERSION_MINOR == 0)
    .subpx = LV_FONT_SUBPX_NONE,
#endif
#if LV_VERSION_CHECK(7, 4, 0) || LVGL_VERSION_MAJOR >= 8
    .underline_position = -1,
    .underline_thickness = 1,
#endif
    .dsc = &font_dsc,          /*The custom font data. Will be accessed by `get_glyph_bitmap/dsc` */
#if LV_VERSION_CHECK(8, 2, 0) || LVGL_VERSION_MAJOR >= 9
    .fallback = NULL,
#endif
    .user_data = NULL,
};



#endif /*#if FONT_BIG*/

